{"lowlevel.spectral_centroid.mean": [0.3970663249492645], "lowlevel.spectral_contrast.mean": [[0.8020869493484497, 1.2204488515853882, 1.4491288661956787, 0.42472338676452637, 0.3375234603881836, 0.4002799987792969]], "lowlevel.dissonance.mean": [-0.24274927377700806], "lowlevel.hfc.mean": [0.48701179027557373], "lowlevel.mfcc.mean": [[0.6701363325119019, 0.47721752524375916, 0.7229739427566528, 0.07053437829017639, -0.3492128849029541, -0.3456874489784241, -0.09505712985992432, 0.2702547013759613, 0.43443500995635986, 0.48821213841438293, 0.3844349980354309, 0.28487056493759155, 0.09841039776802063]], "sfx.logattacktime.mean": [0.3776008188724518], "sfx.inharmonicity.mean": [0.4475688338279724]}