{"lowlevel.spectral_centroid.mean": [0.6571489572525024], "lowlevel.spectral_contrast.mean": [[0.58233642578125, 0.20568227767944336, 0.23320627212524414, 0.2867281436920166, 0.4751098155975342, 0.6892423629760742]], "lowlevel.dissonance.mean": [0.7090984582901001], "lowlevel.hfc.mean": [0.46626096963882446], "lowlevel.mfcc.mean": [[0.1485443115234375, 0.18770906329154968, 0.6955745220184326, 0.6361386179924011, 0.9002521634101868, 0.868201494216919, 0.664283037185669, 1.1148866415023804, 0.8514008522033691, 0.7133544087409973, 0.6699181199073792, 1.018998384475708, 0.5052098035812378]], "sfx.logattacktime.mean": [0.641416609287262], "sfx.inharmonicity.mean": [0.4058590531349182]}