{"lowlevel.spectral_centroid.mean": [0.4725525975227356], "lowlevel.spectral_contrast.mean": [[0.3956034183502197, 0.7234570980072021, 1.2467153072357178, 1.2458901405334473, 1.2179300785064697, 0.8494653701782227]], "lowlevel.dissonance.mean": [0.33653295040130615], "lowlevel.hfc.mean": [0.48643040657043457], "lowlevel.mfcc.mean": [[0.5942140817642212, 0.21838268637657166, 0.12208959460258484, 0.24106097221374512, -0.028155505657196045, 0.027096807956695557, 0.16084283590316772, 0.2530277371406555, 0.5570282340049744, 0.38905078172683716, 0.024166911840438843, 0.06350329518318176, 0.5192607045173645]], "sfx.logattacktime.mean": [0.8600589036941528], "sfx.inharmonicity.mean": [0.5158584713935852]}