{"lowlevel.spectral_centroid.mean": [0.42219293117523193], "lowlevel.spectral_contrast.mean": [[0.8633022904396057, 0.714370846748352, 0.5039973258972168, 0.539849042892456, 0.6041584014892578, 1.3653686046600342]], "lowlevel.dissonance.mean": [0.6232131719589233], "lowlevel.hfc.mean": [0.5601485371589661], "lowlevel.mfcc.mean": [[1.0314022302627563, 0.7875239849090576, 0.12186229228973389, 1.2034363746643066, 0.2075594961643219, 0.5826622247695923, 0.43769705295562744, 0.3305998742580414, 0.37888103723526, 0.35017526149749756, 0.3567906618118286, 0.5130679607391357, 0.34260064363479614]], "sfx.logattacktime.mean": [0.4112616777420044], "sfx.inharmonicity.mean": [0.5053753852844238]}