{"lowlevel.spectral_centroid.mean": [0.7223261594772339], "lowlevel.spectral_contrast.mean": [[0.53209388256073, 0.20188236236572266, 0.23491358757019043, 0.25549745559692383, 0.3893134593963623, 0.9387826919555664]], "lowlevel.dissonance.mean": [0.682093620300293], "lowlevel.hfc.mean": [0.5367684364318848], "lowlevel.mfcc.mean": [[0.2021639347076416, 0.10201063752174377, 0.6642836332321167, 0.7014265060424805, 0.5112026333808899, 0.8780491352081299, 1.0863748788833618, 0.2441810816526413, 1.3390836715698242, 0.3893046975135803, 0.6805928945541382, 1.0674777030944824, 0.3906952142715454]], "sfx.logattacktime.mean": [0.515976071357727], "sfx.inharmonicity.mean": [0.7088898420333862]}