{"lowlevel.spectral_centroid.mean": [0.3658828139305115], "lowlevel.spectral_contrast.mean": [[0.7339573502540588, 0.743679404258728, 0.9439204931259155, 0.854090690612793, 0.6376533508300781, 0.4109020233154297]], "lowlevel.dissonance.mean": [0.4664071798324585], "lowlevel.hfc.mean": [0.47334054112434387], "lowlevel.mfcc.mean": [[0.7231991291046143, 0.9452749490737915, 0.2808300256729126, -0.02127566933631897, 0.19220459461212158, 0.1891774833202362, 0.10637158155441284, 0.19083988666534424, 0.03898295760154724, -0.01803988218307495, 0.0885080099105835, 0.3376172184944153, 0.5797193050384521]], "sfx.logattacktime.mean": [0.7893617153167725], "sfx.inharmonicity.mean": [0.8056459426879883]}