{"lowlevel.spectral_centroid.mean": [0.894706130027771], "lowlevel.spectral_contrast.mean": [[0.23840343952178955, 0.14192092418670654, 0.6155455112457275, 0.5463922023773193, 0.3252530097961426, 0.3261682987213135]], "lowlevel.dissonance.mean": [0.4209843873977661], "lowlevel.hfc.mean": [0.48376575112342834], "lowlevel.mfcc.mean": [[0.17549586296081543, 0.29799115657806396, 0.30768829584121704, -0.03236570954322815, 0.35849976539611816, 0.5137141346931458, 0.7225065231323242, 0.49616649746894836, 0.26916980743408203, 0.08606788516044617, 0.3864173889160156, 0.6822904348373413, 0.7425200939178467]], "sfx.logattacktime.mean": [0.35602229833602905], "sfx.inharmonicity.mean": [0.8755909204483032]}