{"lowlevel.spectral_centroid.mean": [1.6099931001663208], "lowlevel.spectral_contrast.mean": [[0.3117893934249878, 0.4801969528198242, 0.30785226821899414, 0.425945520401001, 0.7220110893249512, 0.4346499443054199]], "lowlevel.dissonance.mean": [0.6872389316558838], "lowlevel.hfc.mean": [0.46956777572631836], "lowlevel.mfcc.mean": [[0.37189531326293945, 0.3435368239879608, 0.307699054479599, 0.14755742251873016, 0.6434613466262817, 0.2995140850543976, -0.10258013010025024, 0.3340432047843933, 0.32745081186294556, 0.3591010570526123, 0.65330570936203, 0.4669618010520935, 0.48760029673576355]], "sfx.logattacktime.mean": [0.5910515189170837], "sfx.inharmonicity.mean": [0.7676863670349121]}