{"lowlevel.spectral_centroid.mean": [0.3613213896751404], "lowlevel.spectral_contrast.mean": [[0.31016993522644043, 0.5360021591186523, 0.5673444271087646, 0.5591559410095215, 0.5436301231384277, 0.5045018196105957]], "lowlevel.dissonance.mean": [0.5033009052276611], "lowlevel.hfc.mean": [0.46594753861427307], "lowlevel.mfcc.mean": [[0.3908243179321289, 0.6722750663757324, 0.47045132517814636, 0.5533509850502014, 0.5349559187889099, 0.5329158902168274, 0.4335605204105377, 0.35790371894836426, 0.38615864515304565, 0.4106147587299347, 0.5377838015556335, 0.6226576566696167, 0.6129983067512512]], "sfx.logattacktime.mean": [0.9438613653182983], "sfx.inharmonicity.mean": [0.6982941627502441]}