{"lowlevel.spectral_centroid.mean": [0.39037832617759705], "lowlevel.spectral_contrast.mean": [[0.4264390468597412, 0.32731306552886963, 0.9131451845169067, 0.39986371994018555, 0.515357494354248, 0.4548683166503906]], "lowlevel.dissonance.mean": [0.41244447231292725], "lowlevel.hfc.mean": [0.46681129932403564], "lowlevel.mfcc.mean": [[0.2702134847640991, 0.37594306468963623, 0.3352726697921753, 0.27719658613204956, 0.06307342648506165, -0.036427587270736694, 0.15253353118896484, 0.33950352668762207, 0.657268226146698, 0.6166408061981201, 0.24300730228424072, -0.04626196622848511, -0.0022014975547790527]], "sfx.logattacktime.mean": [0.2586038112640381], "sfx.inharmonicity.mean": [0.34436285495758057]}