{"lowlevel.spectral_centroid.mean": [0.9278322458267212], "lowlevel.spectral_contrast.mean": [[0.07488799095153809, 0.14002585411071777, 0.18098735809326172, 0.6088554859161377, 0.5929892063140869, 0.41370511054992676]], "lowlevel.dissonance.mean": [0.7121293544769287], "lowlevel.hfc.mean": [0.4692397713661194], "lowlevel.mfcc.mean": [[-0.09222912788391113, 0.10766546428203583, 0.41696858406066895, 0.3921511173248291, 0.5004401206970215, 0.5639879107475281, 0.6439650654792786, 0.2565196752548218, 0.19749927520751953, 0.7902989983558655, 0.6337031722068787, 0.36496368050575256, 0.5880099534988403]], "sfx.logattacktime.mean": [0.2482055127620697], "sfx.inharmonicity.mean": [1.08560311794281]}