{"lowlevel.spectral_centroid.mean": [0.7765219211578369], "lowlevel.spectral_contrast.mean": [[0.3233400583267212, 0.3260829448699951, 0.3594202995300293, 0.44538307189941406, 0.4993152618408203, 0.5103521347045898]], "lowlevel.dissonance.mean": [0.7434537410736084], "lowlevel.hfc.mean": [0.4684334695339203], "lowlevel.mfcc.mean": [[0.7655289173126221, 0.1029956042766571, 0.21883711218833923, 0.3427915871143341, 0.3965555429458618, 0.17673903703689575, 0.10658130049705505, 0.25104910135269165, 0.21845507621765137, 0.45348823070526123, 0.43429553508758545, 0.42670005559921265, 0.33199721574783325]], "sfx.logattacktime.mean": [0.8019062876701355], "sfx.inharmonicity.mean": [1.1169430017471313]}