{"lowlevel.spectral_centroid.mean": [0.34863999485969543], "lowlevel.spectral_contrast.mean": [[0.5171467065811157, 0.3962305784225464, 0.409775972366333, 0.4464902877807617, 0.4315376281738281, 0.40558290481567383]], "lowlevel.dissonance.mean": [0.55760657787323], "lowlevel.hfc.mean": [0.46712443232536316], "lowlevel.mfcc.mean": [[0.4073904752731323, 0.710452675819397, 0.5463671684265137, 0.4843997359275818, 0.5992563366889954, 0.596565842628479, 0.5959615707397461, 0.5007927417755127, 0.5231286287307739, 0.5097326636314392, 0.4890519976615906, 0.39385414123535156, 0.3648984432220459]], "sfx.logattacktime.mean": [0.6633086204528809], "sfx.inharmonicity.mean": [0.3445568382740021]}