{"lowlevel.spectral_centroid.mean": [0.6793427467346191], "lowlevel.spectral_contrast.mean": [[0.4631105661392212, 0.19656634330749512, 0.6832051277160645, 0.3057997226715088, 0.9223916530609131, 1.0500595569610596]], "lowlevel.dissonance.mean": [0.6238305568695068], "lowlevel.hfc.mean": [0.4788665175437927], "lowlevel.mfcc.mean": [[0.2618359327316284, 0.0598011389374733, 0.5805279016494751, 0.6052106618881226, 0.41524216532707214, 0.8911139369010925, 1.0466656684875488, 1.2777559757232666, 0.7213295698165894, 0.23287168145179749, 0.5995417237281799, 0.47965526580810547, 0.7307412624359131]], "sfx.logattacktime.mean": [0.5618872046470642], "sfx.inharmonicity.mean": [0.5365369915962219]}