{"lowlevel.spectral_centroid.mean": [0.5258487462997437], "lowlevel.spectral_contrast.mean": [[0.5136712789535522, 0.506578803062439, 0.4484529495239258, 0.4297342300415039, 0.3904554843902588, 0.3341813087463379]], "lowlevel.dissonance.mean": [0.3940235376358032], "lowlevel.hfc.mean": [0.4651276171207428], "lowlevel.mfcc.mean": [[0.2686305046081543, 0.5516462326049805, 0.526547372341156, 0.37115973234176636, 0.5157691836357117, 0.3372637927532196, 0.31250739097595215, 0.326241135597229, 0.4615996181964874, 0.46950244903564453, 0.41800442337989807, 0.3803487718105316, 0.3693974018096924]], "sfx.logattacktime.mean": [0.5234447717666626], "sfx.inharmonicity.mean": [0.5012067556381226]}