{"lowlevel.spectral_centroid.mean": [0.47929924726486206], "lowlevel.spectral_contrast.mean": [[0.21581554412841797, 0.9411981105804443, 1.108971357345581, 1.4046038389205933, 0.4364290237426758, 0.39536046981811523]], "lowlevel.dissonance.mean": [0.31954824924468994], "lowlevel.hfc.mean": [0.494261234998703], "lowlevel.mfcc.mean": [[0.6417841911315918, 0.317404180765152, 0.21014216542243958, -0.38261938095092773, 0.04796278476715088, 0.6064424514770508, 0.5196622014045715, 0.18306106328964233, 0.011068582534790039, 0.2207341194152832, 0.5035634636878967, 0.8429566621780396, 0.9466813802719116]], "sfx.logattacktime.mean": [0.2909151315689087], "sfx.inharmonicity.mean": [0.45015570521354675]}