{"lowlevel.spectral_centroid.mean": [0.4227581024169922], "lowlevel.spectral_contrast.mean": [[0.1609097719192505, 1.2227487564086914, 1.3520758152008057, 1.3077645301818848, 0.9899928569793701, 0.5711219310760498]], "lowlevel.dissonance.mean": [0.39951586723327637], "lowlevel.hfc.mean": [0.47725602984428406], "lowlevel.mfcc.mean": [[0.5261495113372803, 0.5127154588699341, -0.3453194200992584, -0.01084136962890625, 0.1932239532470703, 0.08062952756881714, 0.05692446231842041, -0.07455581426620483, -0.05270504951477051, -0.08147299289703369, 0.4415604770183563, 0.36588937044143677, 0.5396972894668579]], "sfx.logattacktime.mean": [0.44892460107803345], "sfx.inharmonicity.mean": [1.6054418087005615]}