{"lowlevel.spectral_centroid.mean": [0.434666246175766], "lowlevel.spectral_contrast.mean": [[0.2542436122894287, 0.2295241355895996, 1.3491346836090088, 0.4095265865325928, 0.9975271224975586, 0.43928074836730957]], "lowlevel.dissonance.mean": [0.04413414001464844], "lowlevel.hfc.mean": [0.4749702215194702], "lowlevel.mfcc.mean": [[0.2292776107788086, 0.28499165177345276, 0.32371389865875244, 0.23685014247894287, 0.3139679431915283, 0.4875015914440155, 0.8487635850906372, 1.2452335357666016, 1.4585480690002441, 0.7592251300811768, -0.5574547648429871, -0.442656934261322, 0.75518798828125]], "sfx.logattacktime.mean": [0.1920568346977234], "sfx.inharmonicity.mean": [0.507240891456604]}