{"lowlevel.spectral_centroid.mean": [0.3585944175720215], "lowlevel.spectral_contrast.mean": [[0.46691179275512695, 0.455047607421875, 0.2180478572845459, 0.34855031967163086, 0.4449582099914551, 0.3919398784637451]], "lowlevel.dissonance.mean": [0.6073150634765625], "lowlevel.hfc.mean": [0.46622323989868164], "lowlevel.mfcc.mean": [[0.11367309093475342, 0.23513659834861755, 0.47226256132125854, 0.5840457677841187, 0.6926757097244263, 0.4152781665325165, 0.46635061502456665, 0.7140922546386719, 0.8851675391197205, 0.9042913317680359, 1.0005486011505127, 0.9870909452438354, 0.8542410135269165]], "sfx.logattacktime.mean": [0.29717713594436646], "sfx.inharmonicity.mean": [0.466712087392807]}