{"lowlevel.spectral_centroid.mean": [0.30920737981796265], "lowlevel.spectral_contrast.mean": [[0.528877854347229, 0.38784992694854736, 0.4175088405609131, 0.5253324508666992, 0.35554957389831543, 0.3884592056274414]], "lowlevel.dissonance.mean": [0.5678054094314575], "lowlevel.hfc.mean": [0.47475236654281616], "lowlevel.mfcc.mean": [[0.5388706922531128, 0.8116888999938965, 0.6830343008041382, 0.4622724950313568, 0.6238813996315002, 0.8230295181274414, 0.796453595161438, 0.7031445503234863, 0.4267217814922333, 0.5874919891357422, 0.46189481019973755, 0.7485339641571045, 0.5985549092292786]], "sfx.logattacktime.mean": [0.5166993737220764], "sfx.inharmonicity.mean": [0.8133044242858887]}