{"lowlevel.spectral_centroid.mean": [0.4613058567047119], "lowlevel.spectral_contrast.mean": [[0.4833502769470215, 0.5352948904037476, 0.6071580648422241, 0.6980865001678467, 0.750786542892456, 0.7151424884796143]], "lowlevel.dissonance.mean": [0.6717796325683594], "lowlevel.hfc.mean": [0.4929061830043793], "lowlevel.mfcc.mean": [[0.6957148313522339, 0.5635912418365479, 0.06588542461395264, -0.10409039258956909, 0.47789567708969116, 0.4475860893726349, 0.540630578994751, -0.029799282550811768, 0.8538929224014282, 0.13068628311157227, 0.3831917941570282, 0.2223348617553711, 0.19984546303749084]], "sfx.logattacktime.mean": [0.3941461145877838], "sfx.inharmonicity.mean": [0.673940122127533]}