{"lowlevel.spectral_centroid.mean": [0.33097702264785767], "lowlevel.spectral_contrast.mean": [[0.37245309352874756, 0.5643235445022583, 0.47779178619384766, 0.5157434940338135, 0.49709200859069824, 0.6155827045440674]], "lowlevel.dissonance.mean": [0.4081237316131592], "lowlevel.hfc.mean": [0.47036269307136536], "lowlevel.mfcc.mean": [[0.4040648937225342, 0.8679863214492798, 0.4850601553916931, 0.7382427453994751, 0.5619457364082336, 0.5833448171615601, 0.3285568356513977, 0.4175366461277008, 0.5848817825317383, 0.6630512475967407, 0.6880947351455688, 0.5245855450630188, 0.7671711444854736]], "sfx.logattacktime.mean": [0.23804959654808044], "sfx.inharmonicity.mean": [0.5042635202407837]}