{"lowlevel.spectral_centroid.mean": [0.6832037568092346], "lowlevel.spectral_contrast.mean": [[0.150221586227417, 0.24635136127471924, 1.1810259819030762, 0.7833422422409058, 0.9469614028930664, 0.8079812526702881]], "lowlevel.dissonance.mean": [0.36026453971862793], "lowlevel.hfc.mean": [0.4757803678512573], "lowlevel.mfcc.mean": [[0.22318816184997559, 0.047851502895355225, 0.23842959105968475, 0.3609452247619629, 0.22214701771736145, 0.43672114610671997, 0.7992933988571167, 1.1085131168365479, 0.5979913473129272, -0.0175246000289917, -0.043291330337524414, -0.1006731390953064, 0.7913370132446289]], "sfx.logattacktime.mean": [0.28879281878471375], "sfx.inharmonicity.mean": [0.5571242570877075]}