{"lowlevel.spectral_centroid.mean": [0.3593278229236603], "lowlevel.spectral_contrast.mean": [[0.3638392686843872, 1.5709221363067627, 1.6392828226089478, 1.4623044729232788, 1.3051502704620361, 0.7215821743011475]], "lowlevel.dissonance.mean": [0.016090035438537598], "lowlevel.hfc.mean": [0.47211161255836487], "lowlevel.mfcc.mean": [[0.5314795970916748, 0.6843034029006958, 0.02099710702896118, 0.1949799805879593, 0.3785966634750366, 0.20073238015174866, 0.07031697034835815, -0.009354263544082642, 0.25970518589019775, 0.2474537193775177, 0.003175675868988037, -0.18742573261260986, 0.28584468364715576]], "sfx.logattacktime.mean": [0.35890698432922363], "sfx.inharmonicity.mean": [0.18932846188545227]}