{"lowlevel.spectral_centroid.mean": [0.40657421946525574], "lowlevel.spectral_contrast.mean": [[0.4582939147949219, 1.4976539611816406, 1.7805743217468262, 1.1745795011520386, 1.5214577913284302, 0.790679931640625]], "lowlevel.dissonance.mean": [0.13762009143829346], "lowlevel.hfc.mean": [0.6177470684051514], "lowlevel.mfcc.mean": [[0.787570595741272, 0.39053767919540405, -0.021262526512145996, 0.5358414649963379, 0.004060983657836914, 0.1947149634361267, 0.8457391262054443, 0.7049797773361206, 0.2329869270324707, 0.7272489070892334, 1.0222841501235962, 1.6480532884597778, 1.6467535495758057]], "sfx.logattacktime.mean": [0.6392934918403625], "sfx.inharmonicity.mean": [0.4209348261356354]}