{"lowlevel.spectral_centroid.mean": [0.3311741352081299], "lowlevel.spectral_contrast.mean": [[1.2846119403839111, 1.0335415601730347, 0.6650807857513428, 0.5231928825378418, 0.4872291088104248, 0.34580087661743164]], "lowlevel.dissonance.mean": [-0.3764230012893677], "lowlevel.hfc.mean": [0.4751538038253784], "lowlevel.mfcc.mean": [[0.38813602924346924, 0.706642746925354, 0.7996048927307129, 0.8437953591346741, 0.6416273713111877, 0.3280431628227234, 0.1198345422744751, 0.05223894119262695, 0.15118476748466492, 0.1580471694469452, 0.06989902257919312, -0.13178527355194092, -0.1628170609474182]], "sfx.logattacktime.mean": [0.6597557067871094], "sfx.inharmonicity.mean": [1.1514242887496948]}