{"lowlevel.spectral_centroid.mean": [0.3081861138343811], "lowlevel.spectral_contrast.mean": [[0.4976074695587158, 0.4055006504058838, 0.3037378787994385, 0.3187539577484131, 0.2756514549255371, 0.31452488899230957]], "lowlevel.dissonance.mean": [0.4573092460632324], "lowlevel.hfc.mean": [0.46514782309532166], "lowlevel.mfcc.mean": [[0.2565023899078369, 0.6272505521774292, 0.9173470735549927, 0.8215097188949585, 0.7933060526847839, 0.7218932509422302, 0.7118399739265442, 0.5986369848251343, 0.5265398621559143, 0.44001638889312744, 0.4612705111503601, 0.4060245156288147, 0.32628530263900757]], "sfx.logattacktime.mean": [0.6790905594825745], "sfx.inharmonicity.mean": [0.22961696982383728]}