{"lowlevel.spectral_centroid.mean": [0.5667834281921387], "lowlevel.spectral_contrast.mean": [[0.2673388719558716, 0.5786778926849365, 0.7499905824661255, 0.941482424736023, 0.6834461688995361, 0.9004740715026855]], "lowlevel.dissonance.mean": [0.6319111585617065], "lowlevel.hfc.mean": [0.5374220609664917], "lowlevel.mfcc.mean": [[0.7175668478012085, 0.4612501859664917, -0.07597038149833679, 0.4292025864124298, 0.07948654890060425, 0.6034143567085266, 0.7582581043243408, 0.5201002359390259, 0.3424500823020935, 0.33631545305252075, 0.7281001210212708, 0.40232235193252563, 0.49633559584617615]], "sfx.logattacktime.mean": [0.38065117597579956], "sfx.inharmonicity.mean": [0.9068419933319092]}