{"lowlevel.spectral_centroid.mean": [0.33812248706817627], "lowlevel.spectral_contrast.mean": [[0.7205352187156677, 0.9260910749435425, 1.0226970911026, 0.7690223455429077, 0.7269742488861084, 0.3904850482940674]], "lowlevel.dissonance.mean": [0.22805356979370117], "lowlevel.hfc.mean": [0.47865942120552063], "lowlevel.mfcc.mean": [[0.7404270172119141, 0.9907041788101196, 0.6158714294433594, 0.3265182375907898, 0.5642727017402649, 0.2809603214263916, 0.2234286367893219, 0.39222246408462524, 0.6674838066101074, 0.6634748578071594, 0.4815935790538788, 0.3045991063117981, 0.27832794189453125]], "sfx.logattacktime.mean": [0.732522189617157], "sfx.inharmonicity.mean": [0.3174147307872772]}