{"lowlevel.spectral_centroid.mean": [0.36559438705444336], "lowlevel.spectral_contrast.mean": [[0.3301917314529419, 1.0733710527420044, 0.7104429006576538, 0.5330796241760254, 0.4126620292663574, 0.3443913459777832]], "lowlevel.dissonance.mean": [-0.009048938751220703], "lowlevel.hfc.mean": [0.47472789883613586], "lowlevel.mfcc.mean": [[0.28821754455566406, 0.605610191822052, 0.6290141344070435, 0.4008634090423584, 0.5134239792823792, 0.3518870770931244, 0.2995220124721527, 0.28746744990348816, 0.2182142436504364, 0.09976798295974731, 0.25963157415390015, 0.6105234026908875, 0.7112240791320801]], "sfx.logattacktime.mean": [0.2757832407951355], "sfx.inharmonicity.mean": [0.20641961693763733]}