{"lowlevel.spectral_centroid.mean": [0.5127242207527161], "lowlevel.spectral_contrast.mean": [[0.360660195350647, 0.36678779125213623, 0.4886035919189453, 0.5159897804260254, 0.587561845779419, 1.002753496170044]], "lowlevel.dissonance.mean": [0.7259436845779419], "lowlevel.hfc.mean": [0.4770090579986572], "lowlevel.mfcc.mean": [[0.9232437610626221, 0.5061646699905396, 0.146226704120636, 0.7288616895675659, 0.3494109511375427, 0.6737815141677856, 0.4506945312023163, 0.44725340604782104, 0.4644957482814789, 0.20416739583015442, 0.5326007008552551, 0.16973087191581726, 0.5052443742752075]], "sfx.logattacktime.mean": [0.560096800327301], "sfx.inharmonicity.mean": [1.32820463180542]}