{"lowlevel.spectral_centroid.mean": [0.3903961181640625], "lowlevel.spectral_contrast.mean": [[0.7724146246910095, 1.312365174293518, 0.7874687910079956, 0.3494901657104492, 0.32324767112731934, 0.37980008125305176]], "lowlevel.dissonance.mean": [-0.26179754734039307], "lowlevel.hfc.mean": [0.47482389211654663], "lowlevel.mfcc.mean": [[0.5842587947845459, 0.4786478579044342, 0.797488808631897, 0.20633617043495178, -0.2825124263763428, -0.4082590341567993, -0.24676549434661865, 0.1265537142753601, 0.3832961320877075, 0.5388894081115723, 0.47671249508857727, 0.3635450601577759, 0.21774086356163025]], "sfx.logattacktime.mean": [0.23876091837882996], "sfx.inharmonicity.mean": [0.3433360457420349]}