{"lowlevel.spectral_centroid.mean": [0.4334498643875122], "lowlevel.spectral_contrast.mean": [[0.5259319543838501, 0.33105993270874023, 1.4229686260223389, 0.8890835046768188, 1.10467529296875, 0.8460853099822998]], "lowlevel.dissonance.mean": [0.3247652053833008], "lowlevel.hfc.mean": [0.49035051465034485], "lowlevel.mfcc.mean": [[0.6838177442550659, 0.32583731412887573, 0.30189722776412964, 0.3839546740055084, 0.28991079330444336, 0.39668944478034973, 0.7319896221160889, 1.3573036193847656, 1.1141939163208008, 0.622665524482727, 0.16676631569862366, -0.17721658945083618, 0.6947713494300842]], "sfx.logattacktime.mean": [0.3924897611141205], "sfx.inharmonicity.mean": [0.36156603693962097]}