{"lowlevel.spectral_centroid.mean": [0.4315343201160431], "lowlevel.spectral_contrast.mean": [[0.9259715676307678, 1.0205984115600586, 1.2240828275680542, 1.1036375761032104, 0.9319827556610107, 0.5294942855834961]], "lowlevel.dissonance.mean": [0.48678016662597656], "lowlevel.hfc.mean": [0.4758290946483612], "lowlevel.mfcc.mean": [[0.5265194177627563, 0.5725852251052856, -0.29938021302223206, -0.04368138313293457, 0.28723469376564026, 0.1575072705745697, 0.28003671765327454, 0.08125922083854675, -0.06939530372619629, -0.1790819764137268, -0.09760040044784546, -0.06791234016418457, 0.2639918327331543]], "sfx.logattacktime.mean": [0.47514674067497253], "sfx.inharmonicity.mean": [0.4174203872680664]}