{"lowlevel.spectral_centroid.mean": [0.42573118209838867], "lowlevel.spectral_contrast.mean": [[0.429601788520813, 0.2954387664794922, 1.4831068515777588, 0.6941225528717041, 1.1995004415512085, 0.7500612735748291]], "lowlevel.dissonance.mean": [0.17293274402618408], "lowlevel.hfc.mean": [0.508610725402832], "lowlevel.mfcc.mean": [[0.5658502578735352, 0.3258271813392639, 0.25097617506980896, 0.2584625482559204, 0.3647877275943756, 0.5854686498641968, 1.0162217617034912, 1.3025143146514893, 0.3280349373817444, -0.19650578498840332, -0.2650851011276245, 0.9758351445198059, 2.014254570007324]], "sfx.logattacktime.mean": [0.39941102266311646], "sfx.inharmonicity.mean": [0.5701414942741394]}