{"lowlevel.spectral_centroid.mean": [0.3647423982620239], "lowlevel.spectral_contrast.mean": [[0.4354745149612427, 1.5871562957763672, 1.3179892301559448, 1.213340401649475, 1.2218666076660156, 0.7637689113616943]], "lowlevel.dissonance.mean": [-0.021372854709625244], "lowlevel.hfc.mean": [0.6006356477737427], "lowlevel.mfcc.mean": [[0.7200062274932861, 0.4909018576145172, 0.16155123710632324, 0.5064776539802551, 0.043492287397384644, 0.03314897418022156, 0.25523000955581665, 0.7172480821609497, 0.8982874751091003, 0.9546353816986084, 1.4380412101745605, 1.5099056959152222, 1.218242883682251]], "sfx.logattacktime.mean": [0.5245225429534912], "sfx.inharmonicity.mean": [0.40062153339385986]}