{"lowlevel.spectral_centroid.mean": [0.3288020193576813], "lowlevel.spectral_contrast.mean": [[0.6997107267379761, 0.6669754981994629, 0.558019757270813, 0.4309654235839844, 0.42385220527648926, 0.3231666088104248]], "lowlevel.dissonance.mean": [0.45120322704315186], "lowlevel.hfc.mean": [0.468742698431015], "lowlevel.mfcc.mean": [[0.4475829601287842, 0.8785728216171265, 0.7837293744087219, 0.6316896080970764, 0.6662068367004395, 0.4925844669342041, 0.3352140784263611, 0.44266700744628906, 0.5669317245483398, 0.4330548048019409, 0.21065562963485718, 0.10542437434196472, 0.3005443215370178]], "sfx.logattacktime.mean": [0.7430768013000488], "sfx.inharmonicity.mean": [0.25191622972488403]}