{"lowlevel.spectral_centroid.mean": [0.3152284324169159], "lowlevel.spectral_contrast.mean": [[1.0007445812225342, 0.8697751760482788, 0.7788057327270508, 0.8079779148101807, 0.7949693202972412, 0.6006238460540771]], "lowlevel.dissonance.mean": [0.15525245666503906], "lowlevel.hfc.mean": [0.4733763039112091], "lowlevel.mfcc.mean": [[0.6663687229156494, 0.9892007112503052, 0.6286129951477051, 0.7098776698112488, 0.5266485214233398, 0.45191115140914917, 0.5158315896987915, 0.45893558859825134, 0.4576990604400635, 0.3934997618198395, 0.5173150300979614, 0.5791456699371338, 0.47317636013031006]], "sfx.logattacktime.mean": [0.7155742645263672], "sfx.inharmonicity.mean": [0.2793433368206024]}