{"lowlevel.spectral_centroid.mean": [0.3070995807647705], "lowlevel.spectral_contrast.mean": [[0.2605506181716919, 0.38934361934661865, 0.45402681827545166, 0.36734795570373535, 0.3043203353881836, 0.2709541320800781]], "lowlevel.dissonance.mean": [0.23704266548156738], "lowlevel.hfc.mean": [0.46511444449424744], "lowlevel.mfcc.mean": [[0.27808666229248047, 0.7452636957168579, 1.0154478549957275, 0.7202838659286499, 0.6024962067604065, 0.5407903790473938, 0.5700677633285522, 0.49452048540115356, 0.48619428277015686, 0.46241578459739685, 0.5062715411186218, 0.48701784014701843, 0.4835139513015747]], "sfx.logattacktime.mean": [0.39347031712532043], "sfx.inharmonicity.mean": [0.2072664350271225]}