{"lowlevel.spectral_centroid.mean": [1.0917974710464478], "lowlevel.spectral_contrast.mean": [[0.2926037311553955, 0.3993654251098633, 0.4521223306655884, 0.287905216217041, 0.22311997413635254, 0.18839120864868164]], "lowlevel.dissonance.mean": [0.3575173616409302], "lowlevel.hfc.mean": [0.4717411994934082], "lowlevel.mfcc.mean": [[0.22779393196105957, 0.4865942895412445, 0.5534210205078125, 0.3385199010372162, 0.3545396029949188, 0.34766948223114014, 0.39959973096847534, 0.34413525462150574, 0.5086836218833923, 0.5621175169944763, 0.5848690271377563, 0.44199123978614807, 0.33528363704681396]], "sfx.logattacktime.mean": [0.3287506103515625], "sfx.inharmonicity.mean": [0.9173160791397095]}