{"lowlevel.spectral_centroid.mean": [0.34065741300582886], "lowlevel.spectral_contrast.mean": [[0.9362548589706421, 0.8053144216537476, 0.7248581647872925, 0.7451705932617188, 0.7632064819335938, 0.3842954635620117]], "lowlevel.dissonance.mean": [0.40112364292144775], "lowlevel.hfc.mean": [0.4735254943370819], "lowlevel.mfcc.mean": [[0.6257343292236328, 1.0780326128005981, 0.3709283471107483, 0.2380390763282776, 0.42956921458244324, -0.022404462099075317, 0.11410048604011536, 0.06877779960632324, 0.06843912601470947, 0.14072182774543762, 0.1284012794494629, 0.20028308033943176, 0.25364595651626587]], "sfx.logattacktime.mean": [0.6514092683792114], "sfx.inharmonicity.mean": [0.403911828994751]}