{"lowlevel.spectral_centroid.mean": [0.3383086621761322], "lowlevel.spectral_contrast.mean": [[0.685649037361145, 0.8307809829711914, 0.8278180360794067, 0.7584241628646851, 0.7004785537719727, 0.460892915725708]], "lowlevel.dissonance.mean": [0.3497300148010254], "lowlevel.hfc.mean": [0.4807159900665283], "lowlevel.mfcc.mean": [[0.8303350210189819, 0.7637821435928345, 0.606724739074707, 0.44330281019210815, 0.47629809379577637, 0.2713879346847534, 0.18929767608642578, 0.3833692669868469, 0.31028562784194946, 0.2456737607717514, 0.2895457148551941, 0.20740941166877747, 0.602004885673523]], "sfx.logattacktime.mean": [0.6723615527153015], "sfx.inharmonicity.mean": [0.9480290412902832]}