{"lowlevel.spectral_centroid.mean": [0.4106450080871582], "lowlevel.spectral_contrast.mean": [[0.7393442988395691, 0.6144829988479614, 0.5576943159103394, 0.4985542297363281, 0.6118812561035156, 0.6933166980743408]], "lowlevel.dissonance.mean": [0.660559892654419], "lowlevel.hfc.mean": [0.5943344235420227], "lowlevel.mfcc.mean": [[1.1624634265899658, 0.4285218417644501, 0.6511437892913818, 0.7566367387771606, 0.4939182996749878, 0.5893283486366272, 0.5243996977806091, 0.3695255219936371, 0.534228503704071, 0.42876356840133667, 0.432068407535553, 0.5127553939819336, 0.42323192954063416]], "sfx.logattacktime.mean": [0.2972738444805145], "sfx.inharmonicity.mean": [0.5507721900939941]}