{"lowlevel.spectral_centroid.mean": [0.6107867956161499], "lowlevel.spectral_contrast.mean": [[0.45904815196990967, 0.3634767532348633, 0.34519100189208984, 0.3461415767669678, 0.3661332130432129, 0.44544553756713867]], "lowlevel.dissonance.mean": [0.6971209049224854], "lowlevel.hfc.mean": [0.46653032302856445], "lowlevel.mfcc.mean": [[0.629947304725647, 0.3781664967536926, 0.5398166179656982, 0.6071283221244812, 0.4104483127593994, 0.4941980838775635, 0.4096791744232178, 0.33340805768966675, 0.3388284146785736, 0.30914565920829773, 0.3895503282546997, 0.3786625862121582, 0.3670603036880493]], "sfx.logattacktime.mean": [0.37782493233680725], "sfx.inharmonicity.mean": [0.5453112721443176]}