{"lowlevel.spectral_centroid.mean": [0.35588449239730835], "lowlevel.spectral_contrast.mean": [[0.3927193880081177, 0.22252190113067627, 0.7408924102783203, 0.22056031227111816, 0.32390809059143066, 0.28682374954223633]], "lowlevel.dissonance.mean": [0.2859804630279541], "lowlevel.hfc.mean": [0.4653697609901428], "lowlevel.mfcc.mean": [[0.11222219467163086, 0.26813116669654846, 0.5532351136207581, 0.4532719552516937, 0.587264895439148, 0.7702746391296387, 1.054938793182373, 1.0195587873458862, 0.7523537874221802, 0.35343438386917114, 0.3146626949310303, 0.7915933728218079, 0.9715234041213989]], "sfx.logattacktime.mean": [0.2297287881374359], "sfx.inharmonicity.mean": [0.3657115697860718]}