{"lowlevel.spectral_centroid.mean": [0.3890765905380249], "lowlevel.spectral_contrast.mean": [[0.898190438747406, 0.6519119739532471, 0.404083251953125, 0.3849613666534424, 0.39917969703674316, 0.4259786605834961]], "lowlevel.dissonance.mean": [0.227647066116333], "lowlevel.hfc.mean": [0.47406747937202454], "lowlevel.mfcc.mean": [[0.42496705055236816, 0.6050006151199341, 0.6820238828659058, 0.8759150505065918, 0.6737068295478821, 0.44422781467437744, 0.2785355746746063, 0.188746839761734, 0.2708801031112671, 0.24501894414424896, 0.14139598608016968, 0.04517081379890442, 0.1187300980091095]], "sfx.logattacktime.mean": [0.6183406114578247], "sfx.inharmonicity.mean": [0.3342161476612091]}