{"lowlevel.spectral_centroid.mean": [0.4490627646446228], "lowlevel.spectral_contrast.mean": [[0.32277238368988037, 0.7516787052154541, 1.2146110534667969, 0.9744815826416016, 1.0694420337677002, 0.9557819366455078]], "lowlevel.dissonance.mean": [0.416729211807251], "lowlevel.hfc.mean": [0.4755330979824066], "lowlevel.mfcc.mean": [[0.6344578266143799, 0.23015108704566956, 0.04166260361671448, -0.10289362072944641, 0.18822789192199707, 0.2464047372341156, 0.430522620677948, 0.9890349507331848, 0.6662079095840454, 0.48093265295028687, 0.3992781341075897, 0.48310214281082153, 0.5720487833023071]], "sfx.logattacktime.mean": [0.3645264506340027], "sfx.inharmonicity.mean": [0.656326413154602]}