{"lowlevel.spectral_centroid.mean": [0.40877413749694824], "lowlevel.spectral_contrast.mean": [[0.2749173641204834, 1.0129046440124512, 1.033483862876892, 0.8681515455245972, 0.8617274761199951, 0.5353949069976807]], "lowlevel.dissonance.mean": [0.30901849269866943], "lowlevel.hfc.mean": [0.4756237268447876], "lowlevel.mfcc.mean": [[0.5856450796127319, 0.5027621388435364, 0.17028257250785828, 0.27291879057884216, 0.3579578399658203, 0.09311959147453308, 0.2572658956050873, 0.33803629875183105, 0.332682728767395, 0.31151604652404785, 0.6147514581680298, 0.7186079025268555, 0.8644682765007019]], "sfx.logattacktime.mean": [0.7068001627922058], "sfx.inharmonicity.mean": [0.385314017534256]}