{"lowlevel.spectral_centroid.mean": [0.7199475765228271], "lowlevel.spectral_contrast.mean": [[0.5399845838546753, 0.20459723472595215, 0.23813486099243164, 0.25850343704223633, 0.4104185104370117, 1.0052855014801025]], "lowlevel.dissonance.mean": [0.7160946130752563], "lowlevel.hfc.mean": [0.5438946485519409], "lowlevel.mfcc.mean": [[0.20558643341064453, 0.10436037182807922, 0.6683740019798279, 0.707902193069458, 0.5116833448410034, 0.8802103996276855, 1.1097339391708374, 0.2274336963891983, 1.3593391180038452, 0.38440653681755066, 0.6732388138771057, 1.0850763320922852, 0.3713899254798889]], "sfx.logattacktime.mean": [0.5160964131355286], "sfx.inharmonicity.mean": [0.8105047941207886]}