{"lowlevel.spectral_centroid.mean": [0.40403878688812256], "lowlevel.spectral_contrast.mean": [[0.40244174003601074, 0.34114837646484375, 0.46425724029541016, 0.4573814868927002, 0.4473123550415039, 0.6730923652648926]], "lowlevel.dissonance.mean": [0.7177177667617798], "lowlevel.hfc.mean": [0.4659755527973175], "lowlevel.mfcc.mean": [[0.7150853872299194, 0.5451020002365112, 0.3104388415813446, 0.4720268249511719, 0.41331756114959717, 0.9330627918243408, 0.5285189747810364, 0.7071467041969299, 0.5616345405578613, 0.3794972896575928, 0.6276935935020447, 0.3940388858318329, 0.8407691717147827]], "sfx.logattacktime.mean": [0.5674903392791748], "sfx.inharmonicity.mean": [0.5577592849731445]}