{"lowlevel.spectral_centroid.mean": [0.34551969170570374], "lowlevel.spectral_contrast.mean": [[0.4928637742996216, 0.3234701156616211, 0.32273077964782715, 0.5459213256835938, 0.3398933410644531, 0.33008241653442383]], "lowlevel.dissonance.mean": [0.6187618970870972], "lowlevel.hfc.mean": [0.4650864005088806], "lowlevel.mfcc.mean": [[0.1954021453857422, 0.4330202639102936, 0.6097733378410339, 0.5547283291816711, 0.7440653443336487, 0.9387226104736328, 1.0081944465637207, 0.6905229091644287, 0.5754379034042358, 0.5543143153190613, 0.8286536931991577, 0.9188581705093384, 0.5481500029563904]], "sfx.logattacktime.mean": [0.39326784014701843], "sfx.inharmonicity.mean": [0.2589430510997772]}