{"lowlevel.spectral_centroid.mean": [0.32900330424308777], "lowlevel.spectral_contrast.mean": [[0.3564704656600952, 0.7437435388565063, 0.56241774559021, 0.36702847480773926, 0.22803139686584473, 0.22943997383117676]], "lowlevel.dissonance.mean": [-0.31008660793304443], "lowlevel.hfc.mean": [0.4658438563346863], "lowlevel.mfcc.mean": [[0.08479797840118408, 0.7584294080734253, 0.9632460474967957, 0.6033755540847778, 0.37305307388305664, 0.1966075599193573, 0.1788407564163208, 0.13033494353294373, 0.20404377579689026, 0.3052661120891571, 0.4831790626049042, 0.5207639932632446, 0.4982590973377228]], "sfx.logattacktime.mean": [0.6593912243843079], "sfx.inharmonicity.mean": [0.38076090812683105]}