{"lowlevel.spectral_centroid.mean": [0.4068877696990967], "lowlevel.spectral_contrast.mean": [[0.5648250579833984, 0.8345081806182861, 0.9527179002761841, 0.9206486940383911, 0.909421443939209, 0.6025614738464355]], "lowlevel.dissonance.mean": [0.3847869634628296], "lowlevel.hfc.mean": [0.490227609872818], "lowlevel.mfcc.mean": [[0.6518195867538452, 0.8725045919418335, 0.11891108751296997, 0.10545825958251953, 0.17340058088302612, 0.10850715637207031, 0.29789382219314575, 0.32946786284446716, 0.4449504613876343, 0.4247061610221863, 0.4520726799964905, 0.39254966378211975, 0.401347279548645]], "sfx.logattacktime.mean": [0.8122245073318481], "sfx.inharmonicity.mean": [0.5156315565109253]}