{"lowlevel.spectral_centroid.mean": [0.6239981055259705], "lowlevel.spectral_contrast.mean": [[0.5483396053314209, 0.17874515056610107, 0.23620057106018066, 0.24839043617248535, 0.2587413787841797, 0.713571310043335]], "lowlevel.dissonance.mean": [0.7103744745254517], "lowlevel.hfc.mean": [0.5094548463821411], "lowlevel.mfcc.mean": [[0.17764019966125488, 0.13286547362804413, 0.6347365379333496, 0.5748674869537354, 0.5835363268852234, 1.0032103061676025, 0.5823959112167358, 0.985454261302948, 0.7347754240036011, 0.690361738204956, 1.005284309387207, 0.4519651532173157, 1.0291376113891602]], "sfx.logattacktime.mean": [0.5962371826171875], "sfx.inharmonicity.mean": [0.5782900452613831]}