{"lowlevel.spectral_centroid.mean": [0.44217821955680847], "lowlevel.spectral_contrast.mean": [[0.3260016441345215, 0.39248597621917725, 0.4442099332809448, 0.366624116897583, 0.3926835060119629, 0.42499661445617676]], "lowlevel.dissonance.mean": [0.669831395149231], "lowlevel.hfc.mean": [0.46541112661361694], "lowlevel.mfcc.mean": [[0.6479277610778809, 0.45123350620269775, 0.4565175771713257, 0.4494847059249878, 0.12830710411071777, 0.05347096920013428, 0.4142659604549408, 0.36870577931404114, 0.38308021426200867, 0.5124900341033936, 0.4582279324531555, 0.4081830084323883, 0.38536691665649414]], "sfx.logattacktime.mean": [0.6480167508125305], "sfx.inharmonicity.mean": [0.543688178062439]}