{"lowlevel.spectral_centroid.mean": [0.8617415428161621], "lowlevel.spectral_contrast.mean": [[0.323300838470459, 0.27050161361694336, 0.3138294219970703, 0.3200795650482178, 0.35582542419433594, 0.44960474967956543]], "lowlevel.dissonance.mean": [0.736045241355896], "lowlevel.hfc.mean": [0.4653336703777313], "lowlevel.mfcc.mean": [[0.5457183122634888, 0.1921062469482422, 0.3999735713005066, 0.49501338601112366, 0.29360896348953247, 0.44088825583457947, 0.3953154385089874, 0.3492486774921417, 0.35600271821022034, 0.33802691102027893, 0.4219890236854553, 0.4159979820251465, 0.41007477045059204]], "sfx.logattacktime.mean": [0.6426957845687866], "sfx.inharmonicity.mean": [1.0184190273284912]}