{"lowlevel.spectral_centroid.mean": [0.36172378063201904], "lowlevel.spectral_contrast.mean": [[0.48846864700317383, 0.4415252208709717, 0.2545151710510254, 0.20016908645629883, 0.16985654830932617, 0.20260190963745117]], "lowlevel.dissonance.mean": [0.31983065605163574], "lowlevel.hfc.mean": [0.4652179777622223], "lowlevel.mfcc.mean": [[0.15407633781433105, 0.43061238527297974, 0.7908624410629272, 0.7495021820068359, 0.8019354343414307, 0.742213249206543, 0.7284674644470215, 0.6328513026237488, 0.6262894868850708, 0.5937992334365845, 0.5875221490859985, 0.5455451011657715, 0.5402871370315552]], "sfx.logattacktime.mean": [0.23484370112419128], "sfx.inharmonicity.mean": [0.2652105689048767]}