{"lowlevel.spectral_centroid.mean": [0.3630783259868622], "lowlevel.spectral_contrast.mean": [[0.5234992504119873, 0.7249093055725098, 0.7306855916976929, 0.724218487739563, 0.794705867767334, 0.688485860824585]], "lowlevel.dissonance.mean": [0.41804957389831543], "lowlevel.hfc.mean": [0.47029709815979004], "lowlevel.mfcc.mean": [[0.6153134107589722, 0.8947865962982178, 0.29935726523399353, 0.39034363627433777, 0.3906099796295166, 0.3093584179878235, 0.403409868478775, 0.40963053703308105, 0.28421080112457275, 0.23252874612808228, 0.3333205580711365, 0.4203335642814636, 0.6107726693153381]], "sfx.logattacktime.mean": [0.805368185043335], "sfx.inharmonicity.mean": [0.42207515239715576]}