{"lowlevel.spectral_centroid.mean": [0.37982362508773804], "lowlevel.spectral_contrast.mean": [[0.5936797857284546, 0.4225209951400757, 0.3902137279510498, 0.22400903701782227, 0.17232251167297363, 0.21072626113891602]], "lowlevel.dissonance.mean": [-0.04613381624221802], "lowlevel.hfc.mean": [0.46519485116004944], "lowlevel.mfcc.mean": [[0.17314088344573975, 0.4679735004901886, 0.7953708171844482, 0.6852418780326843, 0.6905708909034729, 0.643707811832428, 0.6749100685119629, 0.6023017764091492, 0.5459423065185547, 0.4360346496105194, 0.4215186536312103, 0.391504168510437, 0.40958306193351746]], "sfx.logattacktime.mean": [0.24471557140350342], "sfx.inharmonicity.mean": [0.2314670979976654]}