{"lowlevel.spectral_centroid.mean": [0.7292560338973999], "lowlevel.spectral_contrast.mean": [[0.12352132797241211, 0.6119648218154907, 0.6112209558486938, 1.2683427333831787, 1.0330657958984375, 0.8742580413818359]], "lowlevel.dissonance.mean": [0.49233782291412354], "lowlevel.hfc.mean": [0.48684966564178467], "lowlevel.mfcc.mean": [[0.2789820432662964, -0.01878701150417328, 0.21863162517547607, 0.4108872413635254, 0.19903817772865295, 0.5997635722160339, 0.6947462558746338, 0.18433716893196106, 0.25323066115379333, 1.034034013748169, 0.9179379940032959, 0.8311666250228882, 0.8055036664009094]], "sfx.logattacktime.mean": [0.34721627831459045], "sfx.inharmonicity.mean": [0.6682331562042236]}