{"lowlevel.spectral_centroid.mean": [0.4702763557434082], "lowlevel.spectral_contrast.mean": [[0.2798806428909302, 0.2730121612548828, 0.6435329914093018, 1.2183176279067993, 0.30100417137145996, 0.33610963821411133]], "lowlevel.dissonance.mean": [0.43507540225982666], "lowlevel.hfc.mean": [0.48397180438041687], "lowlevel.mfcc.mean": [[0.42710602283477783, 0.46541789174079895, 0.39839914441108704, 0.12539345026016235, 0.5838441848754883, 0.8784232139587402, 0.699821949005127, 0.3813149034976959, 0.47501441836357117, 0.5649642944335938, 0.29286426305770874, -0.09568613767623901, 0.12338688969612122]], "sfx.logattacktime.mean": [0.4998740553855896], "sfx.inharmonicity.mean": [0.6009783744812012]}