{"lowlevel.spectral_centroid.mean": [0.6881268620491028], "lowlevel.spectral_contrast.mean": [[0.4953906536102295, 0.19464099407196045, 0.23545527458190918, 0.27274489402770996, 1.1696830987930298, 0.4895212650299072]], "lowlevel.dissonance.mean": [0.7265338897705078], "lowlevel.hfc.mean": [0.6460902690887451], "lowlevel.mfcc.mean": [[0.22690844535827637, 0.08955007046461105, 0.5593414306640625, 0.8477520942687988, 0.37070417404174805, 0.8483364582061768, 1.117344856262207, 0.19852450489997864, 1.132635235786438, 0.8683401346206665, 0.1931837499141693, 1.2383289337158203, 0.5516064167022705]], "sfx.logattacktime.mean": [0.5196007490158081], "sfx.inharmonicity.mean": [0.7582738399505615]}