{"lowlevel.spectral_centroid.mean": [0.3273857533931732], "lowlevel.spectral_contrast.mean": [[1.1220510005950928, 0.6562823057174683, 0.3986009359359741, 0.3262209892272949, 0.38806629180908203, 0.4070737361907959]], "lowlevel.dissonance.mean": [-0.0761420726776123], "lowlevel.hfc.mean": [0.4728199243545532], "lowlevel.mfcc.mean": [[0.40112531185150146, 0.6943680047988892, 0.8972551226615906, 1.1069223880767822, 0.9582907557487488, 0.7434141635894775, 0.6069667339324951, 0.520470917224884, 0.6176979541778564, 0.6908197402954102, 0.6274173259735107, 0.48377421498298645, 0.4595363438129425]], "sfx.logattacktime.mean": [0.7162560820579529], "sfx.inharmonicity.mean": [0.22403806447982788]}