{"lowlevel.spectral_centroid.mean": [0.3456249535083771], "lowlevel.spectral_contrast.mean": [[0.8545706868171692, 1.1237611770629883, 0.5545833110809326, 0.3532845973968506, 0.3686046600341797, 0.4218404293060303]], "lowlevel.dissonance.mean": [-0.13385009765625], "lowlevel.hfc.mean": [0.47183120250701904], "lowlevel.mfcc.mean": [[0.4395432472229004, 0.6674388647079468, 0.7541854977607727, 0.866621732711792, 0.554924726486206, 0.24160058796405792, 0.03686922788619995, -0.06052368879318237, 0.014381945133209229, -0.0027040839195251465, -0.052793145179748535, -0.05942130088806152, 0.16093474626541138]], "sfx.logattacktime.mean": [0.4062243402004242], "sfx.inharmonicity.mean": [0.34331509470939636]}