{"lowlevel.spectral_centroid.mean": [0.4518355429172516], "lowlevel.spectral_contrast.mean": [[0.44408905506134033, 0.31742632389068604, 1.591015100479126, 1.1776782274246216, 1.5738654136657715, 1.074233055114746]], "lowlevel.dissonance.mean": [0.30540263652801514], "lowlevel.hfc.mean": [0.5302536487579346], "lowlevel.mfcc.mean": [[0.7113025188446045, 0.19737359881401062, 0.17493456602096558, 0.5828288793563843, -0.035635530948638916, 0.4923143684864044, 0.529249906539917, 1.2179795503616333, 0.872342586517334, 0.4878806173801422, 0.6577904224395752, 0.06753870844841003, -0.31939828395843506]], "sfx.logattacktime.mean": [0.5254247188568115], "sfx.inharmonicity.mean": [0.3968779444694519]}