{"lowlevel.spectral_centroid.mean": [0.35448136925697327], "lowlevel.spectral_contrast.mean": [[1.2012494802474976, 0.7485991716384888, 0.7426512241363525, 0.6901856660842896, 0.6350913047790527, 0.595259428024292]], "lowlevel.dissonance.mean": [0.053196072578430176], "lowlevel.hfc.mean": [0.47947263717651367], "lowlevel.mfcc.mean": [[0.5552430152893066, 0.6161664724349976, 0.4921601712703705, 0.9170368909835815, 0.6367315053939819, 0.4398650527000427, 0.2383251190185547, 0.11968791484832764, 0.17090103030204773, 0.11033719778060913, -0.06648945808410645, -0.18225836753845215, -0.04965674877166748]], "sfx.logattacktime.mean": [0.49365824460983276], "sfx.inharmonicity.mean": [0.25544190406799316]}