{"lowlevel.spectral_centroid.mean": [0.41770389676094055], "lowlevel.spectral_contrast.mean": [[0.21126186847686768, 0.2911304235458374, 0.6728823184967041, 0.586773157119751, 0.4385559558868408, 0.594351053237915]], "lowlevel.dissonance.mean": [0.5327720642089844], "lowlevel.hfc.mean": [0.47439971566200256], "lowlevel.mfcc.mean": [[0.3209035396575928, 0.22941714525222778, 0.37110191583633423, 0.3823142945766449, 0.4634571671485901, 0.8830595016479492, 0.7219958305358887, 0.6577203869819641, 0.38276487588882446, 0.18644949793815613, 0.3390945494174957, 0.37750858068466187, 0.8251879811286926]], "sfx.logattacktime.mean": [0.47458338737487793], "sfx.inharmonicity.mean": [0.5139235258102417]}