{"lowlevel.spectral_centroid.mean": [0.4692894220352173], "lowlevel.spectral_contrast.mean": [[0.16370022296905518, 0.2512248754501343, 0.9428187608718872, 0.9201177358627319, 0.8328597545623779, 0.5679988861083984]], "lowlevel.dissonance.mean": [0.566126823425293], "lowlevel.hfc.mean": [0.5117633938789368], "lowlevel.mfcc.mean": [[0.36249589920043945, 0.11790182441473007, 0.005316287279129028, 0.2907474637031555, 0.227480947971344, 0.46534493565559387, 0.4695245623588562, 0.6422746777534485, 0.7312158942222595, 0.9508082866668701, 0.85114985704422, 0.19565042853355408, -0.2213088870048523]], "sfx.logattacktime.mean": [0.5105539560317993], "sfx.inharmonicity.mean": [0.5796859264373779]}