{"lowlevel.spectral_centroid.mean": [0.30986660718917847], "lowlevel.spectral_contrast.mean": [[0.3694714307785034, 0.5785590410232544, 0.3413970470428467, 0.18330717086791992, 0.161698579788208, 0.19341468811035156]], "lowlevel.dissonance.mean": [-0.13491392135620117], "lowlevel.hfc.mean": [0.46816501021385193], "lowlevel.mfcc.mean": [[0.24872338771820068, 0.6686463356018066, 0.9934420585632324, 0.9143858551979065, 0.9206128120422363, 0.7327405214309692, 0.6293823719024658, 0.5316421389579773, 0.5015407800674438, 0.4476529061794281, 0.4733809530735016, 0.439079225063324, 0.45545297861099243]], "sfx.logattacktime.mean": [0.19645735621452332], "sfx.inharmonicity.mean": [0.19926737248897552]}