{"lowlevel.spectral_centroid.mean": [0.4140373766422272], "lowlevel.spectral_contrast.mean": [[0.5475575923919678, 0.9696643352508545, 1.1739082336425781, 0.9666928052902222, 0.8379127979278564, 1.4127296209335327]], "lowlevel.dissonance.mean": [0.3957117795944214], "lowlevel.hfc.mean": [0.5035256743431091], "lowlevel.mfcc.mean": [[0.8019062280654907, 0.8322337865829468, -0.2943823039531708, 0.5614283084869385, 0.0072612464427948, -0.04677325487136841, 0.36472517251968384, -0.15774637460708618, 0.7667027711868286, -0.1694069504737854, -0.10336065292358398, 0.6294373869895935, 0.4264075756072998]], "sfx.logattacktime.mean": [0.3439539670944214], "sfx.inharmonicity.mean": [0.7854158878326416]}