{"lowlevel.spectral_centroid.mean": [0.33781394362449646], "lowlevel.spectral_contrast.mean": [[0.7909550070762634, 0.8478043079376221, 0.8522341251373291, 0.8868449926376343, 0.7618658542633057, 0.27776360511779785]], "lowlevel.dissonance.mean": [0.15035736560821533], "lowlevel.hfc.mean": [0.4669303596019745], "lowlevel.mfcc.mean": [[0.4966282844543457, 1.0290066003799438, 0.6370522379875183, 0.0747700035572052, 0.38481462001800537, 0.410847544670105, 0.28354549407958984, 0.17527517676353455, 0.2130725383758545, 0.21225029230117798, 0.2283412218093872, 0.19824433326721191, 0.31271272897720337]], "sfx.logattacktime.mean": [0.7963230609893799], "sfx.inharmonicity.mean": [0.38563770055770874]}