{"lowlevel.spectral_centroid.mean": [0.3369174897670746], "lowlevel.spectral_contrast.mean": [[0.4013092517852783, 0.511329174041748, 0.8097089529037476, 0.5786337852478027, 0.4562537670135498, 0.284804105758667]], "lowlevel.dissonance.mean": [0.18517529964447021], "lowlevel.hfc.mean": [0.4662734270095825], "lowlevel.mfcc.mean": [[0.24742436408996582, 0.9314256906509399, 0.6868009567260742, 0.29231059551239014, 0.3949335813522339, 0.4374101758003235, 0.402571439743042, 0.2707529664039612, 0.2923412322998047, 0.18498438596725464, 0.09234809875488281, 0.04801762104034424, 0.39829182624816895]], "sfx.logattacktime.mean": [0.29740262031555176], "sfx.inharmonicity.mean": [0.5050827264785767]}