{"lowlevel.spectral_centroid.mean": [0.3362119495868683], "lowlevel.spectral_contrast.mean": [[1.230528712272644, 1.3593969345092773, 1.310630440711975, 1.3136848211288452, 0.9751396179199219, 0.671403169631958]], "lowlevel.dissonance.mean": [0.19887328147888184], "lowlevel.hfc.mean": [0.5213239192962646], "lowlevel.mfcc.mean": [[0.7888749837875366, 0.7920193672180176, 0.08574166893959045, 0.42340606451034546, 0.07252898812294006, 0.17877435684204102, 0.26178157329559326, 0.1313077211380005, 0.14389324188232422, -0.034307122230529785, 0.24784260988235474, 0.5942777395248413, 0.12995001673698425]], "sfx.logattacktime.mean": [0.5481938123703003], "sfx.inharmonicity.mean": [0.27260226011276245]}