{"lowlevel.spectral_centroid.mean": [0.39696767926216125], "lowlevel.spectral_contrast.mean": [[0.29005300998687744, 0.3140603303909302, 1.1947542428970337, 0.6590063571929932, 0.5821306705474854, 0.3489258289337158]], "lowlevel.dissonance.mean": [-0.0027003884315490723], "lowlevel.hfc.mean": [0.48540639877319336], "lowlevel.mfcc.mean": [[0.2247239351272583, 0.43289873003959656, 0.5023185610771179, 0.36511972546577454, 0.4003404974937439, 0.3605656623840332, 0.5756855607032776, 0.8425791263580322, 1.0090951919555664, 0.9023822546005249, 0.5311551094055176, -0.024463951587677002, -0.3895794749259949]], "sfx.logattacktime.mean": [0.25074249505996704], "sfx.inharmonicity.mean": [0.31797492504119873]}