{"lowlevel.spectral_centroid.mean": [0.40842780470848083], "lowlevel.spectral_contrast.mean": [[0.20369088649749756, 1.427628755569458, 0.76348876953125, 1.0708316564559937, 0.7231943607330322, 0.3381345272064209]], "lowlevel.dissonance.mean": [-0.13829147815704346], "lowlevel.hfc.mean": [0.5836670398712158], "lowlevel.mfcc.mean": [[0.4533407688140869, 0.6121702194213867, 0.023472577333450317, -0.050934046506881714, 0.14516904950141907, -0.15673303604125977, -0.10017865896224976, 0.17626109719276428, 0.8107303380966187, 1.225927710533142, 1.11800217628479, 0.9725199937820435, 0.8208208680152893]], "sfx.logattacktime.mean": [0.44602757692337036], "sfx.inharmonicity.mean": [0.3128860592842102]}