{"lowlevel.spectral_centroid.mean": [0.36630162596702576], "lowlevel.spectral_contrast.mean": [[0.5534309148788452, 1.0469859838485718, 0.5042178630828857, 0.5532786846160889, 0.4100205898284912, 0.3457484245300293]], "lowlevel.dissonance.mean": [-0.01875448226928711], "lowlevel.hfc.mean": [0.47507360577583313], "lowlevel.mfcc.mean": [[0.2594263553619385, 0.5731186866760254, 0.6689731478691101, 0.485439270734787, 0.543590247631073, 0.3681653141975403, 0.28919777274131775, 0.2740820646286011, 0.21583327651023865, 0.08792227506637573, 0.22178339958190918, 0.32077381014823914, 0.28683871030807495]], "sfx.logattacktime.mean": [0.2776961922645569], "sfx.inharmonicity.mean": [0.21535438299179077]}