{"lowlevel.spectral_centroid.mean": [0.320006400346756], "lowlevel.spectral_contrast.mean": [[0.9697552919387817, 0.9761942625045776, 0.6556288003921509, 0.49427175521850586, 0.49257874488830566, 0.5296473503112793]], "lowlevel.dissonance.mean": [0.4162304401397705], "lowlevel.hfc.mean": [0.5121766328811646], "lowlevel.mfcc.mean": [[0.9372166395187378, 0.85672926902771, 0.656620979309082, 0.7768889665603638, 0.642507791519165, 0.6298078298568726, 0.4914030432701111, 0.4600645899772644, 0.4568313956260681, 0.43017345666885376, 0.3957647979259491, 0.3632592558860779, 0.3219403624534607]], "sfx.logattacktime.mean": [0.3938028812408447], "sfx.inharmonicity.mean": [0.3033153712749481]}