{"lowlevel.spectral_centroid.mean": [1.037925124168396], "lowlevel.spectral_contrast.mean": [[-0.0036237239837646484, 0.25418782234191895, 0.9852359294891357, 0.9967176914215088, 0.12852787971496582, 0.15193819999694824]], "lowlevel.dissonance.mean": [-0.042878925800323486], "lowlevel.hfc.mean": [0.5613942742347717], "lowlevel.mfcc.mean": [[0.22198665142059326, 0.4183709919452667, 0.38529741764068604, -0.09691235423088074, -0.06603986024856567, 0.32758983969688416, 0.7519183158874512, 0.8001148700714111, 0.679755449295044, 0.4756297171115875, 0.7523260712623596, 0.8192142248153687, 0.31829017400741577]], "sfx.logattacktime.mean": [0.3600068986415863], "sfx.inharmonicity.mean": [1.4625914096832275]}