{"lowlevel.spectral_centroid.mean": [0.47180289030075073], "lowlevel.spectral_contrast.mean": [[0.9184632897377014, 0.8054547309875488, 0.5237792730331421, 0.5270848274230957, 0.5041890144348145, 0.381455659866333]], "lowlevel.dissonance.mean": [0.13779735565185547], "lowlevel.hfc.mean": [0.4729403853416443], "lowlevel.mfcc.mean": [[0.3378084897994995, 0.559173583984375, 0.6666355729103088, 0.8198042511940002, 0.6950724124908447, 0.5129905939102173, 0.3784216046333313, 0.2618982195854187, 0.29898154735565186, 0.3020143508911133, 0.18728211522102356, 0.029642045497894287, 0.09353628754615784]], "sfx.logattacktime.mean": [0.5594335794448853], "sfx.inharmonicity.mean": [0.401980459690094]}