{"lowlevel.spectral_centroid.mean": [0.3357912302017212], "lowlevel.spectral_contrast.mean": [[0.7486099600791931, 0.880487322807312, 0.418168306350708, 0.49776172637939453, 0.45623254776000977, 0.4624757766723633]], "lowlevel.dissonance.mean": [-0.03998905420303345], "lowlevel.hfc.mean": [0.47486186027526855], "lowlevel.mfcc.mean": [[0.4595198631286621, 0.725021243095398, 0.8319094181060791, 1.0321097373962402, 0.7776113748550415, 0.49952495098114014, 0.24696525931358337, 0.16476842761039734, 0.3624560534954071, 0.43117672204971313, 0.41673654317855835, 0.3968471586704254, 0.5171212553977966]], "sfx.logattacktime.mean": [0.5668089389801025], "sfx.inharmonicity.mean": [0.26070940494537354]}