{"lowlevel.spectral_centroid.mean": [0.31856924295425415], "lowlevel.spectral_contrast.mean": [[0.7570446133613586, 0.8842799663543701, 0.5731616020202637, 0.5164148807525635, 0.5539379119873047, 0.345719575881958]], "lowlevel.dissonance.mean": [0.06672501564025879], "lowlevel.hfc.mean": [0.46557125449180603], "lowlevel.mfcc.mean": [[0.44117534160614014, 0.9409129619598389, 0.7572595477104187, 0.5058865547180176, 0.8094905614852905, 0.5693274736404419, 0.3076039254665375, 0.3675079643726349, 0.42689019441604614, 0.1641419231891632, 0.2629896402359009, 0.4605957269668579, 0.37351226806640625]], "sfx.logattacktime.mean": [0.637143611907959], "sfx.inharmonicity.mean": [0.23184418678283691]}