{"lowlevel.spectral_centroid.mean": [0.3627569377422333], "lowlevel.spectral_contrast.mean": [[0.32746052742004395, 0.6019198894500732, 0.8677209615707397, 0.7171298265457153, 0.5483551025390625, 0.3687427043914795]], "lowlevel.dissonance.mean": [0.4231255054473877], "lowlevel.hfc.mean": [0.46738332509994507], "lowlevel.mfcc.mean": [[0.32007133960723877, 0.24160602688789368, 0.16679969429969788, 0.23213604092597961, 0.2726404368877411, 0.2777416706085205, 0.4699183702468872, 0.6456125378608704, 0.7055665254592896, 0.7769696116447449, 0.8397812843322754, 0.47069865465164185, 0.3170679211616516]], "sfx.logattacktime.mean": [0.3302505910396576], "sfx.inharmonicity.mean": [1.356351375579834]}