{"lowlevel.spectral_centroid.mean": [0.40992748737335205], "lowlevel.spectral_contrast.mean": [[0.5827300548553467, 0.46644294261932373, 0.42946672439575195, 0.41053104400634766, 0.3794569969177246, 0.356128454208374]], "lowlevel.dissonance.mean": [0.37832915782928467], "lowlevel.hfc.mean": [0.46779748797416687], "lowlevel.mfcc.mean": [[0.19104838371276855, 0.4196022152900696, 0.7001734375953674, 0.7212204933166504, 0.7236247062683105, 0.5909516215324402, 0.5506845116615295, 0.4859185516834259, 0.5765710473060608, 0.6427374482154846, 0.681718111038208, 0.6570191383361816, 0.6904903650283813]], "sfx.logattacktime.mean": [0.35499992966651917], "sfx.inharmonicity.mean": [0.32813408970832825]}