{"lowlevel.spectral_centroid.mean": [0.36112549901008606], "lowlevel.spectral_contrast.mean": [[0.49402129650115967, 0.44213175773620605, 0.4248389005661011, 0.39956188201904297, 0.3525986671447754, 0.3392817974090576]], "lowlevel.dissonance.mean": [0.6661442518234253], "lowlevel.hfc.mean": [0.46557340025901794], "lowlevel.mfcc.mean": [[0.37355518341064453, 0.8372960090637207, 0.7693898677825928, 0.432639479637146, 0.586223840713501, 0.49765467643737793, 0.5026302933692932, 0.5500196814537048, 0.553702175617218, 0.5293166637420654, 0.6153987050056458, 0.6063335537910461, 0.6364392042160034]], "sfx.logattacktime.mean": [0.6327456831932068], "sfx.inharmonicity.mean": [0.319271445274353]}