{"lowlevel.spectral_centroid.mean": [0.37015512585639954], "lowlevel.spectral_contrast.mean": [[0.8807783722877502, 0.9779031276702881, 0.6368952989578247, 0.6555361747741699, 0.7772119045257568, 1.1414949893951416]], "lowlevel.dissonance.mean": [0.6187105178833008], "lowlevel.hfc.mean": [0.5143484473228455], "lowlevel.mfcc.mean": [[0.9270834922790527, 0.975134015083313, 0.020382732152938843, 1.092198133468628, 0.5073672533035278, 0.5536347031593323, 0.5917001962661743, 0.3151705861091614, 0.5441712141036987, 0.17578619718551636, 0.276621550321579, 0.37159961462020874, 0.5715474486351013]], "sfx.logattacktime.mean": [0.5064662098884583], "sfx.inharmonicity.mean": [0.3388664424419403]}