{"lowlevel.spectral_centroid.mean": [0.3398704528808594], "lowlevel.spectral_contrast.mean": [[1.0305144786834717, 0.8074849843978882, 0.711520791053772, 0.6675158739089966, 0.7684836387634277, 0.9019575119018555]], "lowlevel.dissonance.mean": [0.6156184673309326], "lowlevel.hfc.mean": [0.501286506652832], "lowlevel.mfcc.mean": [[0.8165023326873779, 1.0202556848526, 0.15755540132522583, 0.892315149307251, 0.5917384624481201, 0.4223516583442688, 0.6012119054794312, 0.2622640132904053, 0.41295915842056274, 0.03607621788978577, -0.08945316076278687, -0.03168356418609619, 0.0735350251197815]], "sfx.logattacktime.mean": [0.4444405734539032], "sfx.inharmonicity.mean": [0.42947179079055786]}