{"lowlevel.spectral_centroid.mean": [0.40946459770202637], "lowlevel.spectral_contrast.mean": [[0.29635417461395264, 0.8744268417358398, 0.46209096908569336, 0.4983248710632324, 0.6925191879272461, 0.545039176940918]], "lowlevel.dissonance.mean": [0.45205187797546387], "lowlevel.hfc.mean": [0.4663217067718506], "lowlevel.mfcc.mean": [[0.570722222328186, 0.8340438604354858, 0.23460416495800018, 0.7419416904449463, 0.555484414100647, 0.37475812435150146, 0.18774527311325073, 0.3540491759777069, 0.22953644394874573, 0.31989386677742004, 0.8830817341804504, 0.45001304149627686, 0.9470651149749756]], "sfx.logattacktime.mean": [0.7472672462463379], "sfx.inharmonicity.mean": [0.4193213880062103]}