{"lowlevel.spectral_centroid.mean": [0.35258403420448303], "lowlevel.spectral_contrast.mean": [[0.9540027976036072, 1.037399411201477, 0.8263651132583618, 0.7089143991470337, 0.8418178558349609, 1.0353538990020752]], "lowlevel.dissonance.mean": [0.5264390707015991], "lowlevel.hfc.mean": [0.5469052195549011], "lowlevel.mfcc.mean": [[1.013757348060608, 0.8745149374008179, 0.1926124393939972, 0.7832951545715332, 0.346283882856369, 0.6881285309791565, 0.20365473628044128, 0.34132760763168335, 0.6790131330490112, 0.014053374528884888, 0.3585863411426544, 0.4967198967933655, 0.4564051330089569]], "sfx.logattacktime.mean": [0.6682429909706116], "sfx.inharmonicity.mean": [0.2661535143852234]}