{"lowlevel.spectral_centroid.mean": [0.32365351915359497], "lowlevel.spectral_contrast.mean": [[1.0865987539291382, 1.0032531023025513, 0.43969523906707764, 0.3753387928009033, 0.3624546527862549, 0.40169334411621094]], "lowlevel.dissonance.mean": [-0.2866659164428711], "lowlevel.hfc.mean": [0.4742482900619507], "lowlevel.mfcc.mean": [[0.42273378372192383, 0.6492089033126831, 0.7536739706993103, 0.9170118570327759, 0.6812094449996948, 0.38943034410476685, 0.15912491083145142, -0.001094222068786621, 0.039547502994537354, 0.0024607479572296143, -0.08190500736236572, -0.15597712993621826, -0.01812189817428589]], "sfx.logattacktime.mean": [0.5479370355606079], "sfx.inharmonicity.mean": [0.2552403211593628]}