{"lowlevel.spectral_centroid.mean": [0.3191823363304138], "lowlevel.spectral_contrast.mean": [[0.8110689520835876, 0.7764811515808105, 0.7249857187271118, 0.7092959880828857, 0.5644803047180176, 0.39919400215148926]], "lowlevel.dissonance.mean": [0.28648364543914795], "lowlevel.hfc.mean": [0.4655269682407379], "lowlevel.mfcc.mean": [[0.5030688047409058, 0.9253978729248047, 0.5689136385917664, 0.5085687041282654, 0.6714797616004944, 0.5013543367385864, 0.6015729904174805, 0.4022279381752014, 0.4489419460296631, 0.6122213006019592, 0.5503129959106445, 0.3697017431259155, 0.45235809683799744]], "sfx.logattacktime.mean": [0.6844918727874756], "sfx.inharmonicity.mean": [0.2508103549480438]}