{"lowlevel.spectral_centroid.mean": [0.300802081823349], "lowlevel.spectral_contrast.mean": [[0.5596836805343628, 0.4058699607849121, 0.3242170810699463, 0.3559072017669678, 0.1801009178161621, 0.17786955833435059]], "lowlevel.dissonance.mean": [0.24802446365356445], "lowlevel.hfc.mean": [0.4651820659637451], "lowlevel.mfcc.mean": [[0.20728766918182373, 0.5993727445602417, 1.0045695304870605, 0.9359214901924133, 0.9023564457893372, 0.7963793873786926, 0.7884472608566284, 0.6933190226554871, 0.6325341463088989, 0.5410552620887756, 0.5373075604438782, 0.4936065971851349, 0.4662482738494873]], "sfx.logattacktime.mean": [0.7274302244186401], "sfx.inharmonicity.mean": [0.19285036623477936]}