{"lowlevel.spectral_centroid.mean": [0.32863470911979675], "lowlevel.spectral_contrast.mean": [[1.1338012218475342, 0.3273744583129883, 0.16100430488586426, 0.1955852508544922, 0.21863269805908203, 0.27617597579956055]], "lowlevel.dissonance.mean": [0.18762218952178955], "lowlevel.hfc.mean": [0.4678874909877777], "lowlevel.mfcc.mean": [[0.2080390453338623, 0.6067392826080322, 1.0737988948822021, 1.1741585731506348, 1.2759175300598145, 1.2015382051467896, 1.155511498451233, 1.0234496593475342, 0.9394992589950562, 0.8093008399009705, 0.7197880744934082, 0.6048309206962585, 0.54843670129776]], "sfx.logattacktime.mean": [0.24852624535560608], "sfx.inharmonicity.mean": [0.2036701887845993]}