{"lowlevel.spectral_centroid.mean": [0.5624001026153564], "lowlevel.spectral_contrast.mean": [[0.45142900943756104, 0.32127809524536133, 0.4858628511428833, 1.5013742446899414, 1.2782560586929321, 1.1243553161621094]], "lowlevel.dissonance.mean": [0.6466469764709473], "lowlevel.hfc.mean": [0.5287835001945496], "lowlevel.mfcc.mean": [[0.6865941286087036, 0.28653526306152344, 0.26974719762802124, 0.31534048914909363, 0.5287324786186218, 0.778029203414917, 0.7057275176048279, 0.5315936207771301, -0.016401588916778564, 0.9694572687149048, 1.3829834461212158, -0.03028857707977295, -0.10150682926177979]], "sfx.logattacktime.mean": [0.46867963671684265], "sfx.inharmonicity.mean": [0.7428154945373535]}