{"lowlevel.spectral_centroid.mean": [0.40592700242996216], "lowlevel.spectral_contrast.mean": [[0.20565879344940186, 0.8333889245986938, 1.840602159500122, 1.8398659229278564, 1.3950811624526978, 1.1501193046569824]], "lowlevel.dissonance.mean": [0.2806957960128784], "lowlevel.hfc.mean": [0.49002382159233093], "lowlevel.mfcc.mean": [[0.5177416801452637, 0.280589759349823, 0.031588971614837646, 0.40949028730392456, 0.20335355401039124, 0.4424448013305664, 0.32457321882247925, 0.6900506615638733, 1.2608942985534668, 1.6406052112579346, 1.455559253692627, 0.39083755016326904, -0.675559401512146]], "sfx.logattacktime.mean": [0.33206525444984436], "sfx.inharmonicity.mean": [0.49072393774986267]}