{"lowlevel.spectral_centroid.mean": [0.42001572251319885], "lowlevel.spectral_contrast.mean": [[0.39305293560028076, 0.8474513292312622, 0.9801273345947266, 0.9754621982574463, 0.7811794281005859, 0.6488962173461914]], "lowlevel.dissonance.mean": [0.3434704542160034], "lowlevel.hfc.mean": [0.47046640515327454], "lowlevel.mfcc.mean": [[0.6628566980361938, 0.5090653896331787, 0.176437109708786, 0.2789877653121948, 0.002956390380859375, 0.17483454942703247, 0.5180829763412476, 0.45280981063842773, 0.4164920747280121, 0.3664553165435791, 0.4009145200252533, 0.590602457523346, 0.29395467042922974]], "sfx.logattacktime.mean": [1.0758882761001587], "sfx.inharmonicity.mean": [0.5989526510238647]}