{"lowlevel.spectral_centroid.mean": [0.33836135268211365], "lowlevel.spectral_contrast.mean": [[1.0739508867263794, 1.0186808109283447, 0.7449554204940796, 0.5325944423675537, 0.47390079498291016, 0.6657581329345703]], "lowlevel.dissonance.mean": [0.5174567699432373], "lowlevel.hfc.mean": [0.4854653775691986], "lowlevel.mfcc.mean": [[0.6934723854064941, 0.9519094228744507, 0.46163439750671387, 0.7564067840576172, 0.25949859619140625, 0.08231037855148315, 0.20727774500846863, -0.06051528453826904, 0.1804264783859253, 0.21797996759414673, 0.14724844694137573, 0.09140589833259583, 0.0258333683013916]], "sfx.logattacktime.mean": [0.6418400406837463], "sfx.inharmonicity.mean": [0.6527478694915771]}