{"lowlevel.spectral_centroid.mean": [0.428805410861969], "lowlevel.spectral_contrast.mean": [[0.5226359367370605, 0.4675678014755249, 0.6660369634628296, 0.7815974950790405, 0.6055262088775635, 0.5833261013031006]], "lowlevel.dissonance.mean": [0.6236953735351562], "lowlevel.hfc.mean": [0.5085228085517883], "lowlevel.mfcc.mean": [[0.6075074672698975, 0.2472236454486847, 0.1413981318473816, 0.1859053373336792, 0.3626113533973694, 0.7665104866027832, 0.825258195400238, 0.821016788482666, 0.6028468608856201, 0.8865422010421753, 0.7217003703117371, 0.614263117313385, 0.5038250088691711]], "sfx.logattacktime.mean": [0.45331209897994995], "sfx.inharmonicity.mean": [0.7424335479736328]}