{"lowlevel.spectral_centroid.mean": [0.36896374821662903], "lowlevel.spectral_contrast.mean": [[1.1081137657165527, 0.6632360219955444, 0.4455043077468872, 0.4529545307159424, 0.4263925552368164, 0.4225161075592041]], "lowlevel.dissonance.mean": [0.05789530277252197], "lowlevel.hfc.mean": [0.4759424328804016], "lowlevel.mfcc.mean": [[0.4361002445220947, 0.6749134063720703, 0.7310382127761841, 0.9995374083518982, 0.8482018709182739, 0.6361792683601379, 0.5379678606987, 0.48188772797584534, 0.6071586608886719, 0.6588209271430969, 0.5385865569114685, 0.355134516954422, 0.34839802980422974]], "sfx.logattacktime.mean": [0.6613508462905884], "sfx.inharmonicity.mean": [0.2568100094795227]}