{"lowlevel.spectral_centroid.mean": [0.45716017484664917], "lowlevel.spectral_contrast.mean": [[0.3964664936065674, 0.3410540819168091, 0.39773476123809814, 0.43224668502807617, 0.4869041442871094, 0.5082440376281738]], "lowlevel.dissonance.mean": [0.6608083248138428], "lowlevel.hfc.mean": [0.4664938151836395], "lowlevel.mfcc.mean": [[0.3162569999694824, 0.4587324261665344, 0.3023250699043274, 0.4313514828681946, 0.33267301321029663, 0.3304359018802643, 0.28782904148101807, 0.395548552274704, 0.2604309916496277, 0.07092905044555664, 0.09512600302696228, 0.4594505727291107, 0.44885480403900146]], "sfx.logattacktime.mean": [0.5765193104743958], "sfx.inharmonicity.mean": [1.0848413705825806]}