{"lowlevel.spectral_centroid.mean": [0.30351170897483826], "lowlevel.spectral_contrast.mean": [[0.6605049967765808, 0.4251152276992798, 0.24223971366882324, 0.18512797355651855, 0.16888642311096191, 0.21346712112426758]], "lowlevel.dissonance.mean": [0.07216346263885498], "lowlevel.hfc.mean": [0.4653685986995697], "lowlevel.mfcc.mean": [[0.16976511478424072, 0.4661405682563782, 0.851773738861084, 0.8558627367019653, 0.9127212762832642, 0.8475795984268188, 0.814761757850647, 0.7014345526695251, 0.6524057388305664, 0.550634503364563, 0.5378717184066772, 0.5096979141235352, 0.5211291909217834]], "sfx.logattacktime.mean": [0.218824565410614], "sfx.inharmonicity.mean": [0.20167987048625946]}