{"lowlevel.spectral_centroid.mean": [0.8901209831237793], "lowlevel.spectral_contrast.mean": [[0.47681891918182373, 0.2260674238204956, 0.2602810859680176, 0.3206205368041992, 0.6041281223297119, 0.8188838958740234]], "lowlevel.dissonance.mean": [0.6932615041732788], "lowlevel.hfc.mean": [0.6855546236038208], "lowlevel.mfcc.mean": [[0.2678877115249634, 0.13966034352779388, 0.5778695940971375, 0.582829475402832, 0.8932549953460693, 0.7818982005119324, 0.43858540058135986, 1.1883784532546997, 0.6792225241661072, 0.8001440763473511, 0.2613535225391388, 1.0152686834335327, 0.7054430246353149]], "sfx.logattacktime.mean": [0.5403724908828735], "sfx.inharmonicity.mean": [0.5863670110702515]}