{"lowlevel.spectral_centroid.mean": [0.45567595958709717], "lowlevel.spectral_contrast.mean": [[0.27051639556884766, 0.4665675163269043, 0.6517006158828735, 0.7972502708435059, 0.8890650272369385, 0.510516881942749]], "lowlevel.dissonance.mean": [0.6726619005203247], "lowlevel.hfc.mean": [0.4764908254146576], "lowlevel.mfcc.mean": [[0.5916708707809448, 0.5391448736190796, -0.10486093163490295, 0.18353271484375, 0.2877213954925537, 0.12506639957427979, 0.3914274275302887, 0.635545015335083, 0.8001841306686401, 0.560783326625824, 0.3040766716003418, 0.36481529474258423, 0.642325222492218]], "sfx.logattacktime.mean": [0.5202174186706543], "sfx.inharmonicity.mean": [0.6458606123924255]}