{"lowlevel.spectral_centroid.mean": [0.32186561822891235], "lowlevel.spectral_contrast.mean": [[1.1352170705795288, 0.975164532661438, 0.9097310304641724, 0.7836439609527588, 0.974923849105835, 0.7395176887512207]], "lowlevel.dissonance.mean": [0.2955509424209595], "lowlevel.hfc.mean": [0.48664402961730957], "lowlevel.mfcc.mean": [[0.7674704790115356, 1.0935454368591309, 0.32222551107406616, 0.5652360916137695, 0.6728457808494568, 0.4743814170360565, 0.1060885488986969, 0.39285001158714294, 0.39065197110176086, -0.056953251361846924, -0.05346214771270752, 0.023492544889450073, 0.1631920039653778]], "sfx.logattacktime.mean": [0.5639569759368896], "sfx.inharmonicity.mean": [0.37663134932518005]}