{"lowlevel.spectral_centroid.mean": [0.32396936416625977], "lowlevel.spectral_contrast.mean": [[0.41251957416534424, 0.35947751998901367, 0.5430800914764404, 0.43302202224731445, 0.3786778450012207, 0.2139756679534912]], "lowlevel.dissonance.mean": [0.10890889167785645], "lowlevel.hfc.mean": [0.4657585918903351], "lowlevel.mfcc.mean": [[0.15055537223815918, 0.8180896043777466, 0.7915747165679932, 0.4500403106212616, 0.5140560865402222, 0.4305756390094757, 0.4239445924758911, 0.4158562421798706, 0.4116714596748352, 0.28106552362442017, 0.1950375735759735, 0.16715285181999207, 0.3742856979370117]], "sfx.logattacktime.mean": [0.35800081491470337], "sfx.inharmonicity.mean": [0.8391865491867065]}