{"lowlevel.spectral_centroid.mean": [0.7642361521720886], "lowlevel.spectral_contrast.mean": [[0.23126399517059326, 0.1564265489578247, 0.17666149139404297, 0.18909597396850586, 0.7991464138031006, 0.6446835994720459]], "lowlevel.dissonance.mean": [0.6893943548202515], "lowlevel.hfc.mean": [0.505197286605835], "lowlevel.mfcc.mean": [[0.12162387371063232, 0.0431021973490715, 0.5148753523826599, 0.4664674401283264, 0.6828521490097046, 0.167978435754776, 0.7150452733039856, 0.7331784963607788, 0.15661779046058655, 0.694744348526001, 0.6544662117958069, 0.4512333273887634, 0.23211270570755005]], "sfx.logattacktime.mean": [0.6109935641288757], "sfx.inharmonicity.mean": [0.8106821775436401]}