{"lowlevel.spectral_centroid.mean": [0.40974923968315125], "lowlevel.spectral_contrast.mean": [[0.2701754570007324, 0.5598803758621216, 0.3085942268371582, 0.23758840560913086, 0.2172400951385498, 0.24149250984191895]], "lowlevel.dissonance.mean": [0.26888108253479004], "lowlevel.hfc.mean": [0.46525895595550537], "lowlevel.mfcc.mean": [[0.1661432981491089, 0.4028184711933136, 0.7023729085922241, 0.6358070969581604, 0.6803380250930786, 0.6299646496772766, 0.6013226509094238, 0.5033785104751587, 0.47591227293014526, 0.3693106770515442, 0.33822569251060486, 0.3988022804260254, 0.44707056879997253]], "sfx.logattacktime.mean": [0.16129466891288757], "sfx.inharmonicity.mean": [0.2225712239742279]}