{"lowlevel.spectral_centroid.mean": [0.5021615624427795], "lowlevel.spectral_contrast.mean": [[0.4195566177368164, 0.5519510507583618, 0.7515072822570801, 0.9831454753875732, 0.881514310836792, 0.7112953662872314]], "lowlevel.dissonance.mean": [0.6060974597930908], "lowlevel.hfc.mean": [0.4774619936943054], "lowlevel.mfcc.mean": [[0.6256860494613647, 0.49934524297714233, -0.047607988119125366, 0.49351152777671814, 0.192426860332489, 0.2236555963754654, 0.29084089398384094, 0.1286149024963379, 0.1546216905117035, 0.47728803753852844, 0.44925937056541443, 0.2814781665802002, 0.502818763256073]], "sfx.logattacktime.mean": [0.27129316329956055], "sfx.inharmonicity.mean": [0.6251174211502075]}