{"lowlevel.spectral_centroid.mean": [0.45734694600105286], "lowlevel.spectral_contrast.mean": [[0.5258578062057495, 0.7091140747070312, 0.744657039642334, 0.7308051586151123, 0.787534236907959, 0.5384616851806641]], "lowlevel.dissonance.mean": [0.5157002210617065], "lowlevel.hfc.mean": [0.4725708067417145], "lowlevel.mfcc.mean": [[0.6048828363418579, 0.5047290325164795, 0.050294458866119385, 0.1490706354379654, 0.2364017814397812, 0.09928497672080994, -0.10739147663116455, 0.10347610712051392, 0.3729032576084137, 0.23779219388961792, 0.2596803903579712, 0.5423023104667664, 0.8245881795883179]], "sfx.logattacktime.mean": [0.5738850831985474], "sfx.inharmonicity.mean": [0.6547091007232666]}