{"lowlevel.spectral_centroid.mean": [0.4814257025718689], "lowlevel.spectral_contrast.mean": [[0.2238081693649292, 0.25574278831481934, 0.5870441198348999, 1.1948649883270264, 0.28718066215515137, 0.33720946311950684]], "lowlevel.dissonance.mean": [0.35369861125946045], "lowlevel.hfc.mean": [0.47857221961021423], "lowlevel.mfcc.mean": [[0.40422511100769043, 0.43492555618286133, 0.38215020298957825, 0.12418234348297119, 0.5776757001876831, 0.9013990163803101, 0.6667904257774353, 0.2976820468902588, 0.45845305919647217, 0.7629148364067078, 0.4850129783153534, -0.055124104022979736, 0.01231473684310913]], "sfx.logattacktime.mean": [0.5159860849380493], "sfx.inharmonicity.mean": [0.6218609809875488]}