{"lowlevel.spectral_centroid.mean": [0.35899293422698975], "lowlevel.spectral_contrast.mean": [[0.25733816623687744, 0.6862175464630127, 0.39282917976379395, 0.3006865978240967, 0.2856462001800537, 0.3105049133300781]], "lowlevel.dissonance.mean": [0.11657845973968506], "lowlevel.hfc.mean": [0.4651109278202057], "lowlevel.mfcc.mean": [[0.12275505065917969, 0.2923269271850586, 0.5025579333305359, 0.3857976496219635, 0.405692458152771, 0.22872143983840942, 0.18886694312095642, 0.1289759874343872, 0.18304568529129028, 0.22048690915107727, 0.30512046813964844, 0.34934383630752563, 0.4531140923500061]], "sfx.logattacktime.mean": [0.23228853940963745], "sfx.inharmonicity.mean": [1.2047899961471558]}