{"lowlevel.spectral_centroid.mean": [0.4373244345188141], "lowlevel.spectral_contrast.mean": [[0.43247711658477783, 0.28052425384521484, 1.333406925201416, 1.418137788772583, 0.7332260608673096, 0.33957481384277344]], "lowlevel.dissonance.mean": [0.3492981195449829], "lowlevel.hfc.mean": [0.49545910954475403], "lowlevel.mfcc.mean": [[0.3311173915863037, 0.6527985334396362, -0.38119980692863464, -0.6035657525062561, 0.28959420323371887, 0.654420018196106, 0.6085614562034607, 0.0381200909614563, -0.563977062702179, -0.3890758156776428, 0.6026231050491333, 1.0201119184494019, 0.631934642791748]], "sfx.logattacktime.mean": [0.28854626417160034], "sfx.inharmonicity.mean": [2.24819016456604]}