{"lowlevel.spectral_centroid.mean": [0.42926156520843506], "lowlevel.spectral_contrast.mean": [[0.3019298315048218, 0.47125232219696045, 0.47881853580474854, 0.6228580474853516, 0.5408034324645996, 0.6185388565063477]], "lowlevel.dissonance.mean": [0.6440283060073853], "lowlevel.hfc.mean": [0.46772292256355286], "lowlevel.mfcc.mean": [[0.8051002025604248, 0.5425995588302612, 0.4479636549949646, 0.3338569104671478, 0.6264019012451172, 0.6859918832778931, 0.35205501317977905, 0.6405709981918335, 0.31579074263572693, 0.5992263555526733, 0.5918967723846436, 0.7651180028915405, 0.5323030948638916]], "sfx.logattacktime.mean": [0.7048682570457458], "sfx.inharmonicity.mean": [1.208818793296814]}