{"lowlevel.spectral_centroid.mean": [0.4595337510108948], "lowlevel.spectral_contrast.mean": [[0.5309604406356812, 0.47307252883911133, 0.743356466293335, 0.8951280117034912, 0.8202464580535889, 0.6372859477996826]], "lowlevel.dissonance.mean": [0.5126949548721313], "lowlevel.hfc.mean": [0.5119670629501343], "lowlevel.mfcc.mean": [[0.34762680530548096, 0.24015504121780396, 0.24952933192253113, 0.40391409397125244, 0.5452077388763428, 0.6721211671829224, 0.7180699110031128, 0.5955333113670349, 0.9567995071411133, 1.5252512693405151, 1.2287970781326294, 0.7170494794845581, 0.44428980350494385]], "sfx.logattacktime.mean": [0.53536456823349], "sfx.inharmonicity.mean": [1.0625131130218506]}