{"lowlevel.spectral_centroid.mean": [0.3684038817882538], "lowlevel.spectral_contrast.mean": [[0.35991013050079346, 0.5533112287521362, 0.3479883670806885, 0.18807005882263184, 0.1697554588317871, 0.20010972023010254]], "lowlevel.dissonance.mean": [0.615373969078064], "lowlevel.hfc.mean": [0.46530190110206604], "lowlevel.mfcc.mean": [[0.18532884120941162, 0.5106961131095886, 0.8533737063407898, 0.758324146270752, 0.7411965131759644, 0.6199201345443726, 0.5632661581039429, 0.4546002447605133, 0.46037590503692627, 0.39610710740089417, 0.3658137321472168, 0.34177905321121216, 0.36809083819389343]], "sfx.logattacktime.mean": [0.2921121120452881], "sfx.inharmonicity.mean": [0.25297051668167114]}