{"lowlevel.spectral_centroid.mean": [0.4520622491836548], "lowlevel.spectral_contrast.mean": [[0.2299736738204956, 0.6072794198989868, 0.829269289970398, 0.587939977645874, 0.7097070217132568, 0.49207091331481934]], "lowlevel.dissonance.mean": [0.46636199951171875], "lowlevel.hfc.mean": [0.4674060642719269], "lowlevel.mfcc.mean": [[0.381294846534729, 0.25008636713027954, -0.0036624670028686523, 0.31691431999206543, 0.1807759702205658, -0.04728531837463379, 0.3002457618713379, 0.7947691679000854, 0.5383345484733582, 0.39009422063827515, 0.2883438467979431, 0.3516308665275574, 0.7092757225036621]], "sfx.logattacktime.mean": [0.37556010484695435], "sfx.inharmonicity.mean": [0.5553505420684814]}