{"lowlevel.spectral_centroid.mean": [0.36533376574516296], "lowlevel.spectral_contrast.mean": [[0.5526160001754761, 0.6734392642974854, 0.7239500284194946, 0.7272157669067383, 0.5340921878814697, 0.4334084987640381]], "lowlevel.dissonance.mean": [0.38174569606781006], "lowlevel.hfc.mean": [0.46717965602874756], "lowlevel.mfcc.mean": [[0.41926634311676025, 0.5193856954574585, 0.3751874268054962, 0.5122134685516357, 0.45709481835365295, 0.3246076703071594, 0.3225918412208557, 0.25415217876434326, 0.1552160084247589, 0.0423351526260376, -0.019821345806121826, 0.06418067216873169, 0.21025827527046204]], "sfx.logattacktime.mean": [0.3160160481929779], "sfx.inharmonicity.mean": [0.30505484342575073]}