{"lowlevel.spectral_centroid.mean": [0.43460798263549805], "lowlevel.spectral_contrast.mean": [[0.4123528003692627, 0.5056064128875732, 0.39881718158721924, 0.4017148017883301, 0.5915679931640625, 0.5503320693969727]], "lowlevel.dissonance.mean": [0.6614437103271484], "lowlevel.hfc.mean": [0.4736882448196411], "lowlevel.mfcc.mean": [[0.7712560892105103, 0.540849506855011, 0.4883100390434265, 0.7164952754974365, 0.42924192547798157, 0.4628124535083771, 0.6024659872055054, 0.4819527864456177, 0.5420137047767639, 0.6442670822143555, 0.7004755139350891, 0.6597973108291626, 0.6696299314498901]], "sfx.logattacktime.mean": [1.0356390476226807], "sfx.inharmonicity.mean": [0.5033668875694275]}