{"lowlevel.spectral_centroid.mean": [0.4934625029563904], "lowlevel.spectral_contrast.mean": [[0.2282506227493286, 0.2613478899002075, 0.6605685949325562, 0.9691007137298584, 0.3165102005004883, 0.3419816493988037]], "lowlevel.dissonance.mean": [0.4735208749771118], "lowlevel.hfc.mean": [0.6803288459777832], "lowlevel.mfcc.mean": [[0.42969954013824463, 0.4497033953666687, 0.38491010665893555, 0.13320088386535645, 0.45976629853248596, 0.7335041761398315, 0.6526424288749695, 0.5612910985946655, 0.5869119167327881, 0.5477592945098877, 0.31078967452049255, -0.050281822681427, 0.22093310952186584]], "sfx.logattacktime.mean": [0.5026097297668457], "sfx.inharmonicity.mean": [0.775976300239563]}