{"lowlevel.spectral_centroid.mean": [0.3898910880088806], "lowlevel.spectral_contrast.mean": [[0.4388924837112427, 1.334481120109558, 1.28598952293396, 1.232231855392456, 1.3011468648910522, 0.7067859172821045]], "lowlevel.dissonance.mean": [0.41259682178497314], "lowlevel.hfc.mean": [0.5223643779754639], "lowlevel.mfcc.mean": [[0.813852071762085, 0.5254643559455872, 0.019771963357925415, 0.5907559394836426, 0.29781240224838257, 0.06644216179847717, 0.2006550133228302, 0.25229358673095703, 0.12183409929275513, -0.014985591173171997, 0.23051387071609497, 0.5990907549858093, 0.8687962293624878]], "sfx.logattacktime.mean": [0.5153887867927551], "sfx.inharmonicity.mean": [1.2902730703353882]}