{"lowlevel.spectral_centroid.mean": [0.31669852137565613], "lowlevel.spectral_contrast.mean": [[0.8134697675704956, 0.8387937545776367, 0.6689865589141846, 0.565575361251831, 0.5548911094665527, 0.35802626609802246]], "lowlevel.dissonance.mean": [0.06235790252685547], "lowlevel.hfc.mean": [0.4656161367893219], "lowlevel.mfcc.mean": [[0.4675792455673218, 0.9631146192550659, 0.7424979209899902, 0.5614713430404663, 0.7719619870185852, 0.4441192150115967, 0.29808133840560913, 0.38619697093963623, 0.47570228576660156, 0.33440423011779785, 0.4454004168510437, 0.4345676302909851, 0.15066802501678467]], "sfx.logattacktime.mean": [0.7344840168952942], "sfx.inharmonicity.mean": [0.25512823462486267]}