{"lowlevel.spectral_centroid.mean": [0.32599547505378723], "lowlevel.spectral_contrast.mean": [[0.9218588471412659, 1.1197658777236938, 0.9866849184036255, 0.8974173069000244, 0.6696898937225342, 0.43425965309143066]], "lowlevel.dissonance.mean": [-0.27446234226226807], "lowlevel.hfc.mean": [0.46590131521224976], "lowlevel.mfcc.mean": [[0.4583148956298828, 0.9750862121582031, 0.7391763925552368, 0.30299392342567444, 0.43240949511528015, 0.37170976400375366, 0.4317978024482727, 0.3988310992717743, 0.28846490383148193, 0.19976821541786194, 0.2387332320213318, 0.1459999680519104, 0.13730865716934204]], "sfx.logattacktime.mean": [0.38225460052490234], "sfx.inharmonicity.mean": [0.28866422176361084]}