{"lowlevel.spectral_centroid.mean": [0.37706589698791504], "lowlevel.spectral_contrast.mean": [[0.27011144161224365, 0.22773146629333496, 0.6808736324310303, 0.7639874219894409, 0.34458494186401367, 0.25315093994140625]], "lowlevel.dissonance.mean": [0.437280535697937], "lowlevel.hfc.mean": [0.4660944640636444], "lowlevel.mfcc.mean": [[0.09247958660125732, 0.615341067314148, 0.46666932106018066, 0.1698986440896988, 0.7477009296417236, 1.1813652515411377, 1.0535879135131836, 0.5461050271987915, 0.3030235171318054, 0.2839084267616272, 0.42370057106018066, 0.5705080032348633, 0.7231535315513611]], "sfx.logattacktime.mean": [0.22377747297286987], "sfx.inharmonicity.mean": [1.4824646711349487]}