{"lowlevel.spectral_centroid.mean": [0.4295983910560608], "lowlevel.spectral_contrast.mean": [[0.25125181674957275, 0.265578031539917, 0.3955576419830322, 0.3940584659576416, 0.37050437927246094, 0.36264657974243164]], "lowlevel.dissonance.mean": [0.689750075340271], "lowlevel.hfc.mean": [0.46519044041633606], "lowlevel.mfcc.mean": [[0.4878610372543335, 0.6232568025588989, 0.4663379192352295, 0.3243093490600586, 0.6947944164276123, 0.632269024848938, 0.8810243606567383, 0.5560235977172852, 0.5455363988876343, 0.36836642026901245, 0.48500117659568787, 0.33894485235214233, 0.5396876335144043]], "sfx.logattacktime.mean": [0.6302446126937866], "sfx.inharmonicity.mean": [0.8831562995910645]}