{"lowlevel.spectral_centroid.mean": [0.3387051224708557], "lowlevel.spectral_contrast.mean": [[1.0367432832717896, 0.6268256902694702, 0.9324986934661865, 0.7421556711196899, 0.727668046951294, 0.6687648296356201]], "lowlevel.dissonance.mean": [0.30642640590667725], "lowlevel.hfc.mean": [0.5269524455070496], "lowlevel.mfcc.mean": [[0.8909921646118164, 0.545279860496521, 0.6741459369659424, 0.6394959688186646, 0.6241981983184814, 0.6091721057891846, 0.6712679862976074, 0.8779626488685608, 1.034157156944275, 0.9706364274024963, 0.5684793591499329, 0.5522566437721252, 0.7311080098152161]], "sfx.logattacktime.mean": [0.3977522850036621], "sfx.inharmonicity.mean": [0.19309386610984802]}