{"lowlevel.spectral_centroid.mean": [0.6400766372680664], "lowlevel.spectral_contrast.mean": [[0.5508662462234497, 0.6247074604034424, 0.5944945812225342, 0.5678093433380127, 0.9748821258544922, 0.8392870426177979]], "lowlevel.dissonance.mean": [0.7245175838470459], "lowlevel.hfc.mean": [0.9016757011413574], "lowlevel.mfcc.mean": [[1.2047948837280273, 0.26647883653640747, 0.5051459074020386, 0.7420419454574585, 0.4984229505062103, 0.3131200671195984, 0.39414483308792114, 0.5036081075668335, 0.48876073956489563, 0.4045494794845581, 0.2431480884552002, 0.7064335942268372, 0.22441726922988892]], "sfx.logattacktime.mean": [0.3911341428756714], "sfx.inharmonicity.mean": [0.282823771238327]}