{"lowlevel.spectral_centroid.mean": [0.9669336080551147], "lowlevel.spectral_contrast.mean": [[0.47883927822113037, 0.2348088026046753, 0.7977569103240967, 0.830620288848877, 1.0823726654052734, 0.9566261768341064]], "lowlevel.dissonance.mean": [0.676649808883667], "lowlevel.hfc.mean": [0.6424187421798706], "lowlevel.mfcc.mean": [[0.42250168323516846, 0.1500193476676941, 0.4405891001224518, 0.38138002157211304, 1.0376074314117432, 0.8495182991027832, 0.8814249038696289, 0.6839934587478638, 1.1397846937179565, 0.540784478187561, -0.4984826445579529, 1.343169093132019, 0.5891079306602478]], "sfx.logattacktime.mean": [0.7313282489776611], "sfx.inharmonicity.mean": [1.2776422500610352]}