{"lowlevel.spectral_centroid.mean": [0.4588763117790222], "lowlevel.spectral_contrast.mean": [[0.2823740243911743, 0.1917041540145874, 0.6079211235046387, 0.5627593994140625, 0.5166568756103516, 0.4323158264160156]], "lowlevel.dissonance.mean": [0.7247090339660645], "lowlevel.hfc.mean": [0.48034363985061646], "lowlevel.mfcc.mean": [[0.1712207794189453, 0.18951267004013062, 0.26119720935821533, 0.35031023621559143, 0.6651286482810974, 1.0481998920440674, 0.840316116809845, 0.19317355751991272, 0.4683898985385895, 0.8001325130462646, 0.5664511919021606, 0.519119143486023, 0.7820743918418884]], "sfx.logattacktime.mean": [0.2796880304813385], "sfx.inharmonicity.mean": [0.5060958862304688]}