{"lowlevel.spectral_centroid.mean": [0.34922948479652405], "lowlevel.spectral_contrast.mean": [[0.4745957851409912, 0.393186092376709, 0.6133431196212769, 0.47383594512939453, 0.5429122447967529, 0.5213189125061035]], "lowlevel.dissonance.mean": [0.6404557228088379], "lowlevel.hfc.mean": [0.46632862091064453], "lowlevel.mfcc.mean": [[0.6988751888275146, 0.637912392616272, 0.556159257888794, 0.6374675631523132, 0.5813227891921997, 0.5079673528671265, 0.5659021139144897, 0.709574818611145, 0.6895706653594971, 0.6660057306289673, 0.39822688698768616, 0.321098268032074, 0.23640760779380798]], "sfx.logattacktime.mean": [0.7491987943649292], "sfx.inharmonicity.mean": [0.6096290946006775]}