{"lowlevel.spectral_centroid.mean": [0.3463883697986603], "lowlevel.spectral_contrast.mean": [[0.758573591709137, 1.281820297241211, 0.5368970632553101, 1.1409776210784912, 0.7249829769134521, 0.18909311294555664]], "lowlevel.dissonance.mean": [-0.18322163820266724], "lowlevel.hfc.mean": [0.47914162278175354], "lowlevel.mfcc.mean": [[0.4966965913772583, 0.8625410795211792, 0.6893534660339355, 0.5907540917396545, 0.9993847012519836, 0.6357641816139221, -0.3717387914657593, -0.4716097116470337, 0.4106948673725128, 0.8477226495742798, 0.6536778211593628, 0.5472388863563538, 0.6672986745834351]], "sfx.logattacktime.mean": [0.14403143525123596], "sfx.inharmonicity.mean": [0.20649990439414978]}