{"lowlevel.spectral_centroid.mean": [1.1632425785064697], "lowlevel.spectral_contrast.mean": [[0.18616223335266113, 0.44957101345062256, 0.2610280513763428, 0.3056638240814209, 0.755913496017456, 0.6067428588867188]], "lowlevel.dissonance.mean": [0.6660867929458618], "lowlevel.hfc.mean": [0.4797225892543793], "lowlevel.mfcc.mean": [[0.35114479064941406, 0.1292673498392105, 0.6440130472183228, 0.714940071105957, 0.9722998142242432, -0.025436729192733765, 0.6856228113174438, 0.6890225410461426, 0.3532531261444092, 0.38417235016822815, 1.2816112041473389, 0.45658716559410095, 0.4819383919239044]], "sfx.logattacktime.mean": [0.7321858406066895], "sfx.inharmonicity.mean": [0.8398212194442749]}