{"lowlevel.spectral_centroid.mean": [0.3396205008029938], "lowlevel.spectral_contrast.mean": [[0.7141176462173462, 1.3018784523010254, 0.46222782135009766, 0.3775060176849365, 0.3701930046081543, 0.37266969680786133]], "lowlevel.dissonance.mean": [-0.4537864923477173], "lowlevel.hfc.mean": [0.47021132707595825], "lowlevel.mfcc.mean": [[0.33725643157958984, 0.5524916648864746, 0.705653727054596, 0.7523486614227295, 0.5141153931617737, 0.1878231167793274, -0.053308069705963135, -0.21819818019866943, -0.1778639554977417, -0.17164337635040283, -0.13752597570419312, -0.05781912803649902, 0.2315664291381836]], "sfx.logattacktime.mean": [0.36640268564224243], "sfx.inharmonicity.mean": [0.35345423221588135]}