{"lowlevel.spectral_centroid.mean": [0.30192074179649353], "lowlevel.spectral_contrast.mean": [[0.554253101348877, 0.3083927631378174, 0.3564424514770508, 0.45043182373046875, 0.29462623596191406, 0.3301424980163574]], "lowlevel.dissonance.mean": [0.5464383363723755], "lowlevel.hfc.mean": [0.4670124650001526], "lowlevel.mfcc.mean": [[0.3587915897369385, 0.8420754671096802, 0.739210844039917, 0.5476271510124207, 0.6193152666091919, 0.8116145133972168, 0.9102699756622314, 0.7376742362976074, 0.5152907967567444, 0.5682656168937683, 0.5592994093894958, 0.7565865516662598, 0.6692138910293579]], "sfx.logattacktime.mean": [0.589879035949707], "sfx.inharmonicity.mean": [0.7375068664550781]}