{"lowlevel.spectral_centroid.mean": [0.5865442752838135], "lowlevel.spectral_contrast.mean": [[0.19604432582855225, 0.39104533195495605, 0.5133488178253174, 1.0724222660064697, 1.4229761362075806, 1.015392541885376]], "lowlevel.dissonance.mean": [0.7253974676132202], "lowlevel.hfc.mean": [0.5882517695426941], "lowlevel.mfcc.mean": [[0.6744897365570068, -0.08558514714241028, -0.25301000475883484, 0.717665433883667, 0.7985327243804932, 0.6190993785858154, -0.053955256938934326, 0.7555080056190491, 0.8461989164352417, 0.12680679559707642, 0.35787826776504517, 1.2217392921447754, 0.5947969555854797]], "sfx.logattacktime.mean": [0.3742624521255493], "sfx.inharmonicity.mean": [0.8453148603439331]}