{"lowlevel.spectral_centroid.mean": [0.5094172954559326], "lowlevel.spectral_contrast.mean": [[0.2407066822052002, 0.31008243560791016, 0.829755425453186, 0.66275954246521, 0.6995794773101807, 0.6753685474395752]], "lowlevel.dissonance.mean": [0.6529799699783325], "lowlevel.hfc.mean": [0.48494288325309753], "lowlevel.mfcc.mean": [[0.4353792667388916, 0.11280535161495209, -0.050137847661972046, 0.22086669504642487, 0.483215868473053, 0.7644455432891846, 0.8345742225646973, 0.8648860454559326, 0.5080584287643433, 0.5086200833320618, 0.31309860944747925, 0.6853945255279541, 0.85201096534729]], "sfx.logattacktime.mean": [0.41426241397857666], "sfx.inharmonicity.mean": [0.7655442953109741]}