{"lowlevel.spectral_centroid.mean": [0.3618556261062622], "lowlevel.spectral_contrast.mean": [[0.6411793231964111, 0.9236792325973511, 0.9286339282989502, 0.8166300058364868, 0.8438169956207275, 0.9912786483764648]], "lowlevel.dissonance.mean": [0.355462908744812], "lowlevel.hfc.mean": [0.469637006521225], "lowlevel.mfcc.mean": [[0.6545250415802002, 0.770652174949646, 0.23687215149402618, 0.547709047794342, 0.04486951231956482, 0.1467088758945465, 0.14288383722305298, 0.08368849754333496, 0.26638537645339966, 0.13823610544204712, 0.24457815289497375, 0.4231123924255371, 0.42966583371162415]], "sfx.logattacktime.mean": [0.8520535230636597], "sfx.inharmonicity.mean": [0.4506155848503113]}