{"lowlevel.spectral_centroid.mean": [0.3105550706386566], "lowlevel.spectral_contrast.mean": [[0.5941884517669678, 0.6716374158859253, 0.744343638420105, 0.5520846843719482, 0.4266853332519531, 0.30476999282836914]], "lowlevel.dissonance.mean": [0.26121044158935547], "lowlevel.hfc.mean": [0.47067415714263916], "lowlevel.mfcc.mean": [[0.4321671724319458, 1.2547534704208374, 0.8577777743339539, 0.3628872036933899, 0.5091253519058228, 0.5516366958618164, 0.4188329875469208, 0.5364146828651428, 0.5085925459861755, 0.4359884560108185, 0.4867507517337799, 0.4464688003063202, 0.4348834753036499]], "sfx.logattacktime.mean": [0.7265888452529907], "sfx.inharmonicity.mean": [0.4049440622329712]}