{"lowlevel.spectral_centroid.mean": [0.32582834362983704], "lowlevel.spectral_contrast.mean": [[1.1106641292572021, 0.7201716899871826, 1.1715883016586304, 1.1665226221084595, 1.0133435726165771, 0.7843019962310791]], "lowlevel.dissonance.mean": [0.15564286708831787], "lowlevel.hfc.mean": [0.46988973021507263], "lowlevel.mfcc.mean": [[0.5275247097015381, 0.8246632814407349, 0.29157131910324097, 0.2570745348930359, 0.1720428466796875, 0.24825714528560638, 0.20757317543029785, 0.2959675192832947, 0.42492833733558655, 0.6037269234657288, 0.7313498258590698, 0.8812142014503479, 0.9324057102203369]], "sfx.logattacktime.mean": [0.5238557457923889], "sfx.inharmonicity.mean": [1.3366193771362305]}