{"lowlevel.spectral_centroid.mean": [0.34851908683776855], "lowlevel.spectral_contrast.mean": [[0.43903839588165283, 0.33639979362487793, 0.49190759658813477, 0.4530925750732422, 0.45694446563720703, 0.5885360240936279]], "lowlevel.dissonance.mean": [0.6669132709503174], "lowlevel.hfc.mean": [0.46615543961524963], "lowlevel.mfcc.mean": [[0.7330182790756226, 0.7049117088317871, 0.42607763409614563, 0.5044474601745605, 0.48202574253082275, 0.8038606643676758, 0.5293336510658264, 0.8565760850906372, 0.6191765666007996, 0.682839572429657, 0.6031787395477295, 0.48587408661842346, 0.4900684952735901]], "sfx.logattacktime.mean": [0.5511276125907898], "sfx.inharmonicity.mean": [0.868626594543457]}