{"lowlevel.spectral_centroid.mean": [0.34951096773147583], "lowlevel.spectral_contrast.mean": [[0.4330446720123291, 0.3583441972732544, 0.3838036060333252, 0.20520997047424316, 0.1752946376800537, 0.2160632610321045]], "lowlevel.dissonance.mean": [0.32376885414123535], "lowlevel.hfc.mean": [0.46514901518821716], "lowlevel.mfcc.mean": [[0.1659529209136963, 0.456473708152771, 0.8056038618087769, 0.7240148186683655, 0.7270774245262146, 0.6475028991699219, 0.6475967764854431, 0.5820997357368469, 0.5737420320510864, 0.507926344871521, 0.48642656207084656, 0.41434550285339355, 0.39799782633781433]], "sfx.logattacktime.mean": [0.2792230546474457], "sfx.inharmonicity.mean": [0.19873329997062683]}