{"lowlevel.spectral_centroid.mean": [0.3948305547237396], "lowlevel.spectral_contrast.mean": [[0.3373302221298218, 0.2822251319885254, 0.3888132572174072, 0.4274139404296875, 0.4037787914276123, 0.38475680351257324]], "lowlevel.dissonance.mean": [0.6830555200576782], "lowlevel.hfc.mean": [0.4654068648815155], "lowlevel.mfcc.mean": [[0.5812873840332031, 0.6329218745231628, 0.49734845757484436, 0.4795408844947815, 0.7238476276397705, 0.7740309238433838, 0.9048876762390137, 0.6374194622039795, 0.5448635816574097, 0.2747897803783417, 0.5063481330871582, 0.3066610097885132, 0.3599526584148407]], "sfx.logattacktime.mean": [0.6500134468078613], "sfx.inharmonicity.mean": [0.7053869962692261]}