{"lowlevel.spectral_centroid.mean": [0.3573966324329376], "lowlevel.spectral_contrast.mean": [[0.9424237012863159, 1.1779227256774902, 0.6783689260482788, 0.7165333032608032, 0.7625319957733154, 1.1489455699920654]], "lowlevel.dissonance.mean": [0.48308825492858887], "lowlevel.hfc.mean": [0.5326538681983948], "lowlevel.mfcc.mean": [[0.9376704692840576, 0.9220081567764282, 0.2547067403793335, 1.1904566287994385, 0.3300072252750397, 0.4431310296058655, 0.3407268524169922, 0.06862068176269531, 0.21560919284820557, 0.15745627880096436, 0.155756413936615, 0.40849995613098145, 0.38554224371910095]], "sfx.logattacktime.mean": [0.705204963684082], "sfx.inharmonicity.mean": [0.6232013702392578]}