{"lowlevel.spectral_centroid.mean": [0.3320080637931824], "lowlevel.spectral_contrast.mean": [[0.8158736824989319, 0.49979090690612793, 0.4135298728942871, 0.4006373882293701, 0.3858513832092285, 0.32314324378967285]], "lowlevel.dissonance.mean": [0.2688859701156616], "lowlevel.hfc.mean": [0.4676322937011719], "lowlevel.mfcc.mean": [[0.24059641361236572, 0.6103709936141968, 0.8833630084991455, 0.859729528427124, 0.9654453992843628, 0.7867863178253174, 0.7236853241920471, 0.7542363405227661, 0.7139852046966553, 0.5161818265914917, 0.5335790514945984, 0.5465914011001587, 0.4245777726173401]], "sfx.logattacktime.mean": [0.22266757488250732], "sfx.inharmonicity.mean": [0.19896200299263]}