{"lowlevel.spectral_centroid.mean": [0.3311581015586853], "lowlevel.spectral_contrast.mean": [[0.5043739080429077, 0.6220657825469971, 0.6588226556777954, 0.5476329326629639, 0.4145326614379883, 0.2626914978027344]], "lowlevel.dissonance.mean": [0.11686325073242188], "lowlevel.hfc.mean": [0.46608778834342957], "lowlevel.mfcc.mean": [[0.20437228679656982, 0.9119826555252075, 0.7963244915008545, 0.329131543636322, 0.23015466332435608, 0.13022425770759583, 0.21787220239639282, 0.24802866578102112, 0.23751845955848694, 0.1002785861492157, 0.0757618248462677, 0.16018730401992798, 0.40055960416793823]], "sfx.logattacktime.mean": [0.2571502923965454], "sfx.inharmonicity.mean": [0.9677742719650269]}