{"lowlevel.spectral_centroid.mean": [0.38336312770843506], "lowlevel.spectral_contrast.mean": [[0.3383958339691162, 0.5176177024841309, 0.5565322637557983, 0.36541318893432617, 0.2064194679260254, 0.21973633766174316]], "lowlevel.dissonance.mean": [-0.11363393068313599], "lowlevel.hfc.mean": [0.46514880657196045], "lowlevel.mfcc.mean": [[0.0746079683303833, 0.7570997476577759, 0.9894440174102783, 0.6428358554840088, 0.5146398544311523, 0.45223209261894226, 0.44563210010528564, 0.3044655919075012, 0.23585349321365356, 0.16441771388053894, 0.19198673963546753, 0.2000068724155426, 0.30988240242004395]], "sfx.logattacktime.mean": [0.9159986972808838], "sfx.inharmonicity.mean": [1.28380286693573]}