{"lowlevel.spectral_centroid.mean": [0.5177407264709473], "lowlevel.spectral_contrast.mean": [[0.4863405227661133, 0.7478338479995728, 0.9206384420394897, 0.8811544179916382, 0.9809253215789795, 0.7534768581390381]], "lowlevel.dissonance.mean": [0.3623826503753662], "lowlevel.hfc.mean": [0.49249592423439026], "lowlevel.mfcc.mean": [[0.681454062461853, 0.2874329686164856, 0.16761499643325806, 0.3957656919956207, 0.09043121337890625, 0.0979345440864563, 0.4202973246574402, 0.23603159189224243, 0.1056126058101654, 0.5155227184295654, 0.34578263759613037, 0.47242939472198486, 0.5999562740325928]], "sfx.logattacktime.mean": [0.6242990493774414], "sfx.inharmonicity.mean": [0.5527901649475098]}