{"lowlevel.spectral_centroid.mean": [0.4682793617248535], "lowlevel.spectral_contrast.mean": [[0.3843228816986084, 0.9755357503890991, 1.086695909500122, 1.1108052730560303, 0.8984918594360352, 0.6382925510406494]], "lowlevel.dissonance.mean": [0.3858557939529419], "lowlevel.hfc.mean": [0.4750415086746216], "lowlevel.mfcc.mean": [[0.6194901466369629, 0.4323031008243561, 0.006086617708206177, 0.3351746201515198, 0.17229172587394714, 0.042864710092544556, 0.143180251121521, 0.16487812995910645, 0.42763444781303406, 0.5683091878890991, 0.12825557589530945, 0.2809586822986603, 0.537165641784668]], "sfx.logattacktime.mean": [0.8072419166564941], "sfx.inharmonicity.mean": [0.4826660752296448]}