{"lowlevel.spectral_centroid.mean": [0.3252067267894745], "lowlevel.spectral_contrast.mean": [[0.5752475261688232, 0.5043920278549194, 0.6248912811279297, 0.4765625, 0.38396763801574707, 0.3566403388977051]], "lowlevel.dissonance.mean": [0.5122393369674683], "lowlevel.hfc.mean": [0.4795662462711334], "lowlevel.mfcc.mean": [[0.2651299238204956, 0.4486212730407715, 0.5700345635414124, 0.4839268922805786, 0.5131641626358032, 0.5853332281112671, 0.7603023648262024, 0.8455217480659485, 0.7672218084335327, 0.6905978918075562, 0.6673362851142883, 0.7087485194206238, 0.9432131052017212]], "sfx.logattacktime.mean": [0.28239428997039795], "sfx.inharmonicity.mean": [0.32774585485458374]}