{"lowlevel.spectral_centroid.mean": [0.4711744785308838], "lowlevel.spectral_contrast.mean": [[0.05316793918609619, 0.11395382881164551, 0.6990723609924316, 0.7972022294998169, 0.5954997539520264, 0.2781345844268799]], "lowlevel.dissonance.mean": [0.44287073612213135], "lowlevel.hfc.mean": [0.4671114385128021], "lowlevel.mfcc.mean": [[0.009811639785766602, 0.32351624965667725, 0.04468962550163269, -0.19810718297958374, 0.5177022218704224, 0.9808840751647949, 0.9962589144706726, 0.7091324925422668, 0.19988539814949036, -0.20215290784835815, 0.40947288274765015, 1.0587968826293945, 0.6354703307151794]], "sfx.logattacktime.mean": [0.2191145122051239], "sfx.inharmonicity.mean": [1.8362696170806885]}