{"lowlevel.spectral_centroid.mean": [0.34599488973617554], "lowlevel.spectral_contrast.mean": [[0.894406259059906, 1.424781084060669, 0.46528565883636475, 0.217329740524292, 0.22376108169555664, 0.27390122413635254]], "lowlevel.dissonance.mean": [-0.6930409669876099], "lowlevel.hfc.mean": [0.4720374345779419], "lowlevel.mfcc.mean": [[0.32166314125061035, 0.884080171585083, 1.242067575454712, 0.9743420481681824, 0.6374779939651489, 0.3058475852012634, 0.1906224489212036, 0.049282729625701904, -0.0659022331237793, -0.21556490659713745, -0.10663437843322754, 0.17975246906280518, 0.5990512371063232]], "sfx.logattacktime.mean": [0.25162526965141296], "sfx.inharmonicity.mean": [0.19355833530426025]}