{"lowlevel.spectral_centroid.mean": [0.34872138500213623], "lowlevel.spectral_contrast.mean": [[0.7989106178283691, 0.5634181499481201, 0.4523584842681885, 0.4051096439361572, 0.36860060691833496, 0.31090593338012695]], "lowlevel.dissonance.mean": [0.1716383695602417], "lowlevel.hfc.mean": [0.469061017036438], "lowlevel.mfcc.mean": [[0.23198723793029785, 0.5793244242668152, 0.8452942371368408, 0.7606056928634644, 0.7981859445571899, 0.6548453569412231, 0.5905574560165405, 0.5546223521232605, 0.5081465840339661, 0.32814937829971313, 0.2715075612068176, 0.20919513702392578, 0.104530930519104]], "sfx.logattacktime.mean": [0.25937017798423767], "sfx.inharmonicity.mean": [0.2073858380317688]}