{"lowlevel.spectral_centroid.mean": [0.4559609889984131], "lowlevel.spectral_contrast.mean": [[0.4498417377471924, 0.9962146282196045, 1.0394458770751953, 0.8895416259765625, 0.7255229949951172, 0.7203178405761719]], "lowlevel.dissonance.mean": [0.3783383369445801], "lowlevel.hfc.mean": [0.48058414459228516], "lowlevel.mfcc.mean": [[0.6810861825942993, 0.7433896064758301, 0.16723757982254028, 0.4530169665813446, 0.012479335069656372, 0.24263101816177368, 0.21633177995681763, 0.46854209899902344, 0.22239920496940613, 0.588370144367218, 0.7199675440788269, 0.8202822208404541, 0.6843781471252441]], "sfx.logattacktime.mean": [0.5918324589729309], "sfx.inharmonicity.mean": [0.8870798349380493]}