{"lowlevel.spectral_centroid.mean": [0.332134485244751], "lowlevel.spectral_contrast.mean": [[0.8607797026634216, 0.45412635803222656, 0.45820605754852295, 0.4770495891571045, 0.5565955638885498, 0.47775793075561523]], "lowlevel.dissonance.mean": [0.7033818960189819], "lowlevel.hfc.mean": [0.47351187467575073], "lowlevel.mfcc.mean": [[0.9503333568572998, 0.489787757396698, 0.5478073358535767, 0.6028445959091187, 0.7995750308036804, 0.6362037658691406, 0.7476261258125305, 0.8479712605476379, 0.8084572553634644, 0.7528046369552612, 0.6535868644714355, 0.6810538172721863, 0.6635919213294983]], "sfx.logattacktime.mean": [0.6639047861099243], "sfx.inharmonicity.mean": [0.20900264382362366]}