{"lowlevel.spectral_centroid.mean": [0.35018491744995117], "lowlevel.spectral_contrast.mean": [[1.0758459568023682, 0.7897987365722656, 0.6705727577209473, 0.6148369312286377, 0.7301864624023438, 0.8627171516418457]], "lowlevel.dissonance.mean": [0.4934227466583252], "lowlevel.hfc.mean": [0.5016294121742249], "lowlevel.mfcc.mean": [[0.7801933288574219, 0.9806538820266724, 0.18575656414031982, 0.8895763158798218, 0.6336448192596436, 0.4684983491897583, 0.6079765558242798, 0.31330618262290955, 0.4357004165649414, 0.06997811794281006, -0.0421028733253479, -0.018717944622039795, 0.13791507482528687]], "sfx.logattacktime.mean": [0.7270704507827759], "sfx.inharmonicity.mean": [0.37003493309020996]}