{"lowlevel.spectral_centroid.mean": [0.32255473732948303], "lowlevel.spectral_contrast.mean": [[0.6661630272865295, 1.1428966522216797, 0.7024495601654053, 0.4406919479370117, 0.22955584526062012, 0.22780942916870117]], "lowlevel.dissonance.mean": [0.05962824821472168], "lowlevel.hfc.mean": [0.4698384702205658], "lowlevel.mfcc.mean": [[0.3385646343231201, 0.891283392906189, 1.140001654624939, 0.7921433448791504, 0.5692324042320251, 0.38038644194602966, 0.3325066864490509, 0.2677234411239624, 0.3206608295440674, 0.3666935861110687, 0.4684879779815674, 0.4860645830631256, 0.5471804141998291]], "sfx.logattacktime.mean": [0.2911900281906128], "sfx.inharmonicity.mean": [0.3279570937156677]}