{"lowlevel.spectral_centroid.mean": [0.4124523401260376], "lowlevel.spectral_contrast.mean": [[0.5947761535644531, 0.7729619741439819, 0.7615561485290527, 0.7996534109115601, 0.8657429218292236, 0.707019567489624]], "lowlevel.dissonance.mean": [0.586821436882019], "lowlevel.hfc.mean": [0.4895220696926117], "lowlevel.mfcc.mean": [[0.8929564952850342, 0.6519334316253662, -0.016525864601135254, 0.3214263916015625, 0.10559085011482239, 0.06317710876464844, -0.07329118251800537, 0.10845258831977844, 0.42948535084724426, 0.32062968611717224, 0.36013567447662354, 0.6970863342285156, 0.6978026032447815]], "sfx.logattacktime.mean": [0.8707968592643738], "sfx.inharmonicity.mean": [0.78664231300354]}