{"lowlevel.spectral_centroid.mean": [0.2974437475204468], "lowlevel.spectral_contrast.mean": [[1.3428747653961182, 0.3830312490463257, 0.3634450435638428, 0.28797268867492676, 0.26207590103149414, 0.26328182220458984]], "lowlevel.dissonance.mean": [0.3634446859359741], "lowlevel.hfc.mean": [0.5181317925453186], "lowlevel.mfcc.mean": [[0.5265514850616455, 0.9009689092636108, 0.8805066347122192, 0.9038726091384888, 0.9281070232391357, 0.9045318365097046, 0.9069756269454956, 0.8723811507225037, 0.8535041809082031, 0.8184095621109009, 0.8020855784416199, 0.7746856808662415, 0.730088472366333]], "sfx.logattacktime.mean": [0.21699222922325134], "sfx.inharmonicity.mean": [1.4641996622085571]}