{"lowlevel.spectral_centroid.mean": [0.35330453515052795], "lowlevel.spectral_contrast.mean": [[0.8070939183235168, 1.1917821168899536, 0.6558793783187866, 0.5742447376251221, 0.5248551368713379, 0.41388583183288574]], "lowlevel.dissonance.mean": [-0.18456286191940308], "lowlevel.hfc.mean": [0.47136563062667847], "lowlevel.mfcc.mean": [[0.37704503536224365, 0.6302616596221924, 0.7840431928634644, 0.9438813924789429, 0.8163891434669495, 0.5780447125434875, 0.36656346917152405, 0.2602187395095825, 0.3385968804359436, 0.35945895314216614, 0.2947690188884735, 0.25312885642051697, 0.46960288286209106]], "sfx.logattacktime.mean": [0.4180160164833069], "sfx.inharmonicity.mean": [0.21401163935661316]}