{"lowlevel.spectral_centroid.mean": [0.342294842004776], "lowlevel.spectral_contrast.mean": [[1.02223539352417, 1.1786171197891235, 1.0667505264282227, 0.6745561361312866, 0.793898344039917, 0.5085008144378662]], "lowlevel.dissonance.mean": [0.12750697135925293], "lowlevel.hfc.mean": [0.48484399914741516], "lowlevel.mfcc.mean": [[0.6458603143692017, 0.7736650705337524, 0.1370721459388733, 0.4224548935890198, 0.1542397439479828, -0.037586092948913574, 0.2918414771556854, 0.28352317214012146, 0.20167577266693115, -0.07643097639083862, -0.009139060974121094, 0.3838166892528534, 0.3209756910800934]], "sfx.logattacktime.mean": [0.7090427279472351], "sfx.inharmonicity.mean": [0.28410419821739197]}