{"lowlevel.spectral_centroid.mean": [0.3470460772514343], "lowlevel.spectral_contrast.mean": [[0.4428309202194214, 0.7550952434539795, 0.59424889087677, 0.5464417934417725, 0.5391666889190674, 0.37825441360473633]], "lowlevel.dissonance.mean": [0.2588146924972534], "lowlevel.hfc.mean": [0.4701341986656189], "lowlevel.mfcc.mean": [[0.4194234609603882, 0.7258092164993286, 0.3705950081348419, 0.15472029149532318, 0.20655158162117004, 0.0332166850566864, 0.08176657557487488, 0.02482616901397705, 0.07578694820404053, 0.16741350293159485, 0.34801292419433594, 0.5060750246047974, 0.6907837390899658]], "sfx.logattacktime.mean": [0.34458768367767334], "sfx.inharmonicity.mean": [0.5808430910110474]}