{"lowlevel.spectral_centroid.mean": [0.3585832118988037], "lowlevel.spectral_contrast.mean": [[0.7399231195449829, 0.4808005094528198, 0.3774869441986084, 0.3874166011810303, 0.6908891201019287, 0.46178126335144043]], "lowlevel.dissonance.mean": [0.5677257776260376], "lowlevel.hfc.mean": [0.47677943110466003], "lowlevel.mfcc.mean": [[0.48998868465423584, 0.7535173892974854, 0.4809754490852356, 0.6506471037864685, 0.8327860832214355, 0.6647005677223206, 0.5011649131774902, 0.474953830242157, 0.4140939712524414, 0.1029691994190216, 0.06115475296974182, 0.14997965097427368, 0.21720457077026367]], "sfx.logattacktime.mean": [0.37220847606658936], "sfx.inharmonicity.mean": [0.2867237329483032]}