{"lowlevel.spectral_centroid.mean": [0.3929174244403839], "lowlevel.spectral_contrast.mean": [[0.6324920058250427, 0.6677409410476685, 0.866203784942627, 0.7165452241897583, 0.5382864475250244, 0.49457216262817383]], "lowlevel.dissonance.mean": [0.2610797882080078], "lowlevel.hfc.mean": [0.48040884733200073], "lowlevel.mfcc.mean": [[0.37740588188171387, 0.4635099172592163, 0.43846145272254944, 0.13089117407798767, -0.2141953706741333, 0.3489018976688385, 0.6092300415039062, 0.19717735052108765, -0.07517480850219727, 0.25457289814949036, 0.4455619156360626, 0.11910080909729004, 0.34492138028144836]], "sfx.logattacktime.mean": [0.4372452199459076], "sfx.inharmonicity.mean": [0.5815718770027161]}