{"lowlevel.spectral_centroid.mean": [0.3434847891330719], "lowlevel.spectral_contrast.mean": [[0.37000560760498047, 0.3550463914871216, 0.4463343620300293, 0.380237340927124, 0.3660271167755127, 0.42072272300720215]], "lowlevel.dissonance.mean": [0.4840937852859497], "lowlevel.hfc.mean": [0.46922484040260315], "lowlevel.mfcc.mean": [[0.46869122982025146, 0.6932693719863892, 0.7088584303855896, 0.548293948173523, 0.4117759168148041, 0.43896210193634033, 0.5203801989555359, 0.6587017774581909, 0.6512579321861267, 0.5583889484405518, 0.65659099817276, 0.6373918652534485, 0.45975184440612793]], "sfx.logattacktime.mean": [0.617266058921814], "sfx.inharmonicity.mean": [0.6763870716094971]}