{"lowlevel.spectral_centroid.mean": [0.5233238935470581], "lowlevel.spectral_contrast.mean": [[0.227197527885437, 0.17245709896087646, 0.193115234375, 0.18977761268615723, 0.47908878326416016, 0.4023418426513672]], "lowlevel.dissonance.mean": [0.6926447153091431], "lowlevel.hfc.mean": [0.4680231511592865], "lowlevel.mfcc.mean": [[0.06847870349884033, 0.13115191459655762, 0.47349458932876587, 0.4170050621032715, 0.5543456673622131, 0.4947780966758728, 0.4441675841808319, 0.510995626449585, 0.7034077048301697, 0.3451694846153259, 0.5254054069519043, 0.6003122925758362, 0.5325871706008911]], "sfx.logattacktime.mean": [0.2755817770957947], "sfx.inharmonicity.mean": [0.44449037313461304]}