{"lowlevel.spectral_centroid.mean": [0.33275920152664185], "lowlevel.spectral_contrast.mean": [[0.5562207698822021, 0.8062871694564819, 0.573230504989624, 0.4458489418029785, 0.20896244049072266, 0.2507741451263428]], "lowlevel.dissonance.mean": [0.444982647895813], "lowlevel.hfc.mean": [0.46669498085975647], "lowlevel.mfcc.mean": [[0.37990808486938477, 0.9868991374969482, 1.2038296461105347, 0.720209002494812, 0.36271238327026367, 0.2740231156349182, 0.44978636503219604, 0.49244168400764465, 0.47728607058525085, 0.4460698962211609, 0.5772781372070312, 0.6721630692481995, 0.6982446312904358]], "sfx.logattacktime.mean": [0.3350086808204651], "sfx.inharmonicity.mean": [0.29254573583602905]}