{"lowlevel.spectral_centroid.mean": [0.3819308280944824], "lowlevel.spectral_contrast.mean": [[0.44429636001586914, 0.6926168203353882, 0.47389817237854004, 0.28037595748901367, 0.18490076065063477, 0.20357561111450195]], "lowlevel.dissonance.mean": [-0.22004961967468262], "lowlevel.hfc.mean": [0.46517351269721985], "lowlevel.mfcc.mean": [[0.17877936363220215, 0.4730752408504486, 0.7443856596946716, 0.5629295706748962, 0.5606116056442261, 0.5053468942642212, 0.5154730677604675, 0.4331025779247284, 0.41070032119750977, 0.33069559931755066, 0.3290589451789856, 0.3690495491027832, 0.4660378694534302]], "sfx.logattacktime.mean": [0.2763451337814331], "sfx.inharmonicity.mean": [0.3183143138885498]}