{"lowlevel.spectral_centroid.mean": [0.4113529622554779], "lowlevel.spectral_contrast.mean": [[0.22160840034484863, 0.7871137857437134, 0.6601153612136841, 0.6899112462997437, 0.5793824195861816, 0.4162602424621582]], "lowlevel.dissonance.mean": [0.340887188911438], "lowlevel.hfc.mean": [0.4670398533344269], "lowlevel.mfcc.mean": [[0.2793196439743042, 0.45411211252212524, 0.3092609643936157, 0.2668745219707489, 0.38561195135116577, 0.2561669945716858, 0.2862279415130615, 0.33655139803886414, 0.7275084257125854, 0.6224020719528198, 0.3501306176185608, 0.8782671689987183, 1.2252649068832397]], "sfx.logattacktime.mean": [0.5291414260864258], "sfx.inharmonicity.mean": [0.3599613308906555]}