{"lowlevel.spectral_centroid.mean": [0.3243354558944702], "lowlevel.spectral_contrast.mean": [[1.148964524269104, 1.156531810760498, 1.0833492279052734, 0.9651741981506348, 0.7908260822296143, 0.5022375583648682]], "lowlevel.dissonance.mean": [0.2129383087158203], "lowlevel.hfc.mean": [0.5103415250778198], "lowlevel.mfcc.mean": [[0.5439515113830566, 0.5457205176353455, 0.23245809972286224, 0.5189036726951599, 0.2719446122646332, 0.1541033387184143, 0.34318798780441284, 0.30325794219970703, 0.19508761167526245, 0.3919685482978821, 0.335906982421875, 0.10501161217689514, 0.3349802494049072]], "sfx.logattacktime.mean": [0.5872380137443542], "sfx.inharmonicity.mean": [0.2018366903066635]}