{"lowlevel.spectral_centroid.mean": [0.3886227011680603], "lowlevel.spectral_contrast.mean": [[0.3203626871109009, 0.27606475353240967, 0.7940311431884766, 0.9507386684417725, 0.578239917755127, 0.46294617652893066]], "lowlevel.dissonance.mean": [0.505475640296936], "lowlevel.hfc.mean": [0.49520373344421387], "lowlevel.mfcc.mean": [[0.290472149848938, 0.11554257571697235, 0.22632087767124176, 0.21887940168380737, 0.3146550953388214, 0.5204697847366333, 0.734612762928009, 0.721845269203186, 0.3663780987262726, 0.18585437536239624, 0.5223109722137451, 1.178709864616394, 1.2202725410461426]], "sfx.logattacktime.mean": [0.446262001991272], "sfx.inharmonicity.mean": [0.4617588222026825]}