{"lowlevel.spectral_centroid.mean": [0.6810749769210815], "lowlevel.spectral_contrast.mean": [[0.417827844619751, 0.22940731048583984, 0.23847317695617676, 0.19139957427978516, 0.19405102729797363, 0.23245620727539062]], "lowlevel.dissonance.mean": [0.6190626621246338], "lowlevel.hfc.mean": [0.46533203125], "lowlevel.mfcc.mean": [[-0.024391770362854004, 0.45529869198799133, 0.7623071670532227, 0.7126847505569458, 0.7473851442337036, 0.686532735824585, 0.6903489828109741, 0.6504963040351868, 0.6414191126823425, 0.5996686220169067, 0.6175153255462646, 0.5846781730651855, 0.5702712535858154]], "sfx.logattacktime.mean": [0.4711219072341919], "sfx.inharmonicity.mean": [1.0943025350570679]}