{"lowlevel.spectral_centroid.mean": [0.35479167103767395], "lowlevel.spectral_contrast.mean": [[0.8394764065742493, 1.0624632835388184, 1.0629209280014038, 0.9664739370346069, 0.8512723445892334, 0.4585456848144531]], "lowlevel.dissonance.mean": [0.09287595748901367], "lowlevel.hfc.mean": [0.4706330895423889], "lowlevel.mfcc.mean": [[0.5742493867874146, 0.937964916229248, 0.2734278738498688, 0.1674228459596634, 0.16834375262260437, -0.3004431128501892, -0.021056413650512695, 0.02351701259613037, 0.19889777898788452, 0.41060471534729004, 0.30153656005859375, 0.2309226393699646, 0.1768922209739685]], "sfx.logattacktime.mean": [0.8529908657073975], "sfx.inharmonicity.mean": [0.6878547668457031]}