{"lowlevel.spectral_centroid.mean": [0.3292462229728699], "lowlevel.spectral_contrast.mean": [[0.9036611914634705, 0.5497332811355591, 0.467654824256897, 0.4024055004119873, 0.371628999710083, 0.3144829273223877]], "lowlevel.dissonance.mean": [0.04750382900238037], "lowlevel.hfc.mean": [0.47063368558883667], "lowlevel.mfcc.mean": [[0.27438676357269287, 0.655382513999939, 0.8870269060134888, 0.8499550819396973, 0.9154610633850098, 0.6980183124542236, 0.6311570405960083, 0.6467681527137756, 0.5898892283439636, 0.40433505177497864, 0.3815818428993225, 0.3196154832839966, 0.1623181700706482]], "sfx.logattacktime.mean": [0.30536648631095886], "sfx.inharmonicity.mean": [0.20145022869110107]}