{"lowlevel.spectral_centroid.mean": [0.3553730547428131], "lowlevel.spectral_contrast.mean": [[0.6260830760002136, 1.4159977436065674, 1.2965022325515747, 1.395431637763977, 1.0345431566238403, 0.604943037033081]], "lowlevel.dissonance.mean": [0.1743621826171875], "lowlevel.hfc.mean": [0.5328429937362671], "lowlevel.mfcc.mean": [[0.756864070892334, 0.7668997049331665, 0.0780707597732544, 0.3725453317165375, 0.08800041675567627, 0.07996797561645508, 0.2897104024887085, 0.36295202374458313, 0.365139901638031, 0.2634688913822174, 0.20962312817573547, 0.7994586229324341, 0.4742831885814667]], "sfx.logattacktime.mean": [0.5708231329917908], "sfx.inharmonicity.mean": [0.3570854961872101]}