{"lowlevel.spectral_centroid.mean": [0.333004355430603], "lowlevel.spectral_contrast.mean": [[0.4511229991912842, 0.3196796178817749, 0.42152559757232666, 0.4002223014831543, 0.43988609313964844, 0.6611142158508301]], "lowlevel.dissonance.mean": [0.6539678573608398], "lowlevel.hfc.mean": [0.4660279452800751], "lowlevel.mfcc.mean": [[0.7176824808120728, 0.5748410224914551, 0.6055265665054321, 0.7358241081237793, 0.6064999103546143, 0.8612790107727051, 0.3587837815284729, 0.8564308881759644, 0.7050080895423889, 0.4654061198234558, 0.4697299897670746, 0.41971147060394287, 0.5204929709434509]], "sfx.logattacktime.mean": [0.6618794798851013], "sfx.inharmonicity.mean": [0.6111544370651245]}