{"lowlevel.spectral_centroid.mean": [0.3055928945541382], "lowlevel.spectral_contrast.mean": [[0.2501157522201538, 0.4105278253555298, 0.46000051498413086, 0.3372461795806885, 0.2786858081817627, 0.26944828033447266]], "lowlevel.dissonance.mean": [0.2419431209564209], "lowlevel.hfc.mean": [0.4651030898094177], "lowlevel.mfcc.mean": [[0.26090872287750244, 0.7114652395248413, 1.015010118484497, 0.7591831684112549, 0.6355715394020081, 0.5555421710014343, 0.5878790020942688, 0.5142912864685059, 0.4890751242637634, 0.4512149393558502, 0.5014661550521851, 0.49706271290779114, 0.49957460165023804]], "sfx.logattacktime.mean": [0.3866560459136963], "sfx.inharmonicity.mean": [0.2149704098701477]}