{"lowlevel.spectral_centroid.mean": [0.3373878598213196], "lowlevel.spectral_contrast.mean": [[0.6138683557510376, 0.4137684106826782, 0.43236637115478516, 0.4098665714263916, 0.46792125701904297, 0.530858039855957]], "lowlevel.dissonance.mean": [0.6484532356262207], "lowlevel.hfc.mean": [0.46888643503189087], "lowlevel.mfcc.mean": [[0.6765940189361572, 0.5592737793922424, 0.6362822651863098, 0.8657602071762085, 0.7048690915107727, 0.7365262508392334, 0.6574475765228271, 0.7271102666854858, 0.6722968816757202, 0.4458669424057007, 0.5378276109695435, 0.48740673065185547, 0.4878144860267639]], "sfx.logattacktime.mean": [0.6239442229270935], "sfx.inharmonicity.mean": [0.28401556611061096]}