{"lowlevel.spectral_centroid.mean": [0.3423682749271393], "lowlevel.spectral_contrast.mean": [[0.8688336610794067, 0.6386195421218872, 0.48390746116638184, 0.38231563568115234, 0.35805296897888184, 0.30131053924560547]], "lowlevel.dissonance.mean": [0.06033909320831299], "lowlevel.hfc.mean": [0.4691546857357025], "lowlevel.mfcc.mean": [[0.22029101848602295, 0.5882868766784668, 0.9012035727500916, 0.7834489345550537, 0.740542471408844, 0.5672448873519897, 0.500962495803833, 0.43721023201942444, 0.4128444790840149, 0.2805895209312439, 0.2279384732246399, 0.1532856822013855, 0.08665597438812256]], "sfx.logattacktime.mean": [0.22528308629989624], "sfx.inharmonicity.mean": [0.20334360003471375]}