{"lowlevel.spectral_centroid.mean": [0.4020598828792572], "lowlevel.spectral_contrast.mean": [[0.46666228771209717, 0.18985354900360107, 0.5208319425582886, 0.21230340003967285, 0.4440724849700928, 0.408771276473999]], "lowlevel.dissonance.mean": [0.5955110788345337], "lowlevel.hfc.mean": [0.4669555723667145], "lowlevel.mfcc.mean": [[0.11859762668609619, 0.212694451212883, 0.5418918132781982, 0.6382052898406982, 0.4872482717037201, 0.6216458082199097, 1.0071735382080078, 0.9337994456291199, 0.9280011653900146, 0.8400722146034241, 0.5566338300704956, 0.490418404340744, 0.6953768730163574]], "sfx.logattacktime.mean": [0.26720190048217773], "sfx.inharmonicity.mean": [0.476791650056839]}