{"lowlevel.spectral_centroid.mean": [0.38731876015663147], "lowlevel.spectral_contrast.mean": [[0.9114623069763184, 0.47957825660705566, 0.38416552543640137, 0.4053962230682373, 0.3846402168273926, 0.3204059600830078]], "lowlevel.dissonance.mean": [0.13370156288146973], "lowlevel.hfc.mean": [0.4709063172340393], "lowlevel.mfcc.mean": [[0.2541161775588989, 0.5114243030548096, 0.7266911268234253, 0.8334197402000427, 0.8418110609054565, 0.664544403553009, 0.6326445937156677, 0.5413432717323303, 0.5730119347572327, 0.5581396818161011, 0.4720327854156494, 0.304439514875412, 0.2654866576194763]], "sfx.logattacktime.mean": [0.431833952665329], "sfx.inharmonicity.mean": [0.24624204635620117]}