{"lowlevel.spectral_centroid.mean": [0.43342018127441406], "lowlevel.spectral_contrast.mean": [[0.2474120855331421, 0.31043756008148193, 0.28250885009765625, 0.4993717670440674, 0.38791370391845703, 0.41177916526794434]], "lowlevel.dissonance.mean": [0.7034076452255249], "lowlevel.hfc.mean": [0.4651181399822235], "lowlevel.mfcc.mean": [[0.282265305519104, 0.4656602740287781, 0.3717590570449829, 0.30928581953048706, 0.5897536873817444, 0.5885231494903564, 0.2345311939716339, 0.17012539505958557, 0.4061775803565979, 0.670748770236969, 0.8043519258499146, 0.545099675655365, 0.4622177481651306]], "sfx.logattacktime.mean": [0.554222822189331], "sfx.inharmonicity.mean": [0.5470835566520691]}