{"lowlevel.spectral_centroid.mean": [0.46616029739379883], "lowlevel.spectral_contrast.mean": [[0.4270453453063965, 0.5068478584289551, 0.654077410697937, 0.6995387077331543, 0.7115826606750488, 0.7073826789855957]], "lowlevel.dissonance.mean": [0.6419165134429932], "lowlevel.hfc.mean": [0.4921905994415283], "lowlevel.mfcc.mean": [[0.696740984916687, 0.5528057217597961, 0.1202741265296936, -0.028069376945495605, 0.3981485366821289, 0.454721599817276, 0.58563631772995, 0.13760948181152344, 0.8455747365951538, 0.12527146935462952, 0.47330614924430847, 0.27556464076042175, 0.28722167015075684]], "sfx.logattacktime.mean": [0.3536975681781769], "sfx.inharmonicity.mean": [0.5848358273506165]}