{"lowlevel.spectral_centroid.mean": [0.4480181932449341], "lowlevel.spectral_contrast.mean": [[0.20408737659454346, 0.987346887588501, 1.3616873025894165, 1.4493387937545776, 0.625612735748291, 0.29620885848999023]], "lowlevel.dissonance.mean": [0.21716570854187012], "lowlevel.hfc.mean": [0.49325862526893616], "lowlevel.mfcc.mean": [[0.47272658348083496, 0.7813212871551514, 0.03461909294128418, -0.507748007774353, 0.1042032241821289, 0.4299701452255249, 0.6093949675559998, 0.31325408816337585, 0.09712299704551697, 0.1561189889907837, 0.10418504476547241, 0.27899104356765747, 0.9412637948989868]], "sfx.logattacktime.mean": [0.24103716015815735], "sfx.inharmonicity.mean": [0.39070332050323486]}