{"lowlevel.spectral_centroid.mean": [0.44947877526283264], "lowlevel.spectral_contrast.mean": [[0.7393289804458618, 0.37959158420562744, 0.28865861892700195, 0.29377031326293945, 0.34859323501586914, 0.29944586753845215]], "lowlevel.dissonance.mean": [0.35879790782928467], "lowlevel.hfc.mean": [0.4696832299232483], "lowlevel.mfcc.mean": [[0.21102309226989746, 0.43294134736061096, 0.6653494834899902, 0.740943431854248, 0.792276918888092, 0.6577004790306091, 0.6619902849197388, 0.6055175065994263, 0.6367361545562744, 0.6166548728942871, 0.5315073132514954, 0.38645854592323303, 0.3807879090309143]], "sfx.logattacktime.mean": [0.37338751554489136], "sfx.inharmonicity.mean": [0.32661935687065125]}