{"lowlevel.spectral_centroid.mean": [0.8438287973403931], "lowlevel.spectral_contrast.mean": [[0.3475468158721924, 0.577451229095459, 0.5458779335021973, 0.5213630199432373, 0.3664665222167969, 0.33620357513427734]], "lowlevel.dissonance.mean": [0.3543093204498291], "lowlevel.hfc.mean": [0.46716195344924927], "lowlevel.mfcc.mean": [[0.36978399753570557, 0.5530955195426941, 0.5080395936965942, 0.3905981779098511, 0.39468392729759216, 0.48198533058166504, 0.47103458642959595, 0.46495792269706726, 0.38573044538497925, 0.3459303379058838, 0.5724650025367737, 0.8105928897857666, 0.6405690312385559]], "sfx.logattacktime.mean": [0.6461458206176758], "sfx.inharmonicity.mean": [0.672497034072876]}