{"lowlevel.spectral_centroid.mean": [0.3970347046852112], "lowlevel.spectral_contrast.mean": [[0.3149641752243042, 0.35266685485839844, 0.4437140226364136, 0.3625791072845459, 0.37734413146972656, 0.4437224864959717]], "lowlevel.dissonance.mean": [0.6542766094207764], "lowlevel.hfc.mean": [0.46529531478881836], "lowlevel.mfcc.mean": [[0.5801880359649658, 0.5430691242218018, 0.5425924062728882, 0.6309400200843811, 0.16593590378761292, 0.19539642333984375, 0.6253364682197571, 0.5446702837944031, 0.4834994077682495, 0.5087147355079651, 0.4977656304836273, 0.4481215476989746, 0.48029524087905884]], "sfx.logattacktime.mean": [0.7965248823165894], "sfx.inharmonicity.mean": [0.5010012984275818]}