{"lowlevel.spectral_centroid.mean": [0.33775174617767334], "lowlevel.spectral_contrast.mean": [[0.5708413124084473, 0.9205396175384521, 0.5612320899963379, 0.36921072006225586, 0.26520586013793945, 0.24462437629699707]], "lowlevel.dissonance.mean": [-0.12577426433563232], "lowlevel.hfc.mean": [0.4660862684249878], "lowlevel.mfcc.mean": [[0.2140592336654663, 0.5403106212615967, 0.7432845830917358, 0.46967536211013794, 0.3831533193588257, 0.270484060049057, 0.2741857171058655, 0.16637718677520752, 0.06190192699432373, -0.04850006103515625, 0.0200139582157135, 0.11507287621498108, 0.2204461693763733]], "sfx.logattacktime.mean": [0.2413826286792755], "sfx.inharmonicity.mean": [0.2676970064640045]}