{"lowlevel.spectral_centroid.mean": [0.37218520045280457], "lowlevel.spectral_contrast.mean": [[0.9287360906600952, 0.7800809144973755, 0.7709380388259888, 0.7130728960037231, 0.7169604301452637, 0.5394542217254639]], "lowlevel.dissonance.mean": [0.2318326234817505], "lowlevel.hfc.mean": [0.4785325825214386], "lowlevel.mfcc.mean": [[0.6861081123352051, 0.8512535095214844, 0.24631482362747192, 0.43287310004234314, 0.2502255439758301, 0.051647037267684937, -0.0011884570121765137, 0.11466029286384583, 0.07134833931922913, 0.11345276236534119, 0.20949316024780273, 0.04930946230888367, 0.2600734233856201]], "sfx.logattacktime.mean": [0.7920923233032227], "sfx.inharmonicity.mean": [0.6894000768661499]}