{"lowlevel.spectral_centroid.mean": [0.7552361488342285], "lowlevel.spectral_contrast.mean": [[0.2551673650741577, 0.7115846872329712, 0.6727451086044312, 0.6946127414703369, 0.5721919536590576, 0.45356011390686035]], "lowlevel.dissonance.mean": [0.4058084487915039], "lowlevel.hfc.mean": [0.46519553661346436], "lowlevel.mfcc.mean": [[0.2914552688598633, 0.43454450368881226, 0.23896834254264832, 0.3312118351459503, 0.46707698702812195, 0.3104490637779236, 0.4397534430027008, 0.349328875541687, 0.4980712831020355, 0.5556986331939697, 0.5004351139068604, 0.6487700939178467, 1.0116944313049316]], "sfx.logattacktime.mean": [0.579619824886322], "sfx.inharmonicity.mean": [0.599236786365509]}