{"lowlevel.spectral_centroid.mean": [0.3638463020324707], "lowlevel.spectral_contrast.mean": [[0.9381598234176636, 1.371933937072754, 0.4350239038467407, 0.30321550369262695, 0.33594799041748047, 0.39473605155944824]], "lowlevel.dissonance.mean": [-0.22758841514587402], "lowlevel.hfc.mean": [0.47809869050979614], "lowlevel.mfcc.mean": [[0.6263914108276367, 0.47688281536102295, 1.041094183921814, 0.8808056116104126, 0.5585278272628784, 0.20295646786689758, -0.0877332091331482, -0.17326503992080688, -0.17803895473480225, -0.041716575622558594, 0.11463814973831177, 0.3208698630332947, 0.4479202330112457]], "sfx.logattacktime.mean": [0.2942964434623718], "sfx.inharmonicity.mean": [0.9289518594741821]}