{"lowlevel.spectral_centroid.mean": [0.3632901608943939], "lowlevel.spectral_contrast.mean": [[0.576911449432373, 1.0394490957260132, 0.8049542903900146, 0.8236188888549805, 0.7747631072998047, 0.5350978374481201]], "lowlevel.dissonance.mean": [0.34013116359710693], "lowlevel.hfc.mean": [0.48913002014160156], "lowlevel.mfcc.mean": [[0.7353119850158691, 0.7268353700637817, 0.16475507616996765, 0.3704227805137634, 0.21772277355194092, 0.0587429404258728, 0.2196349799633026, 0.3064136505126953, 0.5095005631446838, 0.23918691277503967, 0.24256747961044312, 0.47625166177749634, 0.6166579723358154]], "sfx.logattacktime.mean": [0.5964118838310242], "sfx.inharmonicity.mean": [0.44784149527549744]}