{"lowlevel.spectral_centroid.mean": [0.33999520540237427], "lowlevel.spectral_contrast.mean": [[0.45205819606781006, 0.5507791042327881, 0.30750584602355957, 0.32688283920288086, 0.23645782470703125, 0.26075077056884766]], "lowlevel.dissonance.mean": [0.25823092460632324], "lowlevel.hfc.mean": [0.46507877111434937], "lowlevel.mfcc.mean": [[0.17796635627746582, 0.46731510758399963, 0.743855357170105, 0.6399692893028259, 0.718734860420227, 0.6990789175033569, 0.6929093599319458, 0.5612772703170776, 0.5172016024589539, 0.44055673480033875, 0.5133827924728394, 0.6412690877914429, 0.7159398198127747]], "sfx.logattacktime.mean": [0.33673688769340515], "sfx.inharmonicity.mean": [0.2075355499982834]}