{"lowlevel.spectral_centroid.mean": [0.4281981289386749], "lowlevel.spectral_contrast.mean": [[0.39222097396850586, 0.300909161567688, 1.7021195888519287, 0.7574476003646851, 1.3955918550491333, 0.9478335380554199]], "lowlevel.dissonance.mean": [0.108528733253479], "lowlevel.hfc.mean": [0.5703980922698975], "lowlevel.mfcc.mean": [[0.6299439668655396, 0.26333674788475037, 0.1953548789024353, 0.27952104806900024, 0.09890317916870117, 0.6984236240386963, 0.8513386249542236, 1.23128080368042, 0.36704766750335693, -0.37512820959091187, -0.3840521574020386, 0.9719388484954834, 2.4161295890808105]], "sfx.logattacktime.mean": [0.47968029975891113], "sfx.inharmonicity.mean": [0.4991850256919861]}