{"lowlevel.spectral_centroid.mean": [0.3498557209968567], "lowlevel.spectral_contrast.mean": [[0.27974140644073486, 0.6595911979675293, 0.5866450071334839, 0.358553409576416, 0.2567574977874756, 0.2451038360595703]], "lowlevel.dissonance.mean": [0.2679239511489868], "lowlevel.hfc.mean": [0.4659107029438019], "lowlevel.mfcc.mean": [[0.1782001256942749, 0.4589073657989502, 0.6916351318359375, 0.4763645529747009, 0.43977922201156616, 0.35828524827957153, 0.40293043851852417, 0.3387500047683716, 0.2816339135169983, 0.19238364696502686, 0.17223569750785828, 0.1905275285243988, 0.387612521648407]], "sfx.logattacktime.mean": [0.11524975299835205], "sfx.inharmonicity.mean": [0.3264647126197815]}