{"lowlevel.spectral_centroid.mean": [0.473264217376709], "lowlevel.spectral_contrast.mean": [[0.6299067139625549, 0.7312829494476318, 0.6667953729629517, 0.6150035858154297, 0.5789501667022705, 0.5247697830200195]], "lowlevel.dissonance.mean": [0.3673899173736572], "lowlevel.hfc.mean": [0.47067686915397644], "lowlevel.mfcc.mean": [[0.5169409513473511, 0.7416567802429199, 0.40735924243927, 0.6338845491409302, 0.537092924118042, 0.5756071209907532, 0.5063356757164001, 0.7244855165481567, 0.8630552291870117, 1.054432988166809, 0.8291052579879761, 0.7739063501358032, 0.5792430639266968]], "sfx.logattacktime.mean": [0.7627936005592346], "sfx.inharmonicity.mean": [0.4494093656539917]}