{"lowlevel.spectral_centroid.mean": [0.319889098405838], "lowlevel.spectral_contrast.mean": [[0.755433976650238, 0.7938565015792847, 0.6865748167037964, 0.5943233966827393, 0.42476415634155273, 0.3905768394470215]], "lowlevel.dissonance.mean": [0.3334561586380005], "lowlevel.hfc.mean": [0.4736303389072418], "lowlevel.mfcc.mean": [[0.6309874057769775, 1.1193002462387085, 0.7716710567474365, 0.46795082092285156, 0.5194695591926575, 0.5325196385383606, 0.2696768343448639, 0.25468623638153076, 0.3345988988876343, 0.5327909588813782, 0.5580987930297852, 0.3510436415672302, 0.21182981133460999]], "sfx.logattacktime.mean": [0.4242161810398102], "sfx.inharmonicity.mean": [0.2539220452308655]}