{"lowlevel.spectral_centroid.mean": [0.33515194058418274], "lowlevel.spectral_contrast.mean": [[0.37435925006866455, 1.0023579597473145, 0.6244590282440186, 0.27750325202941895, 0.23306512832641602, 0.2695317268371582]], "lowlevel.dissonance.mean": [-0.17359280586242676], "lowlevel.hfc.mean": [0.46658945083618164], "lowlevel.mfcc.mean": [[0.20703208446502686, 0.4531102776527405, 0.6747238039970398, 0.5163255929946899, 0.48642879724502563, 0.3927293121814728, 0.33033233880996704, 0.2510475516319275, 0.3471173644065857, 0.26707568764686584, 0.38527873158454895, 0.431163489818573, 0.46136701107025146]], "sfx.logattacktime.mean": [0.26816487312316895], "sfx.inharmonicity.mean": [0.4050776958465576]}