{"lowlevel.spectral_centroid.mean": [0.8642250299453735], "lowlevel.spectral_contrast.mean": [[0.43492305278778076, 0.1959630250930786, 0.42430293560028076, 0.32788538932800293, 0.6159393787384033, 0.9152798652648926]], "lowlevel.dissonance.mean": [0.7023224830627441], "lowlevel.hfc.mean": [0.4996107220649719], "lowlevel.mfcc.mean": [[0.32046449184417725, -0.008955925703048706, 0.5718744397163391, 0.561308741569519, 0.6041703224182129, 0.6395323872566223, 0.8748602867126465, 0.9355407953262329, 0.9395312070846558, 0.6286474466323853, 0.704066812992096, 0.6803725361824036, -0.1690521240234375]], "sfx.logattacktime.mean": [0.5562524199485779], "sfx.inharmonicity.mean": [0.6042470335960388]}