{"lowlevel.spectral_centroid.mean": [0.41985446214675903], "lowlevel.spectral_contrast.mean": [[0.3588230609893799, 0.3804827928543091, 1.1443718671798706, 0.5345335006713867, 0.5482470989227295, 0.36718177795410156]], "lowlevel.dissonance.mean": [0.08421897888183594], "lowlevel.hfc.mean": [0.48939937353134155], "lowlevel.mfcc.mean": [[0.31130802631378174, 0.4971925616264343, 0.4832790493965149, 0.4255765974521637, 0.6041827201843262, 0.6045904755592346, 0.9888049364089966, 0.9972200989723206, 0.421238511800766, -0.09859609603881836, -0.05884087085723877, 0.5446708798408508, 0.89368736743927]], "sfx.logattacktime.mean": [0.3195589780807495], "sfx.inharmonicity.mean": [0.30752038955688477]}