{"lowlevel.spectral_centroid.mean": [0.3206832706928253], "lowlevel.spectral_contrast.mean": [[0.5720129013061523, 0.6920925378799438, 0.21760034561157227, 0.1900026798248291, 0.20661449432373047, 0.2658662796020508]], "lowlevel.dissonance.mean": [0.20104444026947021], "lowlevel.hfc.mean": [0.46588870882987976], "lowlevel.mfcc.mean": [[0.12191247940063477, 0.3626028299331665, 0.709479570388794, 0.5771508812904358, 0.4980086386203766, 0.2908256947994232, 0.20749711990356445, 0.1818883717060089, 0.3468628525733948, 0.5508705377578735, 0.8453445434570312, 1.0649091005325317, 1.1955981254577637]], "sfx.logattacktime.mean": [0.46561765670776367], "sfx.inharmonicity.mean": [0.24130871891975403]}