{"lowlevel.spectral_centroid.mean": [0.39475899934768677], "lowlevel.spectral_contrast.mean": [[0.4029303789138794, 1.2518019676208496, 1.3274797201156616, 1.0279128551483154, 1.104783535003662, 0.7626001834869385]], "lowlevel.dissonance.mean": [0.2076042890548706], "lowlevel.hfc.mean": [0.4960651695728302], "lowlevel.mfcc.mean": [[0.6793080568313599, 0.4732445776462555, -0.048044830560684204, 0.48973047733306885, 0.0377994179725647, 0.25792333483695984, 0.4782581031322479, 0.5133447051048279, 0.3922039866447449, 0.715429425239563, 0.8393462300300598, 1.3623833656311035, 1.455033540725708]], "sfx.logattacktime.mean": [0.29285696148872375], "sfx.inharmonicity.mean": [0.43226557970046997]}