{"lowlevel.spectral_centroid.mean": [0.30827105045318604], "lowlevel.spectral_contrast.mean": [[0.34028053283691406, 0.48118340969085693, 0.5205937623977661, 0.41321539878845215, 0.31836485862731934, 0.2721588611602783]], "lowlevel.dissonance.mean": [0.3497331142425537], "lowlevel.hfc.mean": [0.46513301134109497], "lowlevel.mfcc.mean": [[0.29675793647766113, 0.7804665565490723, 1.0127284526824951, 0.6834083795547485, 0.5858929753303528, 0.5427020192146301, 0.5508924126625061, 0.4533795714378357, 0.4548163414001465, 0.4544279873371124, 0.5100403428077698, 0.48946094512939453, 0.48818737268447876]], "sfx.logattacktime.mean": [0.39691781997680664], "sfx.inharmonicity.mean": [0.2002740502357483]}