{"lowlevel.spectral_centroid.mean": [0.8117069005966187], "lowlevel.spectral_contrast.mean": [[0.41782355308532715, 0.3294118642807007, 0.3620493412017822, 0.3771209716796875, 0.41957712173461914, 0.532376766204834]], "lowlevel.dissonance.mean": [0.7302378416061401], "lowlevel.hfc.mean": [0.4673193693161011], "lowlevel.mfcc.mean": [[0.7567013502120972, 0.21806615591049194, 0.3912217319011688, 0.4980585277080536, 0.27267682552337646, 0.3990081250667572, 0.3270004391670227, 0.29533088207244873, 0.33541351556777954, 0.3053073287010193, 0.405967116355896, 0.3859981298446655, 0.36826884746551514]], "sfx.logattacktime.mean": [0.7889301180839539], "sfx.inharmonicity.mean": [0.9687403440475464]}