{"lowlevel.spectral_centroid.mean": [0.359550803899765], "lowlevel.spectral_contrast.mean": [[0.6581323146820068, 0.3935960531234741, 0.2791872024536133, 0.1916205883026123, 0.17825078964233398, 0.2114870548248291]], "lowlevel.dissonance.mean": [0.47583699226379395], "lowlevel.hfc.mean": [0.4652203619480133], "lowlevel.mfcc.mean": [[0.15705931186676025, 0.42682409286499023, 0.7725615501403809, 0.7227522134780884, 0.7703393697738647, 0.713779866695404, 0.7355861067771912, 0.702181875705719, 0.7221207618713379, 0.7117278575897217, 0.767005443572998, 0.7516868710517883, 0.7294355034828186]], "sfx.logattacktime.mean": [0.3196868300437927], "sfx.inharmonicity.mean": [0.21604672074317932]}