{"lowlevel.spectral_centroid.mean": [0.34265193343162537], "lowlevel.spectral_contrast.mean": [[1.2006322145462036, 1.0859403610229492, 1.2161352634429932, 1.0073192119598389, 0.5144693851470947, 0.24965858459472656]], "lowlevel.dissonance.mean": [-0.3994629383087158], "lowlevel.hfc.mean": [0.46823006868362427], "lowlevel.mfcc.mean": [[0.4948381185531616, 1.090722918510437, 0.8193855881690979, 0.08075252175331116, 0.23245468735694885, 0.463966965675354, 0.4606446623802185, 0.46481853723526, 0.656579315662384, 0.5828795433044434, 0.3967868983745575, 0.2855041027069092, 0.29967212677001953]], "sfx.logattacktime.mean": [0.33102598786354065], "sfx.inharmonicity.mean": [0.22472266852855682]}