{"lowlevel.spectral_centroid.mean": [0.3743225634098053], "lowlevel.spectral_contrast.mean": [[0.3207833766937256, 1.0709563493728638, 0.6348123550415039, 0.6348624229431152, 0.4404897689819336, 0.33786940574645996]], "lowlevel.dissonance.mean": [-0.0600932240486145], "lowlevel.hfc.mean": [0.4815436899662018], "lowlevel.mfcc.mean": [[0.26957666873931885, 0.5731641054153442, 0.6038488149642944, 0.380362868309021, 0.4656032621860504, 0.26305311918258667, 0.15106716752052307, 0.24614301323890686, 0.4827609956264496, 0.6796118021011353, 0.961732804775238, 1.0495235919952393, 0.8606908917427063]], "sfx.logattacktime.mean": [0.2685560882091522], "sfx.inharmonicity.mean": [0.615199089050293]}