{"lowlevel.spectral_centroid.mean": [0.4889402389526367], "lowlevel.spectral_contrast.mean": [[0.7961310148239136, 0.37261807918548584, 0.4051729440689087, 0.418349027633667, 0.4017782211303711, 0.5069549083709717]], "lowlevel.dissonance.mean": [0.43297433853149414], "lowlevel.hfc.mean": [0.4942813813686371], "lowlevel.mfcc.mean": [[0.6039078235626221, 0.524573802947998, 0.7875043153762817, 0.4465155601501465, 0.7538708448410034, 0.7640525102615356, 0.6462820768356323, 0.9177111387252808, 0.6197137236595154, 0.813737154006958, 0.7594619989395142, 0.7584280967712402, 0.7077472805976868]], "sfx.logattacktime.mean": [0.3512602150440216], "sfx.inharmonicity.mean": [1.2842209339141846]}