{"lowlevel.spectral_centroid.mean": [0.3403114676475525], "lowlevel.spectral_contrast.mean": [[0.8402813076972961, 1.0398037433624268, 0.581824779510498, 0.5687530040740967, 0.5995833873748779, 0.6458041667938232]], "lowlevel.dissonance.mean": [0.524852991104126], "lowlevel.hfc.mean": [0.5311715602874756], "lowlevel.mfcc.mean": [[1.0696855783462524, 0.7465879917144775, 0.4763213098049164, 0.7219127416610718, 0.5379617810249329, 0.5433595776557922, 0.3350954055786133, 0.33620017766952515, 0.28339439630508423, 0.33848750591278076, 0.37824153900146484, 0.45440372824668884, 0.46871599555015564]], "sfx.logattacktime.mean": [0.4159172773361206], "sfx.inharmonicity.mean": [0.4206618070602417]}