{"lowlevel.spectral_centroid.mean": [0.46396082639694214], "lowlevel.spectral_contrast.mean": [[0.6888008713722229, 0.5156452655792236, 0.4715147018432617, 0.4856100082397461, 0.4227306842803955, 0.3810262680053711]], "lowlevel.dissonance.mean": [0.5372627973556519], "lowlevel.hfc.mean": [0.477817565202713], "lowlevel.mfcc.mean": [[0.6500177383422852, 0.8704019784927368, 0.5926054120063782, 0.6272016167640686, 0.599291205406189, 0.6597013473510742, 0.6270290017127991, 0.6061366200447083, 0.5287472605705261, 0.5320144891738892, 0.4713520407676697, 0.4779655635356903, 0.47128233313560486]], "sfx.logattacktime.mean": [0.2954196631908417], "sfx.inharmonicity.mean": [0.3476914167404175]}