{"lowlevel.spectral_centroid.mean": [0.3282710015773773], "lowlevel.spectral_contrast.mean": [[0.8140881061553955, 0.36492836475372314, 0.35325050354003906, 0.37894201278686523, 0.3620188236236572, 0.31583738327026367]], "lowlevel.dissonance.mean": [0.5265289545059204], "lowlevel.hfc.mean": [0.467586487531662], "lowlevel.mfcc.mean": [[0.21577417850494385, 0.5619468688964844, 0.8814927339553833, 0.8995514512062073, 1.0167148113250732, 0.9054641127586365, 0.8932095766067505, 0.8977954983711243, 0.8530522584915161, 0.6813980340957642, 0.6532797813415527, 0.6246477961540222, 0.5373391509056091]], "sfx.logattacktime.mean": [0.2636168301105499], "sfx.inharmonicity.mean": [0.20085890591144562]}