{"lowlevel.spectral_centroid.mean": [0.5219748020172119], "lowlevel.spectral_contrast.mean": [[0.40022099018096924, 0.7966653108596802, 0.7055257558822632, 0.681093692779541, 0.5560200214385986, 0.46294617652893066]], "lowlevel.dissonance.mean": [0.3469592332839966], "lowlevel.hfc.mean": [0.46560683846473694], "lowlevel.mfcc.mean": [[0.3561513423919678, 0.4169740676879883, 0.3527272641658783, 0.41207554936408997, 0.34686458110809326, 0.2464863657951355, 0.1180712878704071, 0.25469914078712463, 0.5253338813781738, 0.4009842574596405, 0.3100535571575165, 0.33640313148498535, 0.46621888875961304]], "sfx.logattacktime.mean": [0.609772801399231], "sfx.inharmonicity.mean": [0.9201087951660156]}