{"lowlevel.spectral_centroid.mean": [0.3319960832595825], "lowlevel.spectral_contrast.mean": [[1.0727014541625977, 1.3518458604812622, 0.5692764520645142, 0.3466789722442627, 0.22155117988586426, 0.2868335247039795]], "lowlevel.dissonance.mean": [-0.850730299949646], "lowlevel.hfc.mean": [0.47447559237480164], "lowlevel.mfcc.mean": [[0.36518406867980957, 0.9642459154129028, 1.2008394002914429, 0.721216082572937, 0.28735658526420593, -0.00981295108795166, -0.07286304235458374, -0.16830170154571533, -0.1516963243484497, -0.06830447912216187, 0.21654686331748962, 0.44272345304489136, 0.5565467476844788]], "sfx.logattacktime.mean": [0.24543476104736328], "sfx.inharmonicity.mean": [0.2608416974544525]}