{"lowlevel.spectral_centroid.mean": [0.33418357372283936], "lowlevel.spectral_contrast.mean": [[0.8452374339103699, 0.786712646484375, 0.5313353538513184, 0.46428608894348145, 0.3658428192138672, 0.39693403244018555]], "lowlevel.dissonance.mean": [0.12724363803863525], "lowlevel.hfc.mean": [0.4671950042247772], "lowlevel.mfcc.mean": [[0.3929293155670166, 0.6961565017700195, 0.5493718385696411, 0.3381979465484619, 0.2241916060447693, 0.04383212327957153, 0.007930904626846313, -0.16435474157333374, -0.10998702049255371, -0.07275611162185669, -0.06653505563735962, 0.0766068696975708, 0.28611189126968384]], "sfx.logattacktime.mean": [0.2576858103275299], "sfx.inharmonicity.mean": [0.4085544943809509]}