{"lowlevel.spectral_centroid.mean": [0.9667201042175293], "lowlevel.spectral_contrast.mean": [[-0.004120588302612305, 0.09779071807861328, 1.1140142679214478, 1.145019292831421, 0.17047953605651855, 0.21019792556762695]], "lowlevel.dissonance.mean": [-0.03487288951873779], "lowlevel.hfc.mean": [0.603308916091919], "lowlevel.mfcc.mean": [[0.25261998176574707, 0.39383772015571594, 0.21292978525161743, -0.17309659719467163, 0.18734759092330933, 0.7526332139968872, 0.7711983919143677, 0.5413341522216797, 0.6198992729187012, 0.5927591323852539, 0.7142663598060608, 0.08109217882156372, -0.4261438250541687]], "sfx.logattacktime.mean": [0.3595515489578247], "sfx.inharmonicity.mean": [1.1548192501068115]}