{"lowlevel.spectral_centroid.mean": [0.412929892539978], "lowlevel.spectral_contrast.mean": [[0.45594000816345215, 0.5369836091995239, 0.4358025789260864, 0.23524212837219238, 0.19096708297729492, 0.21073150634765625]], "lowlevel.dissonance.mean": [-0.13135826587677002], "lowlevel.hfc.mean": [0.46513205766677856], "lowlevel.mfcc.mean": [[0.16284239292144775, 0.44928812980651855, 0.7584160566329956, 0.626645565032959, 0.6370989680290222, 0.558256983757019, 0.5305375456809998, 0.44644081592559814, 0.4415265619754791, 0.33776676654815674, 0.2849639058113098, 0.2485521286725998, 0.3486347198486328]], "sfx.logattacktime.mean": [0.2378709614276886], "sfx.inharmonicity.mean": [0.25512683391571045]}