{"lowlevel.spectral_centroid.mean": [0.33057451248168945], "lowlevel.spectral_contrast.mean": [[0.8965907692909241, 1.0290396213531494, 0.8024805784225464, 0.8544890880584717, 0.5200986862182617, 0.3607468605041504]], "lowlevel.dissonance.mean": [-0.11124801635742188], "lowlevel.hfc.mean": [0.4651551842689514], "lowlevel.mfcc.mean": [[0.2833220958709717, 0.6104685068130493, 0.5198289155960083, 0.1098279058933258, 0.3167886435985565, 0.33333274722099304, 0.13312479853630066, -0.1606091856956482, -0.21514129638671875, -0.23269206285476685, -0.10799872875213623, 0.028879880905151367, 0.11701294779777527]], "sfx.logattacktime.mean": [0.6081610918045044], "sfx.inharmonicity.mean": [0.2731844484806061]}