{"lowlevel.spectral_centroid.mean": [0.3431060314178467], "lowlevel.spectral_contrast.mean": [[0.19007790088653564, 1.7525399923324585, 1.1314806938171387, 1.197382926940918, 1.3934005498886108, 0.8501071929931641]], "lowlevel.dissonance.mean": [-0.21339154243469238], "lowlevel.hfc.mean": [0.4786440134048462], "lowlevel.mfcc.mean": [[0.3656585216522217, 0.31489765644073486, 0.2522733807563782, 0.9448297023773193, 0.2678898274898529, 0.029434651136398315, -0.032659173011779785, -0.488685667514801, -0.7250781655311584, -0.581562876701355, -0.03555893898010254, 0.9343984127044678, 2.3232498168945312]], "sfx.logattacktime.mean": [0.7367583513259888], "sfx.inharmonicity.mean": [0.4385005831718445]}