{"lowlevel.spectral_centroid.mean": [0.32213670015335083], "lowlevel.spectral_contrast.mean": [[0.5721511840820312, 0.6744014024734497, 0.6676555871963501, 0.631258487701416, 0.6151196956634521, 0.633690357208252]], "lowlevel.dissonance.mean": [0.18741059303283691], "lowlevel.hfc.mean": [0.47026729583740234], "lowlevel.mfcc.mean": [[0.44191622734069824, 0.9402706623077393, 0.4625687301158905, 0.691189169883728, 0.5703293681144714, 0.5925127267837524, 0.32979249954223633, 0.31045737862586975, 0.38603535294532776, 0.3613327145576477, 0.48721104860305786, 0.2409561276435852, 0.41415536403656006]], "sfx.logattacktime.mean": [0.2755817770957947], "sfx.inharmonicity.mean": [0.53852379322052]}