{"lowlevel.spectral_centroid.mean": [0.4209546744823456], "lowlevel.spectral_contrast.mean": [[0.3609250783920288, 0.3696920871734619, 0.5192559957504272, 0.477200984954834, 0.4788703918457031, 1.022153377532959]], "lowlevel.dissonance.mean": [0.699027419090271], "lowlevel.hfc.mean": [0.46768102049827576], "lowlevel.mfcc.mean": [[0.776329517364502, 0.6646884679794312, 0.14584746956825256, 0.5738388299942017, 0.05209711194038391, 0.7149819135665894, 0.4143044054508209, 0.5772883892059326, 0.34112101793289185, 0.2078787088394165, 0.31457048654556274, 0.11505210399627686, 0.5003552436828613]], "sfx.logattacktime.mean": [0.608915388584137], "sfx.inharmonicity.mean": [0.9114830493927002]}