{"lowlevel.spectral_centroid.mean": [0.45681077241897583], "lowlevel.spectral_contrast.mean": [[0.5108801126480103, 0.3703190088272095, 1.2384145259857178, 1.2001546621322632, 1.0666027069091797, 0.9247336387634277]], "lowlevel.dissonance.mean": [0.44361603260040283], "lowlevel.hfc.mean": [0.4847842752933502], "lowlevel.mfcc.mean": [[0.7495536804199219, 0.30483001470565796, 0.16854840517044067, 0.46968352794647217, 0.15163981914520264, 0.3473989963531494, 0.5011117458343506, 0.9072827100753784, 0.9931210279464722, 0.7668119668960571, 1.1052454710006714, 0.8246817588806152, 0.29707908630371094]], "sfx.logattacktime.mean": [0.3426538109779358], "sfx.inharmonicity.mean": [1.467292308807373]}