{"lowlevel.spectral_centroid.mean": [0.8737720251083374], "lowlevel.spectral_contrast.mean": [[0.08579611778259277, 0.14987313747406006, 0.18971848487854004, 0.6437671184539795, 0.555042028427124, 0.38219714164733887]], "lowlevel.dissonance.mean": [0.7073971033096313], "lowlevel.hfc.mean": [0.4705035984516144], "lowlevel.mfcc.mean": [[-0.09418916702270508, 0.11981301754713058, 0.42212367057800293, 0.38615137338638306, 0.496640145778656, 0.5958341360092163, 0.6570064425468445, 0.24091944098472595, 0.22043180465698242, 0.8066517114639282, 0.6351098418235779, 0.4098881483078003, 0.5418350100517273]], "sfx.logattacktime.mean": [0.49464383721351624], "sfx.inharmonicity.mean": [1.1475814580917358]}