{"lowlevel.spectral_centroid.mean": [0.6941699385643005], "lowlevel.spectral_contrast.mean": [[0.37285399436950684, 0.16604864597320557, 0.20667552947998047, 0.18314051628112793, 0.8629374504089355, 0.5844640731811523]], "lowlevel.dissonance.mean": [0.7351244688034058], "lowlevel.hfc.mean": [0.48556604981422424], "lowlevel.mfcc.mean": [[0.08570265769958496, 0.11604443937540054, 0.4876880943775177, 0.5394538640975952, 0.35598161816596985, 0.5760311484336853, 0.6971600651741028, 0.22775346040725708, 0.7996732592582703, 0.4993850886821747, 0.31041020154953003, 0.9239888191223145, 0.3118196725845337]], "sfx.logattacktime.mean": [0.1893366277217865], "sfx.inharmonicity.mean": [1.000064730644226]}