{"lowlevel.spectral_centroid.mean": [0.30513259768486023], "lowlevel.spectral_contrast.mean": [[0.46159827709198, 0.5299146175384521, 0.3703603744506836, 0.34419870376586914, 0.3012874126434326, 0.8695449829101562]], "lowlevel.dissonance.mean": [0.46563661098480225], "lowlevel.hfc.mean": [0.4658237397670746], "lowlevel.mfcc.mean": [[0.4029155969619751, 0.8321179151535034, 0.8385663032531738, 0.6906739473342896, 0.6215803027153015, 0.6057006120681763, 0.6491671800613403, 0.6119676828384399, 0.5068341493606567, 0.32889288663864136, 0.4282802641391754, 0.4158080816268921, 0.5181346535682678]], "sfx.logattacktime.mean": [0.39236950874328613], "sfx.inharmonicity.mean": [0.21888533234596252]}