{"lowlevel.spectral_centroid.mean": [0.34031665325164795], "lowlevel.spectral_contrast.mean": [[0.2737696170806885, 0.9263074398040771, 1.0154149532318115, 0.7714650630950928, 0.49184513092041016, 0.34102725982666016]], "lowlevel.dissonance.mean": [0.30007779598236084], "lowlevel.hfc.mean": [0.4680647850036621], "lowlevel.mfcc.mean": [[0.3463085889816284, 0.3918655514717102, 0.18650460243225098, 0.209486722946167, 0.26272666454315186, 0.18723538517951965, 0.1434171497821808, 0.14710035920143127, 0.38931363821029663, 0.3516824245452881, 0.26324474811553955, 0.22882568836212158, 0.6386915445327759]], "sfx.logattacktime.mean": [0.4229707717895508], "sfx.inharmonicity.mean": [1.2056699991226196]}