{"lowlevel.spectral_centroid.mean": [0.328595370054245], "lowlevel.spectral_contrast.mean": [[0.8259716033935547, 0.3720555305480957, 0.356243371963501, 0.39024972915649414, 0.3820977210998535, 0.3290696144104004]], "lowlevel.dissonance.mean": [0.5436617136001587], "lowlevel.hfc.mean": [0.4674520194530487], "lowlevel.mfcc.mean": [[0.24014043807983398, 0.5844314694404602, 0.8417212963104248, 0.8758368492126465, 1.0289585590362549, 0.8637787103652954, 0.8523434400558472, 0.9242058992385864, 0.8509461283683777, 0.6576411724090576, 0.6747995615005493, 0.653489887714386, 0.5353028774261475]], "sfx.logattacktime.mean": [0.24857962131500244], "sfx.inharmonicity.mean": [0.2014738768339157]}