{"lowlevel.spectral_centroid.mean": [0.3063788414001465], "lowlevel.spectral_contrast.mean": [[0.988073468208313, 0.6357985734939575, 0.6009581089019775, 0.6461036205291748, 0.3997001647949219, 0.434359073638916]], "lowlevel.dissonance.mean": [0.47999727725982666], "lowlevel.hfc.mean": [0.47857072949409485], "lowlevel.mfcc.mean": [[0.7094789743423462, 1.0296424627304077, 0.8190463781356812, 0.5410292148590088, 0.47508981823921204, 0.8580108880996704, 0.683247447013855, 0.5611347556114197, 0.6402698755264282, 0.6900302767753601, 0.6639355421066284, 0.5494517087936401, 0.5794689059257507]], "sfx.logattacktime.mean": [0.6467694640159607], "sfx.inharmonicity.mean": [0.21175658702850342]}