{"lowlevel.spectral_centroid.mean": [0.31821879744529724], "lowlevel.spectral_contrast.mean": [[0.8679986000061035, 0.737088680267334, 0.44892585277557373, 0.2337055206298828, 0.1717207431793213, 0.2276923656463623]], "lowlevel.dissonance.mean": [-0.29741978645324707], "lowlevel.hfc.mean": [0.4656809866428375], "lowlevel.mfcc.mean": [[0.18028879165649414, 0.44441258907318115, 0.710421085357666, 0.5210067629814148, 0.427804559469223, 0.3206571936607361, 0.283810555934906, 0.20330017805099487, 0.19759491086006165, 0.10033407807350159, 0.11969566345214844, 0.10156619548797607, 0.10579371452331543]], "sfx.logattacktime.mean": [0.270105242729187], "sfx.inharmonicity.mean": [0.22521865367889404]}