{"lowlevel.spectral_centroid.mean": [0.3192586600780487], "lowlevel.spectral_contrast.mean": [[0.9868503212928772, 0.7812772989273071, 0.7773857116699219, 0.7628092765808105, 0.4097750186920166, 0.9176573753356934]], "lowlevel.dissonance.mean": [0.2451876401901245], "lowlevel.hfc.mean": [0.47844812273979187], "lowlevel.mfcc.mean": [[0.7074911594390869, 1.1506905555725098, 0.6638612747192383, 0.5053690075874329, 0.3107020854949951, 0.6064155101776123, 0.3916022777557373, 0.42808622121810913, 0.29494965076446533, 0.42043328285217285, 0.5584176778793335, 0.2822762429714203, 0.46401411294937134]], "sfx.logattacktime.mean": [0.5709993243217468], "sfx.inharmonicity.mean": [0.3519116938114166]}