{"lowlevel.spectral_centroid.mean": [0.3442552089691162], "lowlevel.spectral_contrast.mean": [[0.7998944520950317, 1.0098580121994019, 0.49259817600250244, 0.3881208896636963, 0.5369489192962646, 0.593679666519165]], "lowlevel.dissonance.mean": [0.1996840238571167], "lowlevel.hfc.mean": [0.4728320240974426], "lowlevel.mfcc.mean": [[0.5165157318115234, 0.756259560585022, 0.6099919080734253, 0.9107692837715149, 0.6776028275489807, 0.3408479392528534, 0.43537846207618713, 0.3987741470336914, 0.2866871953010559, 0.2335323840379715, 0.3521612584590912, 0.6753779649734497, 0.6069666743278503]], "sfx.logattacktime.mean": [0.445418119430542], "sfx.inharmonicity.mean": [0.3324122130870819]}