{"lowlevel.spectral_centroid.mean": [0.5796152949333191], "lowlevel.spectral_contrast.mean": [[0.34251415729522705, 0.5720571279525757, 0.8501495122909546, 1.0824626684188843, 1.133597731590271, 1.2491633892059326]], "lowlevel.dissonance.mean": [0.6008037328720093], "lowlevel.hfc.mean": [0.47556188702583313], "lowlevel.mfcc.mean": [[0.4212222099304199, 0.25166618824005127, 0.1363230049610138, 0.8465391397476196, 0.48459675908088684, 0.670822262763977, 0.6075206995010376, 0.7121150493621826, 0.4296243190765381, 0.6303638815879822, 0.6911308765411377, 0.5962521433830261, 0.38743627071380615]], "sfx.logattacktime.mean": [0.5987000465393066], "sfx.inharmonicity.mean": [1.1270498037338257]}