{"lowlevel.spectral_centroid.mean": [0.402424693107605], "lowlevel.spectral_contrast.mean": [[0.16659557819366455, 1.025860071182251, 0.9237306118011475, 1.0300259590148926, 1.0153770446777344, 0.6759710311889648]], "lowlevel.dissonance.mean": [0.4540597200393677], "lowlevel.hfc.mean": [0.4888691306114197], "lowlevel.mfcc.mean": [[0.49099719524383545, 0.31543007493019104, 0.2316482961177826, 0.5067082643508911, 0.360439270734787, 0.05553939938545227, 0.15178295969963074, 0.28252020478248596, 0.3937905430793762, 0.3526022136211395, 0.41404837369918823, 0.6169100999832153, 1.1496825218200684]], "sfx.logattacktime.mean": [0.5739585161209106], "sfx.inharmonicity.mean": [0.37085196375846863]}