{"lowlevel.spectral_centroid.mean": [0.3170085549354553], "lowlevel.spectral_contrast.mean": [[0.4910757541656494, 0.3697603940963745, 0.38372802734375, 0.30430102348327637, 0.2645878791809082, 0.26865482330322266]], "lowlevel.dissonance.mean": [0.34494197368621826], "lowlevel.hfc.mean": [0.46528905630111694], "lowlevel.mfcc.mean": [[0.25459396839141846, 0.6952686309814453, 1.033815622329712, 0.8840852975845337, 0.797012209892273, 0.6178005933761597, 0.5530001521110535, 0.5144469141960144, 0.5881892442703247, 0.5873537063598633, 0.583656907081604, 0.4867563545703888, 0.406238853931427]], "sfx.logattacktime.mean": [0.25121086835861206], "sfx.inharmonicity.mean": [0.21290266513824463]}