{"lowlevel.spectral_centroid.mean": [0.3231598734855652], "lowlevel.spectral_contrast.mean": [[0.9602511525154114, 0.7797096967697144, 0.5254892110824585, 0.528756856918335, 0.528273344039917, 0.5734968185424805]], "lowlevel.dissonance.mean": [0.5593259334564209], "lowlevel.hfc.mean": [0.5174705982208252], "lowlevel.mfcc.mean": [[0.9370299577713013, 0.7727310657501221, 0.6038191914558411, 0.8586534261703491, 0.6602180004119873, 0.6461101174354553, 0.42446446418762207, 0.3251964747905731, 0.3292872905731201, 0.26936835050582886, 0.31753838062286377, 0.3071363866329193, 0.25050801038742065]], "sfx.logattacktime.mean": [0.5148453712463379], "sfx.inharmonicity.mean": [0.326296329498291]}