{"lowlevel.spectral_centroid.mean": [0.6180089116096497], "lowlevel.spectral_contrast.mean": [[0.4777863025665283, 0.5352311134338379, 0.8006811141967773, 0.936032772064209, 1.0887199640274048, 0.7786865234375]], "lowlevel.dissonance.mean": [0.6793808937072754], "lowlevel.hfc.mean": [0.49807265400886536], "lowlevel.mfcc.mean": [[0.813206672668457, 0.23460930585861206, -0.03744515776634216, 0.5118539333343506, 0.22691798210144043, 0.07070395350456238, 0.3550882935523987, 0.08447036147117615, 0.20795756578445435, 0.4120228886604309, -0.06654936075210571, 0.20165541768074036, 0.3166719079017639]], "sfx.logattacktime.mean": [0.6425497531890869], "sfx.inharmonicity.mean": [0.785054087638855]}