{"lowlevel.spectral_centroid.mean": [0.33368009328842163], "lowlevel.spectral_contrast.mean": [[0.34105396270751953, 0.43187499046325684, 0.42683231830596924, 0.2641639709472656, 0.1870861053466797, 0.21725845336914062]], "lowlevel.dissonance.mean": [0.10596132278442383], "lowlevel.hfc.mean": [0.46507903933525085], "lowlevel.mfcc.mean": [[0.003688335418701172, 0.6045840382575989, 0.9444872140884399, 0.7629276514053345, 0.654742419719696, 0.5023761987686157, 0.4543580412864685, 0.32936400175094604, 0.22298085689544678, 0.023219287395477295, -0.05225425958633423, -0.026012778282165527, 0.18821489810943604]], "sfx.logattacktime.mean": [0.29953473806381226], "sfx.inharmonicity.mean": [0.5426492691040039]}