{"lowlevel.spectral_centroid.mean": [0.3599165081977844], "lowlevel.spectral_contrast.mean": [[0.7376142144203186, 0.6716889142990112, 0.5467441082000732, 0.28348851203918457, 0.18636631965637207, 0.20703744888305664]], "lowlevel.dissonance.mean": [-0.239030122756958], "lowlevel.hfc.mean": [0.46636801958084106], "lowlevel.mfcc.mean": [[0.1783151626586914, 0.49173903465270996, 0.7840974926948547, 0.5750985145568848, 0.5192899107933044, 0.42301860451698303, 0.4146375060081482, 0.36614084243774414, 0.4149080514907837, 0.3972245454788208, 0.3890950679779053, 0.32934534549713135, 0.34242454171180725]], "sfx.logattacktime.mean": [0.2425253689289093], "sfx.inharmonicity.mean": [0.21125033497810364]}