{"lowlevel.spectral_centroid.mean": [0.48377135396003723], "lowlevel.spectral_contrast.mean": [[0.21543478965759277, 0.9031227827072144, 1.1525886058807373, 1.3473526239395142, 0.4269719123840332, 0.3858153820037842]], "lowlevel.dissonance.mean": [0.4044848680496216], "lowlevel.hfc.mean": [0.4937407374382019], "lowlevel.mfcc.mean": [[0.6281764507293701, 0.30228686332702637, 0.14021188020706177, -0.35235971212387085, 0.2074049711227417, 0.6528070569038391, 0.3916757106781006, 0.037881553173065186, 0.01669946312904358, 0.4373532831668854, 0.8463678956031799, 0.9968621134757996, 0.829945981502533]], "sfx.logattacktime.mean": [0.3038133382797241], "sfx.inharmonicity.mean": [0.4638805091381073]}