{"lowlevel.spectral_centroid.mean": [0.5497684478759766], "lowlevel.spectral_contrast.mean": [[0.5635932683944702, 0.36166131496429443, 0.29605674743652344, 0.33173203468322754, 0.3616194725036621, 0.29235339164733887]], "lowlevel.dissonance.mean": [0.47309207916259766], "lowlevel.hfc.mean": [0.46861162781715393], "lowlevel.mfcc.mean": [[0.16230952739715576, 0.336067259311676, 0.5964341163635254, 0.6460168957710266, 0.6877328157424927, 0.5677383542060852, 0.5890530347824097, 0.5331500172615051, 0.5405739545822144, 0.5343232154846191, 0.48915696144104004, 0.3594953119754791, 0.3708649277687073]], "sfx.logattacktime.mean": [0.37382596731185913], "sfx.inharmonicity.mean": [0.4309796094894409]}