{"lowlevel.spectral_centroid.mean": [0.33779919147491455], "lowlevel.spectral_contrast.mean": [[0.9402016401290894, 0.7940717935562134, 0.7164071798324585, 0.6664528846740723, 0.966041088104248, 0.6702010631561279]], "lowlevel.dissonance.mean": [0.29857659339904785], "lowlevel.hfc.mean": [0.4674689769744873], "lowlevel.mfcc.mean": [[0.502402663230896, 0.8193620443344116, 0.44224390387535095, 0.5167813897132874, 0.1978369951248169, -0.22730469703674316, 0.11591768264770508, 0.04900410771369934, 0.0643332302570343, 0.015484243631362915, 0.09341475367546082, 0.19721928238868713, 0.19897204637527466]], "sfx.logattacktime.mean": [0.6938447952270508], "sfx.inharmonicity.mean": [0.672961950302124]}