{"lowlevel.spectral_centroid.mean": [0.303954154253006], "lowlevel.spectral_contrast.mean": [[0.8123342394828796, 0.6403598785400391, 0.48670434951782227, 0.5084526538848877, 0.32932281494140625, 0.41411662101745605]], "lowlevel.dissonance.mean": [0.2977224588394165], "lowlevel.hfc.mean": [0.4686734676361084], "lowlevel.mfcc.mean": [[0.424812912940979, 0.889063835144043, 0.8108972311019897, 0.6280178427696228, 0.5092224478721619, 0.4448769688606262, 0.8009581565856934, 0.7344343662261963, 0.7311399579048157, 0.7140916585922241, 0.7602744102478027, 0.9400337338447571, 0.8283593654632568]], "sfx.logattacktime.mean": [0.4886888861656189], "sfx.inharmonicity.mean": [0.24567076563835144]}