{"lowlevel.spectral_centroid.mean": [0.5377784967422485], "lowlevel.spectral_contrast.mean": [[0.33068907260894775, 0.39998507499694824, 1.1705583333969116, 1.0400593280792236, 1.0265308618545532, 1.5133572816848755]], "lowlevel.dissonance.mean": [0.5035171508789062], "lowlevel.hfc.mean": [0.6969512701034546], "lowlevel.mfcc.mean": [[0.47686684131622314, 0.37068986892700195, 0.039908766746520996, 0.5538826584815979, 0.06996318697929382, 0.6051061153411865, 0.8722041845321655, 0.665463924407959, 0.053751736879348755, -0.7347748279571533, 1.0869805812835693, 0.6391580700874329, 0.47365498542785645]], "sfx.logattacktime.mean": [0.4030449390411377], "sfx.inharmonicity.mean": [0.7444881200790405]}