{"lowlevel.spectral_centroid.mean": [0.40013250708580017], "lowlevel.spectral_contrast.mean": [[0.2099534273147583, 1.0279302597045898, 1.0340111255645752, 1.0059083700180054, 0.8832154273986816, 0.6065783500671387]], "lowlevel.dissonance.mean": [0.38264739513397217], "lowlevel.hfc.mean": [0.4715721905231476], "lowlevel.mfcc.mean": [[0.5038743019104004, 0.3863230347633362, 0.16221308708190918, 0.35946905612945557, 0.3208474814891815, 0.24474643170833588, 0.25656574964523315, 0.1819230020046234, 0.09235134720802307, 0.15239256620407104, 0.2692238688468933, 0.229812353849411, 0.48541972041130066]], "sfx.logattacktime.mean": [0.5655778050422668], "sfx.inharmonicity.mean": [0.3299395740032196]}