{"lowlevel.spectral_centroid.mean": [0.30737191438674927], "lowlevel.spectral_contrast.mean": [[0.6189879179000854, 0.38829922676086426, 0.2753164768218994, 0.18869972229003906, 0.17123651504516602, 0.21561551094055176]], "lowlevel.dissonance.mean": [-0.08563977479934692], "lowlevel.hfc.mean": [0.46529334783554077], "lowlevel.mfcc.mean": [[0.1624230146408081, 0.44300007820129395, 0.8188662528991699, 0.8081939220428467, 0.8530316352844238, 0.7760229110717773, 0.7464982867240906, 0.6545318365097046, 0.635458767414093, 0.5409377217292786, 0.49457719922065735, 0.4055202305316925, 0.375320702791214]], "sfx.logattacktime.mean": [0.2652915120124817], "sfx.inharmonicity.mean": [0.263178288936615]}