{"lowlevel.spectral_centroid.mean": [0.3865130841732025], "lowlevel.spectral_contrast.mean": [[0.3341561555862427, 0.5938506126403809, 0.2706899642944336, 0.23390460014343262, 0.20270276069641113, 0.2270658016204834]], "lowlevel.dissonance.mean": [0.18784809112548828], "lowlevel.hfc.mean": [0.46510428190231323], "lowlevel.mfcc.mean": [[0.13485825061798096, 0.36929160356521606, 0.6921145915985107, 0.6216198205947876, 0.6393272876739502, 0.5506797432899475, 0.530832052230835, 0.44259676337242126, 0.4535680115222931, 0.4490574598312378, 0.5135351419448853, 0.5120247006416321, 0.5545309782028198]], "sfx.logattacktime.mean": [0.11920005083084106], "sfx.inharmonicity.mean": [0.23532547056674957]}