{"lowlevel.spectral_centroid.mean": [0.32771816849708557], "lowlevel.spectral_contrast.mean": [[0.39738500118255615, 0.5557687282562256, 0.4777517318725586, 0.23279404640197754, 0.2000877857208252, 0.23372292518615723]], "lowlevel.dissonance.mean": [0.05114150047302246], "lowlevel.hfc.mean": [0.4652792513370514], "lowlevel.mfcc.mean": [[0.16948533058166504, 0.3975546956062317, 0.6229311227798462, 0.446272611618042, 0.383322536945343, 0.25652921199798584, 0.25385940074920654, 0.23446787893772125, 0.3157144784927368, 0.3080207407474518, 0.33312302827835083, 0.2744728922843933, 0.3054253160953522]], "sfx.logattacktime.mean": [0.23804959654808044], "sfx.inharmonicity.mean": [0.31284478306770325]}