{"lowlevel.spectral_centroid.mean": [0.3594015836715698], "lowlevel.spectral_contrast.mean": [[0.4365253448486328, 0.8056018352508545, 0.6252197027206421, 0.5792362689971924, 0.4705312252044678, 0.4070420265197754]], "lowlevel.dissonance.mean": [0.3389248847961426], "lowlevel.hfc.mean": [0.4659154713153839], "lowlevel.mfcc.mean": [[0.385715126991272, 0.4978949725627899, 0.4385710060596466, 0.5576143264770508, 0.42636820673942566, 0.2574007511138916, 0.2309524118900299, 0.13582369685173035, 0.08731752634048462, -0.036509811878204346, 0.029752790927886963, 0.05186539888381958, 0.22603732347488403]], "sfx.logattacktime.mean": [0.3448833227157593], "sfx.inharmonicity.mean": [0.5070217847824097]}