{"lowlevel.spectral_centroid.mean": [0.6673197746276855], "lowlevel.spectral_contrast.mean": [[0.4747079610824585, 0.3957529067993164, 0.306779146194458, 0.35126543045043945, 0.3616158962249756, 0.2846341133117676]], "lowlevel.dissonance.mean": [0.5213994979858398], "lowlevel.hfc.mean": [0.4686162769794464], "lowlevel.mfcc.mean": [[0.15701544284820557, 0.30525919795036316, 0.5536385178565979, 0.569381594657898, 0.5802167654037476, 0.46827471256256104, 0.4563390612602234, 0.40996795892715454, 0.43829891085624695, 0.4178156852722168, 0.39420634508132935, 0.33372068405151367, 0.3645211160182953]], "sfx.logattacktime.mean": [0.37661421298980713], "sfx.inharmonicity.mean": [0.588817834854126]}