{"lowlevel.spectral_centroid.mean": [0.3235781490802765], "lowlevel.spectral_contrast.mean": [[0.9076146483421326, 0.544359564781189, 0.4188385009765625, 0.25186610221862793, 0.2901160717010498, 0.293475866317749]], "lowlevel.dissonance.mean": [0.32603394985198975], "lowlevel.hfc.mean": [0.4712737798690796], "lowlevel.mfcc.mean": [[0.40161991119384766, 0.7405655384063721, 0.9473004937171936, 1.0018517971038818, 0.8762921094894409, 0.6849088668823242, 0.6058210730552673, 0.619316577911377, 0.5994049310684204, 0.4809023141860962, 0.39879369735717773, 0.315299391746521, 0.23710593581199646]], "sfx.logattacktime.mean": [0.8834272623062134], "sfx.inharmonicity.mean": [0.2057240754365921]}