{"lowlevel.spectral_centroid.mean": [0.32130691409111023], "lowlevel.spectral_contrast.mean": [[0.2881218194961548, 0.3132040500640869, 0.29947662353515625, 0.3810713291168213, 0.2504415512084961, 0.27124714851379395]], "lowlevel.dissonance.mean": [0.5489736795425415], "lowlevel.hfc.mean": [0.4651933014392853], "lowlevel.mfcc.mean": [[0.2528592348098755, 0.5704469084739685, 0.7637454867362976, 0.5598804354667664, 0.6168864965438843, 0.6467564702033997, 0.6863560676574707, 0.5517358183860779, 0.5133159756660461, 0.5168895125389099, 0.5769363045692444, 0.48689281940460205, 0.4366111755371094]], "sfx.logattacktime.mean": [0.46056175231933594], "sfx.inharmonicity.mean": [0.2476307451725006]}