{"lowlevel.spectral_centroid.mean": [0.38492733240127563], "lowlevel.spectral_contrast.mean": [[0.28288745880126953, 0.2549554109573364, 0.3679964542388916, 0.5801246166229248, 0.5213778018951416, 0.3051578998565674]], "lowlevel.dissonance.mean": [0.6490006446838379], "lowlevel.hfc.mean": [0.4671975076198578], "lowlevel.mfcc.mean": [[0.18189609050750732, 0.6920849084854126, 0.4347716271877289, 0.46609747409820557, 0.9944165945053101, 0.7141715288162231, 0.30718570947647095, 0.6247687339782715, 0.9940173625946045, 0.4924575686454773, 0.17645716667175293, 0.48621270060539246, 0.7084468603134155]], "sfx.logattacktime.mean": [0.26631805300712585], "sfx.inharmonicity.mean": [1.042269229888916]}