{"lowlevel.spectral_centroid.mean": [0.9208252429962158], "lowlevel.spectral_contrast.mean": [[0.12707042694091797, 0.49072265625, 0.22290754318237305, 0.5861713886260986, 0.5228826999664307, 0.4291551113128662]], "lowlevel.dissonance.mean": [0.6221950054168701], "lowlevel.hfc.mean": [0.4697335362434387], "lowlevel.mfcc.mean": [[0.1207345724105835, 0.18080607056617737, 0.34956103563308716, 0.3220592141151428, 0.42493724822998047, 0.45324403047561646, 0.4035363793373108, 0.33070582151412964, 0.35561394691467285, 0.41750574111938477, 0.6759114265441895, 1.0073754787445068, 0.8992257118225098]], "sfx.logattacktime.mean": [0.7740546464920044], "sfx.inharmonicity.mean": [0.8694789409637451]}