{"lowlevel.spectral_centroid.mean": [0.5075935125350952], "lowlevel.spectral_contrast.mean": [[0.5304052829742432, 0.5298364162445068, 0.5484756231307983, 0.4829542636871338, 0.3951542377471924, 0.3328390121459961]], "lowlevel.dissonance.mean": [0.46045351028442383], "lowlevel.hfc.mean": [0.46516409516334534], "lowlevel.mfcc.mean": [[0.27077579498291016, 0.576382040977478, 0.5539303421974182, 0.3275839388370514, 0.5206323266029358, 0.4525506794452667, 0.37456512451171875, 0.2600506544113159, 0.31467369198799133, 0.3065189719200134, 0.3132343590259552, 0.3306765556335449, 0.30628135800361633]], "sfx.logattacktime.mean": [0.557296097278595], "sfx.inharmonicity.mean": [0.42092519998550415]}