{"lowlevel.spectral_centroid.mean": [0.4834734797477722], "lowlevel.spectral_contrast.mean": [[0.33925819396972656, 0.4177306890487671, 0.43384718894958496, 0.5393452644348145, 0.7658414840698242, 0.6006064414978027]], "lowlevel.dissonance.mean": [0.6195366382598877], "lowlevel.hfc.mean": [0.4695042669773102], "lowlevel.mfcc.mean": [[0.2793651819229126, 0.37276801466941833, 0.4272114336490631, 0.5247899889945984, 0.497189998626709, 0.26650866866111755, 0.26428115367889404, 0.517207145690918, 0.8662539720535278, 0.782490074634552, 0.574947714805603, 0.6661264300346375, 0.8111437559127808]], "sfx.logattacktime.mean": [0.05021011829376221], "sfx.inharmonicity.mean": [0.4644409716129303]}