{"lowlevel.spectral_centroid.mean": [0.4918656647205353], "lowlevel.spectral_contrast.mean": [[0.4536510705947876, 0.33941519260406494, 0.49739813804626465, 1.4929035902023315, 1.1220345497131348, 0.7921943664550781]], "lowlevel.dissonance.mean": [0.5243966579437256], "lowlevel.hfc.mean": [0.5070499777793884], "lowlevel.mfcc.mean": [[0.6750179529190063, 0.3230406641960144, 0.24405600130558014, 0.4154035449028015, 0.4038378596305847, 0.7588868737220764, 1.009934425354004, 0.5378605127334595, -0.1092882752418518, 0.21436235308647156, 1.5832328796386719, 1.2668746709823608, -0.23572438955307007]], "sfx.logattacktime.mean": [0.3387078046798706], "sfx.inharmonicity.mean": [0.5911691188812256]}