{"lowlevel.spectral_centroid.mean": [0.31867024302482605], "lowlevel.spectral_contrast.mean": [[0.7079480290412903, 0.6809542179107666, 0.7489385604858398, 0.6152236461639404, 0.7434189319610596, 0.39227819442749023]], "lowlevel.dissonance.mean": [0.47634851932525635], "lowlevel.hfc.mean": [0.46856755018234253], "lowlevel.mfcc.mean": [[0.4868457317352295, 1.121079444885254, 0.3793819546699524, 0.5090500116348267, 0.7709653377532959, 0.5372384786605835, 0.6485023498535156, 0.4929066002368927, 0.41540491580963135, 0.22299054265022278, 0.1668303906917572, 0.40660613775253296, 0.5923782587051392]], "sfx.logattacktime.mean": [0.28381210565567017], "sfx.inharmonicity.mean": [0.638175368309021]}