{"lowlevel.spectral_centroid.mean": [0.4902727007865906], "lowlevel.spectral_contrast.mean": [[0.3764094114303589, 0.9300640821456909, 1.163710117340088, 1.1309479475021362, 0.980370283126831, 0.7055256366729736]], "lowlevel.dissonance.mean": [0.3905355930328369], "lowlevel.hfc.mean": [0.4750649929046631], "lowlevel.mfcc.mean": [[0.6368398666381836, 0.40664857625961304, -0.051431506872177124, 0.3240872025489807, 0.12496194243431091, 0.07366052269935608, 0.18840396404266357, 0.26837968826293945, 0.5085648894309998, 0.5515609979629517, 0.17585530877113342, 0.3564593195915222, 0.5552858114242554]], "sfx.logattacktime.mean": [0.9856337308883667], "sfx.inharmonicity.mean": [0.541645348072052]}