{"lowlevel.spectral_centroid.mean": [0.33231979608535767], "lowlevel.spectral_contrast.mean": [[0.9094941020011902, 0.942352294921875, 0.793012261390686, 0.9174913167953491, 0.9081506729125977, 0.701890230178833]], "lowlevel.dissonance.mean": [0.1489858627319336], "lowlevel.hfc.mean": [0.46814337372779846], "lowlevel.mfcc.mean": [[0.6164439916610718, 0.8791744709014893, 0.5490792989730835, 0.635278582572937, 0.40796560049057007, 0.2535330057144165, 0.2322375774383545, 0.1118859350681305, 0.11738541722297668, 0.10621240735054016, 0.28558164834976196, 0.3610832095146179, 0.254940927028656]], "sfx.logattacktime.mean": [0.8333243131637573], "sfx.inharmonicity.mean": [0.3366341292858124]}