{"lowlevel.spectral_centroid.mean": [0.45336341857910156], "lowlevel.spectral_contrast.mean": [[0.7121387720108032, 0.596694827079773, 0.6472874879837036, 0.5236456394195557, 0.6013858318328857, 0.8534297943115234]], "lowlevel.dissonance.mean": [0.6479177474975586], "lowlevel.hfc.mean": [0.5258755683898926], "lowlevel.mfcc.mean": [[0.8431570529937744, 0.5939767956733704, 0.3205656409263611, 0.820048451423645, 0.4433358311653137, 0.4640679657459259, 0.4928070902824402, 0.38638535141944885, 0.7201809287071228, 0.6540946364402771, 0.47347185015678406, 0.4832225441932678, 0.3025464415550232]], "sfx.logattacktime.mean": [0.43952420353889465], "sfx.inharmonicity.mean": [0.4360046684741974]}