{"lowlevel.spectral_centroid.mean": [0.3408128321170807], "lowlevel.spectral_contrast.mean": [[0.3445730209350586, 0.28378474712371826, 0.35352110862731934, 0.35538530349731445, 0.30525660514831543, 0.40883469581604004]], "lowlevel.dissonance.mean": [0.6677983999252319], "lowlevel.hfc.mean": [0.46518000960350037], "lowlevel.mfcc.mean": [[0.416784405708313, 0.5714120864868164, 0.5616573095321655, 0.5260361433029175, 0.5205363035202026, 0.7425345182418823, 0.6127855777740479, 0.570968508720398, 0.6863209009170532, 0.6603677272796631, 0.7038462162017822, 0.6542980670928955, 0.5064073801040649]], "sfx.logattacktime.mean": [0.6615614891052246], "sfx.inharmonicity.mean": [0.9773707389831543]}