{"lowlevel.spectral_centroid.mean": [0.3909357786178589], "lowlevel.spectral_contrast.mean": [[0.4552469253540039, 1.4077725410461426, 1.3545148372650146, 1.5043537616729736, 1.2836782932281494, 0.9400002956390381]], "lowlevel.dissonance.mean": [0.23552846908569336], "lowlevel.hfc.mean": [0.5306351780891418], "lowlevel.mfcc.mean": [[0.8073165416717529, 0.42395129799842834, 0.07216352224349976, 0.4448603689670563, 0.06826823949813843, 0.3217735290527344, 0.24772566556930542, 0.4356837868690491, 0.2980967164039612, 0.6063922047615051, 0.8928033113479614, 1.2062773704528809, 1.800034999847412]], "sfx.logattacktime.mean": [0.510422945022583], "sfx.inharmonicity.mean": [0.2982195019721985]}