{"lowlevel.spectral_centroid.mean": [0.4411503076553345], "lowlevel.spectral_contrast.mean": [[0.7475228309631348, 0.9767253398895264, 0.6340149641036987, 0.6324512958526611, 0.6829423904418945, 1.407426118850708]], "lowlevel.dissonance.mean": [0.6031664609909058], "lowlevel.hfc.mean": [0.61341392993927], "lowlevel.mfcc.mean": [[1.056192398071289, 0.7843673229217529, 0.07277175784111023, 1.1528801918029785, 0.19038835167884827, 0.529714047908783, 0.31190332770347595, 0.1692468225955963, 0.2929418087005615, 0.3311384916305542, 0.33173996210098267, 0.5395117402076721, 0.42901116609573364]], "sfx.logattacktime.mean": [0.4216824769973755], "sfx.inharmonicity.mean": [0.5981836318969727]}