{"lowlevel.spectral_centroid.mean": [0.34894052147865295], "lowlevel.spectral_contrast.mean": [[0.7955175638198853, 0.5387924909591675, 0.6012035608291626, 0.6297407150268555, 0.45273351669311523, 0.32451868057250977]], "lowlevel.dissonance.mean": [0.44765663146972656], "lowlevel.hfc.mean": [0.46581488847732544], "lowlevel.mfcc.mean": [[0.4475334882736206, 0.8889257907867432, 0.5970506072044373, 0.13894590735435486, 0.315396249294281, 0.33211463689804077, 0.3110228180885315, 0.22010478377342224, 0.20993855595588684, 0.17289263010025024, 0.13004252314567566, 0.08215224742889404, 0.17364642024040222]], "sfx.logattacktime.mean": [0.9002615213394165], "sfx.inharmonicity.mean": [0.34266114234924316]}