{"lowlevel.spectral_centroid.mean": [0.5227193832397461], "lowlevel.spectral_contrast.mean": [[0.7205673456192017, 0.6819136142730713, 0.6022945642471313, 0.5733308792114258, 0.8276805877685547, 0.8080079555511475]], "lowlevel.dissonance.mean": [0.7380926609039307], "lowlevel.hfc.mean": [0.7612348794937134], "lowlevel.mfcc.mean": [[1.2299199104309082, 0.34888434410095215, 0.6150784492492676, 0.9053084850311279, 0.46972334384918213, 0.3909689784049988, 0.5772685408592224, 0.20445913076400757, 0.35557442903518677, 0.5515660643577576, 0.1813238263130188, 0.4920961856842041, 0.22594180703163147]], "sfx.logattacktime.mean": [0.2929244041442871], "sfx.inharmonicity.mean": [0.2208654135465622]}