{"lowlevel.spectral_centroid.mean": [0.34256523847579956], "lowlevel.spectral_contrast.mean": [[0.6183912754058838, 0.457722544670105, 0.6929651498794556, 0.8955237865447998, 0.5883197784423828, 0.38301634788513184]], "lowlevel.dissonance.mean": [0.49792397022247314], "lowlevel.hfc.mean": [0.46542888879776], "lowlevel.mfcc.mean": [[0.46207737922668457, 0.9830125570297241, 0.6320088505744934, 0.004163771867752075, 0.4168015718460083, 0.6217660903930664, 0.3907148241996765, 0.17291465401649475, 0.2900201976299286, 0.31917697191238403, 0.30391329526901245, 0.3532988429069519, 0.513192892074585]], "sfx.logattacktime.mean": [0.3994557857513428], "sfx.inharmonicity.mean": [0.3211914896965027]}