{"lowlevel.spectral_centroid.mean": [0.4408825635910034], "lowlevel.spectral_contrast.mean": [[0.21085703372955322, 1.1505308151245117, 1.2087281942367554, 1.1890225410461426, 1.2578041553497314, 0.8811800479888916]], "lowlevel.dissonance.mean": [0.4204728603363037], "lowlevel.hfc.mean": [0.4832089841365814], "lowlevel.mfcc.mean": [[0.6149404048919678, 0.2098991423845291, 0.04872918128967285, 0.4644876718521118, 0.1597215235233307, 0.12808403372764587, 0.2708258628845215, 0.23131877183914185, 0.312117338180542, 0.2988152801990509, 0.49845996499061584, 0.8316891193389893, 0.983810544013977]], "sfx.logattacktime.mean": [0.5939249396324158], "sfx.inharmonicity.mean": [0.4040178656578064]}