{"lowlevel.spectral_centroid.mean": [0.36137667298316956], "lowlevel.spectral_contrast.mean": [[0.326651930809021, 0.7907545566558838, 0.5260046720504761, 0.3949887752532959, 0.3243868350982666, 0.2982790470123291]], "lowlevel.dissonance.mean": [-0.2320472002029419], "lowlevel.hfc.mean": [0.46613308787345886], "lowlevel.mfcc.mean": [[0.19476747512817383, 0.36257264018058777, 0.4337221682071686, 0.24350357055664062, 0.13802382349967957, 0.0027939677238464355, 0.03999674320220947, 0.05825713276863098, 0.34272512793540955, 0.5495370626449585, 0.7800083160400391, 0.9900955557823181, 0.9794055819511414]], "sfx.logattacktime.mean": [0.22412171959877014], "sfx.inharmonicity.mean": [0.4628136456012726]}