{"lowlevel.spectral_centroid.mean": [0.32290539145469666], "lowlevel.spectral_contrast.mean": [[0.4237039089202881, 0.45661354064941406, 0.4136718511581421, 0.2890934944152832, 0.202866792678833, 0.2184460163116455]], "lowlevel.dissonance.mean": [0.013713598251342773], "lowlevel.hfc.mean": [0.46510663628578186], "lowlevel.mfcc.mean": [[0.11955726146697998, 0.33973783254623413, 0.6493706703186035, 0.5071644186973572, 0.4979090094566345, 0.41114091873168945, 0.4080868065357208, 0.3450600206851959, 0.3255903720855713, 0.22964230179786682, 0.21133938431739807, 0.2043370008468628, 0.3230367600917816]], "sfx.logattacktime.mean": [0.13178789615631104], "sfx.inharmonicity.mean": [0.24101658165454865]}