{"lowlevel.spectral_centroid.mean": [0.3229510188102722], "lowlevel.spectral_contrast.mean": [[0.6878888607025146, 0.7826366424560547, 0.6205611228942871, 0.49786949157714844, 0.4796926975250244, 0.36359500885009766]], "lowlevel.dissonance.mean": [0.5775376558303833], "lowlevel.hfc.mean": [0.4691300094127655], "lowlevel.mfcc.mean": [[0.5314617156982422, 1.0219589471817017, 0.7420350313186646, 0.5038149356842041, 0.6044239401817322, 0.4221017062664032, 0.20634689927101135, 0.3451880216598511, 0.5900506377220154, 0.4675010144710541, 0.1785590946674347, 0.016234248876571655, 0.3241199851036072]], "sfx.logattacktime.mean": [0.5057696104049683], "sfx.inharmonicity.mean": [0.27335435152053833]}