{"lowlevel.spectral_centroid.mean": [0.4227861166000366], "lowlevel.spectral_contrast.mean": [[0.5142762660980225, 0.3360781669616699, 1.6846668720245361, 1.0204768180847168, 1.226776123046875, 1.1315817832946777]], "lowlevel.dissonance.mean": [0.3110222816467285], "lowlevel.hfc.mean": [0.5997321605682373], "lowlevel.mfcc.mean": [[0.7461950778961182, 0.2013576179742813, 0.3670583665370941, 0.3965723216533661, -0.10070163011550903, 0.7740973830223083, 0.8089708089828491, 1.269784927368164, 0.9086199998855591, 0.07751098275184631, -0.26575779914855957, -0.09652739763259888, 1.7002581357955933]], "sfx.logattacktime.mean": [0.5351124405860901], "sfx.inharmonicity.mean": [0.38193050026893616]}