{"lowlevel.spectral_centroid.mean": [0.4506567716598511], "lowlevel.spectral_contrast.mean": [[0.48695170879364014, 1.0342289209365845, 0.6649128198623657, 1.6277793645858765, 1.2147248983383179, 0.8619067668914795]], "lowlevel.dissonance.mean": [0.4803013801574707], "lowlevel.hfc.mean": [0.5237129926681519], "lowlevel.mfcc.mean": [[0.7850967645645142, 0.4247012734413147, -0.06726697087287903, 0.4390917718410492, 0.21553277969360352, 0.5352944135665894, 0.3477153778076172, 0.5772478580474854, 0.5859718918800354, 0.49649888277053833, 1.151103138923645, 1.5060454607009888, 0.6813770532608032]], "sfx.logattacktime.mean": [0.4250947833061218], "sfx.inharmonicity.mean": [0.5426710247993469]}