{"lowlevel.spectral_centroid.mean": [0.5096522569656372], "lowlevel.spectral_contrast.mean": [[0.4579242467880249, 0.45891034603118896, 0.72049880027771, 0.7751590013504028, 0.8988535404205322, 1.104076623916626]], "lowlevel.dissonance.mean": [0.627082347869873], "lowlevel.hfc.mean": [0.48177170753479004], "lowlevel.mfcc.mean": [[0.5496293306350708, 0.5716639161109924, -0.03492066264152527, 0.732117235660553, 0.48179683089256287, 0.3860135078430176, 0.9293299913406372, 0.6826199293136597, 0.7840947508811951, 0.27486640214920044, 0.22395598888397217, 0.19701561331748962, 0.20983195304870605]], "sfx.logattacktime.mean": [0.45318400859832764], "sfx.inharmonicity.mean": [0.6326851844787598]}