{"lowlevel.spectral_centroid.mean": [0.43253031373023987], "lowlevel.spectral_contrast.mean": [[0.3129779100418091, 0.4920058250427246, 1.1230155229568481, 0.9691025018692017, 0.8166923522949219, 0.43468761444091797]], "lowlevel.dissonance.mean": [0.3021857738494873], "lowlevel.hfc.mean": [0.47946327924728394], "lowlevel.mfcc.mean": [[0.5436698198318481, 0.594430685043335, 0.07183638215065002, 0.18736711144447327, 0.3493373990058899, 0.054526060819625854, 0.31280893087387085, 0.6138345003128052, 0.7347824573516846, 0.7107893228530884, 0.4512130618095398, 0.14586156606674194, 0.24064043164253235]], "sfx.logattacktime.mean": [0.4425196945667267], "sfx.inharmonicity.mean": [1.0668492317199707]}