{"lowlevel.spectral_centroid.mean": [0.3245823085308075], "lowlevel.spectral_contrast.mean": [[0.7126591205596924, 0.7449133396148682, 0.5960870981216431, 0.835543155670166, 0.7942032814025879, 0.3404059410095215]], "lowlevel.dissonance.mean": [0.48447155952453613], "lowlevel.hfc.mean": [0.4717736542224884], "lowlevel.mfcc.mean": [[0.637982964515686, 1.146504282951355, 0.49427106976509094, 0.4069121479988098, 0.7328402996063232, 0.3815665543079376, 0.6042184233665466, 0.4694564640522003, 0.16606217622756958, 0.3432985544204712, 0.47878801822662354, 0.4353691339492798, 0.6198511123657227]], "sfx.logattacktime.mean": [0.5153383016586304], "sfx.inharmonicity.mean": [0.24188295006752014]}