{"lowlevel.spectral_centroid.mean": [0.5208279490470886], "lowlevel.spectral_contrast.mean": [[0.56396484375, 0.4539816379547119, 0.4359856843948364, 0.42202258110046387, 0.3775620460510254, 0.3277146816253662]], "lowlevel.dissonance.mean": [0.37400615215301514], "lowlevel.hfc.mean": [0.46513697504997253], "lowlevel.mfcc.mean": [[0.2672092914581299, 0.5580108165740967, 0.5410823822021484, 0.3676856756210327, 0.5163084864616394, 0.3373193144798279, 0.28669503331184387, 0.28904467821121216, 0.43533486127853394, 0.4790443480014801, 0.431708961725235, 0.39786484837532043, 0.4262893795967102]], "sfx.logattacktime.mean": [0.5178808569908142], "sfx.inharmonicity.mean": [0.4359153211116791]}