{"lowlevel.spectral_centroid.mean": [0.5428187847137451], "lowlevel.spectral_contrast.mean": [[0.14825880527496338, 0.22304821014404297, 0.22133851051330566, 0.5785326957702637, 0.8571767807006836, 0.3401648998260498]], "lowlevel.dissonance.mean": [0.7018554210662842], "lowlevel.hfc.mean": [0.46761786937713623], "lowlevel.mfcc.mean": [[0.12387192249298096, 0.16719688475131989, 0.3698030710220337, 0.6016486883163452, 0.755749523639679, 0.4827805459499359, 0.560738205909729, 0.6234441995620728, 0.3763846158981323, 0.35358309745788574, 0.8357630372047424, 0.7170236110687256, 0.15754571557044983]], "sfx.logattacktime.mean": [0.40487000346183777], "sfx.inharmonicity.mean": [0.6399239897727966]}