{"lowlevel.spectral_centroid.mean": [0.3196536600589752], "lowlevel.spectral_contrast.mean": [[0.9569105505943298, 0.37350547313690186, 0.351945161819458, 0.33252954483032227, 0.3436751365661621, 0.30199098587036133]], "lowlevel.dissonance.mean": [0.5189545154571533], "lowlevel.hfc.mean": [0.4669955372810364], "lowlevel.mfcc.mean": [[0.2139286994934082, 0.571070671081543, 0.9125081300735474, 0.9379745721817017, 1.05573570728302, 0.9716329574584961, 0.9837865829467773, 0.9722936153411865, 0.919310450553894, 0.7504681348800659, 0.7120146751403809, 0.6775720119476318, 0.595569908618927]], "sfx.logattacktime.mean": [0.24729067087173462], "sfx.inharmonicity.mean": [0.19451174139976501]}