{"lowlevel.spectral_centroid.mean": [0.3083924353122711], "lowlevel.spectral_contrast.mean": [[0.8233506083488464, 0.6857707500457764, 0.5400111675262451, 0.4587247371673584, 0.35843420028686523, 0.28229260444641113]], "lowlevel.dissonance.mean": [-0.07555627822875977], "lowlevel.hfc.mean": [0.4660009741783142], "lowlevel.mfcc.mean": [[0.37868547439575195, 0.9341896772384644, 1.046753168106079, 0.6964095830917358, 0.6497194766998291, 0.516879677772522, 0.4524262249469757, 0.40511471033096313, 0.4289669394493103, 0.3853687345981598, 0.4168393313884735, 0.4054827392101288, 0.4024074375629425]], "sfx.logattacktime.mean": [0.6423438787460327], "sfx.inharmonicity.mean": [0.2343948930501938]}