{"lowlevel.spectral_centroid.mean": [0.6674002408981323], "lowlevel.spectral_contrast.mean": [[0.2994455099105835, 0.44109654426574707, 0.30916929244995117, 0.35164308547973633, 0.3013143539428711, 0.3370018005371094]], "lowlevel.dissonance.mean": [0.6053577661514282], "lowlevel.hfc.mean": [0.4696175456047058], "lowlevel.mfcc.mean": [[0.31886839866638184, 0.43974047899246216, 0.5735215544700623, 0.45868921279907227, 0.4963643550872803, 0.5072285532951355, 0.3733958601951599, 0.2990705370903015, 0.2784464955329895, 0.28156065940856934, 0.3851945996284485, 0.4185675382614136, 0.5084277987480164]], "sfx.logattacktime.mean": [0.5096937417984009], "sfx.inharmonicity.mean": [0.4356614351272583]}