{"lowlevel.spectral_centroid.mean": [0.4185436964035034], "lowlevel.spectral_contrast.mean": [[0.6185197830200195, 0.7390701770782471, 0.648332953453064, 0.7663077116012573, 0.9408185482025146, 0.6734249591827393]], "lowlevel.dissonance.mean": [0.5783636569976807], "lowlevel.hfc.mean": [0.4995635747909546], "lowlevel.mfcc.mean": [[0.7759311199188232, 0.5309580564498901, 0.19802796840667725, 0.05794036388397217, 0.404415100812912, 0.24215327203273773, 0.011427968740463257, -0.08983957767486572, 0.6478222608566284, 0.16704237461090088, 0.5602429509162903, 0.48406100273132324, -0.006501555442810059]], "sfx.logattacktime.mean": [0.4231109321117401], "sfx.inharmonicity.mean": [0.47016894817352295]}