{"lowlevel.spectral_centroid.mean": [0.9349819421768188], "lowlevel.spectral_contrast.mean": [[0.006262660026550293, 0.2925785779953003, 1.1677769422531128, 1.2185096740722656, 0.18808913230895996, 0.22831463813781738]], "lowlevel.dissonance.mean": [0.16256821155548096], "lowlevel.hfc.mean": [0.6078996658325195], "lowlevel.mfcc.mean": [[0.26297128200531006, 0.43054118752479553, 0.2852456271648407, -0.11175543069839478, 0.16234242916107178, 0.4430750906467438, 0.16045597195625305, 0.22693756222724915, 1.1111199855804443, 1.5597726106643677, 1.2376803159713745, -0.20801466703414917, -0.8142763376235962]], "sfx.logattacktime.mean": [0.35988906025886536], "sfx.inharmonicity.mean": [1.5043785572052002]}