{"lowlevel.spectral_centroid.mean": [0.6397522687911987], "lowlevel.spectral_contrast.mean": [[0.20423269271850586, 0.49886298179626465, 0.3747992515563965, 0.24840807914733887, 0.23854422569274902, 0.26567816734313965]], "lowlevel.dissonance.mean": [0.2933269739151001], "lowlevel.hfc.mean": [0.465084969997406], "lowlevel.mfcc.mean": [[0.1253349781036377, 0.28810325264930725, 0.45228588581085205, 0.2763126790523529, 0.3087525963783264, 0.18137595057487488, 0.2404581904411316, 0.2755507230758667, 0.3420475721359253, 0.3785739243030548, 0.43776068091392517, 0.4266694486141205, 0.49645811319351196]], "sfx.logattacktime.mean": [0.3169403076171875], "sfx.inharmonicity.mean": [0.7096269130706787]}