{"lowlevel.spectral_centroid.mean": [0.4522896111011505], "lowlevel.spectral_contrast.mean": [[0.31099188327789307, 0.6600638628005981, 0.7368456125259399, 0.8001636266708374, 0.7219212055206299, 0.6716058254241943]], "lowlevel.dissonance.mean": [0.47679758071899414], "lowlevel.hfc.mean": [0.4787929952144623], "lowlevel.mfcc.mean": [[0.5579043626785278, 0.42470619082450867, 0.3687036335468292, 0.47247862815856934, 0.35138028860092163, 0.5354551076889038, 0.4733104109764099, 0.6018453240394592, 0.6005553007125854, 0.6220861673355103, 0.5776634216308594, 0.6356041431427002, 0.5900577902793884]], "sfx.logattacktime.mean": [0.7981529235839844], "sfx.inharmonicity.mean": [0.5611770749092102]}