{"lowlevel.spectral_centroid.mean": [0.3758416175842285], "lowlevel.spectral_contrast.mean": [[0.6623736023902893, 1.008008599281311, 0.6443005800247192, 0.4430091381072998, 0.43885278701782227, 0.40846920013427734]], "lowlevel.dissonance.mean": [0.013309359550476074], "lowlevel.hfc.mean": [0.4734821915626526], "lowlevel.mfcc.mean": [[0.4005928039550781, 0.7062088251113892, 0.29670268297195435, 0.4277980923652649, 0.17899662256240845, -0.053870439529418945, -0.0481109619140625, -0.0812532901763916, -0.02551215887069702, 0.11284056305885315, 0.3459470272064209, 0.42535215616226196, 0.6630362272262573]], "sfx.logattacktime.mean": [0.7052360773086548], "sfx.inharmonicity.mean": [0.6100742220878601]}