{"lowlevel.spectral_centroid.mean": [0.3450586199760437], "lowlevel.spectral_contrast.mean": [[0.5533382892608643, 0.5601104497909546, 0.49773740768432617, 0.3806881904602051, 0.349597692489624, 0.35088348388671875]], "lowlevel.dissonance.mean": [0.35143721103668213], "lowlevel.hfc.mean": [0.4654579162597656], "lowlevel.mfcc.mean": [[0.3025684356689453, 0.5796201825141907, 0.6026512980461121, 0.45211920142173767, 0.2811320722103119, 0.08048087358474731, 0.16793373227119446, 0.054645389318466187, 0.10529282689094543, 0.07073187828063965, 0.10309076309204102, 0.3376993238925934, 0.536656379699707]], "sfx.logattacktime.mean": [0.22196736931800842], "sfx.inharmonicity.mean": [0.2337465137243271]}