{"lowlevel.spectral_centroid.mean": [0.3796211779117584], "lowlevel.spectral_contrast.mean": [[0.47444868087768555, 1.4570767879486084, 1.4788051843643188, 1.4301866292953491, 1.2566365003585815, 0.8782470226287842]], "lowlevel.dissonance.mean": [0.2428445816040039], "lowlevel.hfc.mean": [0.5770001411437988], "lowlevel.mfcc.mean": [[0.838708758354187, 0.4294719994068146, 0.17471826076507568, 0.5210943818092346, 0.010204046964645386, 0.3940076231956482, 0.505001962184906, 0.3900798261165619, 0.3842000365257263, 0.7031611800193787, 0.607183575630188, 1.3375253677368164, 1.6963282823562622]], "sfx.logattacktime.mean": [0.5030391216278076], "sfx.inharmonicity.mean": [0.25236302614212036]}