{"lowlevel.spectral_centroid.mean": [0.30893048644065857], "lowlevel.spectral_contrast.mean": [[0.37415599822998047, 0.706186056137085, 0.6194325685501099, 0.2531168460845947, 0.21742844581604004, 0.24714183807373047]], "lowlevel.dissonance.mean": [0.16180598735809326], "lowlevel.hfc.mean": [0.4651537835597992], "lowlevel.mfcc.mean": [[0.14235460758209229, 0.9311014413833618, 1.1807465553283691, 0.8350524306297302, 0.6153090596199036, 0.49229690432548523, 0.5102965235710144, 0.3677546977996826, 0.2729359269142151, 0.30909860134124756, 0.6064364910125732, 0.8066704273223877, 0.72095787525177]], "sfx.logattacktime.mean": [0.9334522485733032], "sfx.inharmonicity.mean": [0.5715807676315308]}