{"lowlevel.spectral_centroid.mean": [0.3875288665294647], "lowlevel.spectral_contrast.mean": [[0.7888410091400146, 1.3103625774383545, 0.8215795755386353, 0.31813859939575195, 0.3271942138671875, 0.38348960876464844]], "lowlevel.dissonance.mean": [-0.27935683727264404], "lowlevel.hfc.mean": [0.47421324253082275], "lowlevel.mfcc.mean": [[0.5987859964370728, 0.48073625564575195, 0.8615099191665649, 0.3609512746334076, -0.12958389520645142, -0.3668082356452942, -0.3494113087654114, -0.08024489879608154, 0.14923182129859924, 0.34244757890701294, 0.33955639600753784, 0.3013594150543213, 0.1924462616443634]], "sfx.logattacktime.mean": [0.2318454384803772], "sfx.inharmonicity.mean": [0.7746734619140625]}