{"lowlevel.spectral_centroid.mean": [1.095449686050415], "lowlevel.spectral_contrast.mean": [[0.2787097692489624, 0.49366676807403564, 0.4402196407318115, 0.8537160158157349, 0.7820489406585693, 0.7787208557128906]], "lowlevel.dissonance.mean": [0.7145631313323975], "lowlevel.hfc.mean": [0.5164077281951904], "lowlevel.mfcc.mean": [[0.6371477842330933, 0.00802585482597351, 0.25750404596328735, 0.1835140883922577, 0.40955793857574463, 0.2498646080493927, -0.3000766634941101, 0.22315922379493713, 0.3751121759414673, 0.23132234811782837, 0.1921500861644745, 1.0207476615905762, 0.9638623595237732]], "sfx.logattacktime.mean": [0.192629873752594], "sfx.inharmonicity.mean": [0.6796124577522278]}