{"lowlevel.spectral_centroid.mean": [0.3666972815990448], "lowlevel.spectral_contrast.mean": [[0.946884274482727, 0.3179517984390259, 0.26819872856140137, 0.29172539710998535, 0.33214664459228516, 0.39627742767333984]], "lowlevel.dissonance.mean": [0.6131867170333862], "lowlevel.hfc.mean": [0.4683951139450073], "lowlevel.mfcc.mean": [[0.5266282558441162, 0.2510353624820709, 0.8975651264190674, 1.0371677875518799, 1.129278302192688, 1.1188743114471436, 1.0007853507995605, 0.9061518907546997, 0.7323760986328125, 0.6290712356567383, 0.4839347004890442, 0.41190361976623535, 0.31543201208114624]], "sfx.logattacktime.mean": [0.22649767994880676], "sfx.inharmonicity.mean": [0.2311950922012329]}