{"lowlevel.spectral_centroid.mean": [0.33721643686294556], "lowlevel.spectral_contrast.mean": [[0.9116613864898682, 0.4657849073410034, 0.4265625476837158, 0.21698546409606934, 0.17237162590026855, 0.19406628608703613]], "lowlevel.dissonance.mean": [-0.40519046783447266], "lowlevel.hfc.mean": [0.4678645133972168], "lowlevel.mfcc.mean": [[0.17657208442687988, 0.4991781711578369, 0.8448700904846191, 0.7328282594680786, 0.7036130428314209, 0.5522721409797668, 0.4645751118659973, 0.33102667331695557, 0.2676064968109131, 0.11987319588661194, 0.028935343027114868, -0.08464980125427246, -0.09645581245422363]], "sfx.logattacktime.mean": [0.192629873752594], "sfx.inharmonicity.mean": [0.21123702824115753]}