{"lowlevel.spectral_centroid.mean": [0.4099516272544861], "lowlevel.spectral_contrast.mean": [[0.23573386669158936, 0.809616208076477, 0.6671282052993774, 0.7318753004074097, 0.6462972164154053, 0.44175195693969727]], "lowlevel.dissonance.mean": [0.2786027193069458], "lowlevel.hfc.mean": [0.4673691391944885], "lowlevel.mfcc.mean": [[0.30902981758117676, 0.47639134526252747, 0.2693210244178772, 0.20970533788204193, 0.285308301448822, 0.12293723225593567, 0.15000081062316895, 0.4030665457248688, 1.0810179710388184, 1.0265541076660156, 0.4604493975639343, 0.5888102054595947, 0.6191933751106262]], "sfx.logattacktime.mean": [0.5289164185523987], "sfx.inharmonicity.mean": [0.49237456917762756]}