{"lowlevel.spectral_centroid.mean": [0.4785453677177429], "lowlevel.spectral_contrast.mean": [[0.5373672246932983, 0.3528139591217041, 1.3995451927185059, 1.2183787822723389, 1.2638694047927856, 0.9372091293334961]], "lowlevel.dissonance.mean": [0.47152674198150635], "lowlevel.hfc.mean": [0.5266213417053223], "lowlevel.mfcc.mean": [[0.7207180261611938, 0.2642679810523987, 0.22949950397014618, 0.5212072730064392, 0.19684985280036926, 0.5565969347953796, 0.6529535055160522, 1.370133876800537, 0.6029166579246521, -0.0635911226272583, -0.18585026264190674, 0.5887416005134583, 1.894312858581543]], "sfx.logattacktime.mean": [0.5686451196670532], "sfx.inharmonicity.mean": [0.6211228370666504]}