{"lowlevel.spectral_centroid.mean": [0.4680718779563904], "lowlevel.spectral_contrast.mean": [[0.6202316880226135, 0.8170892000198364, 0.7205308675765991, 0.5991184711456299, 0.6723415851593018, 0.8839676380157471]], "lowlevel.dissonance.mean": [0.641278862953186], "lowlevel.hfc.mean": [0.610221266746521], "lowlevel.mfcc.mean": [[1.1376621723175049, 0.4825122356414795, 0.5213135480880737, 0.7864575386047363, 0.2317899465560913, 0.4906628429889679, 0.38902708888053894, 0.3358820378780365, 0.49964311718940735, 0.3920699656009674, 0.5274690389633179, 0.43892067670822144, 0.532524049282074]], "sfx.logattacktime.mean": [0.45674580335617065], "sfx.inharmonicity.mean": [0.8377944231033325]}