{"lowlevel.spectral_centroid.mean": [0.5175023078918457], "lowlevel.spectral_contrast.mean": [[0.6855539679527283, 1.2036728858947754, 0.8712584972381592, 0.39722585678100586, 0.3348088264465332, 0.3947741985321045]], "lowlevel.dissonance.mean": [-0.060271620750427246], "lowlevel.hfc.mean": [0.480267733335495], "lowlevel.mfcc.mean": [[0.6181433200836182, 0.40345945954322815, 0.7144784927368164, 0.17665748298168182, -0.18779301643371582, -0.21102511882781982, -0.026146769523620605, 0.2699489891529083, 0.38963767886161804, 0.4228866696357727, 0.3036375045776367, 0.23937013745307922, 0.14767464995384216]], "sfx.logattacktime.mean": [0.33472490310668945], "sfx.inharmonicity.mean": [0.5213871002197266]}