{"lowlevel.spectral_centroid.mean": [0.39203116297721863], "lowlevel.spectral_contrast.mean": [[0.41963469982147217, 1.1781576871871948, 0.2775881290435791, 1.1008179187774658, 1.1340411901474, 0.6113712787628174]], "lowlevel.dissonance.mean": [0.37906980514526367], "lowlevel.hfc.mean": [0.46744632720947266], "lowlevel.mfcc.mean": [[0.3178257942199707, 0.2652151882648468, 0.21295109391212463, 0.582290768623352, 0.4650201201438904, -0.16375207901000977, -0.3539527654647827, -0.022996097803115845, 0.5519106984138489, 0.9187324047088623, 1.264324426651001, 2.060879707336426, 1.8414496183395386]], "sfx.logattacktime.mean": [0.15875869989395142], "sfx.inharmonicity.mean": [0.6138542890548706]}