{"lowlevel.spectral_centroid.mean": [0.7566894292831421], "lowlevel.spectral_contrast.mean": [[0.5161806344985962, 0.2028486728668213, 0.248121976852417, 0.27160024642944336, 0.9180598258972168, 0.8475227355957031]], "lowlevel.dissonance.mean": [0.73302161693573], "lowlevel.hfc.mean": [0.5325120091438293], "lowlevel.mfcc.mean": [[0.16019916534423828, 0.11350458860397339, 0.5680113434791565, 0.6519553661346436, 0.7646747827529907, 0.4532747268676758, 0.9850603342056274, 1.1351759433746338, 0.09473320841789246, 1.232870101928711, 0.6969088315963745, 0.7646471858024597, 0.3627420663833618]], "sfx.logattacktime.mean": [0.5820366144180298], "sfx.inharmonicity.mean": [0.7284520864486694]}