{"lowlevel.spectral_centroid.mean": [0.3695114850997925], "lowlevel.spectral_contrast.mean": [[0.3218015432357788, 1.0566284656524658, 0.6998583078384399, 0.5496737957000732, 0.4208691120147705, 0.33933544158935547]], "lowlevel.dissonance.mean": [-0.0030402541160583496], "lowlevel.hfc.mean": [0.4767289459705353], "lowlevel.mfcc.mean": [[0.271220326423645, 0.5932084321975708, 0.6699056625366211, 0.47267356514930725, 0.5236960649490356, 0.3085451126098633, 0.1809009611606598, 0.1660279631614685, 0.174753338098526, 0.12218719720840454, 0.2799534797668457, 0.3923817276954651, 0.4383561909198761]], "sfx.logattacktime.mean": [0.29912468791007996], "sfx.inharmonicity.mean": [0.2606136202812195]}