{"lowlevel.spectral_centroid.mean": [0.6762747764587402], "lowlevel.spectral_contrast.mean": [[0.4284553527832031, 0.18628132343292236, 0.24188828468322754, 0.6146671772003174, 0.7612059116363525, 0.6645739078521729]], "lowlevel.dissonance.mean": [0.7019976377487183], "lowlevel.hfc.mean": [0.47962379455566406], "lowlevel.mfcc.mean": [[0.24345505237579346, 0.045092225074768066, 0.4457862377166748, 0.46617311239242554, 0.8966885209083557, 0.8009196519851685, 0.677914023399353, 0.8551416397094727, 0.8024348020553589, 0.34117329120635986, 0.6075503826141357, 1.2169511318206787, 0.900428831577301]], "sfx.logattacktime.mean": [0.12664657831192017], "sfx.inharmonicity.mean": [0.6163610219955444]}