{"lowlevel.spectral_centroid.mean": [0.49219655990600586], "lowlevel.spectral_contrast.mean": [[0.2688344717025757, 0.5094670057296753, 0.6935042142868042, 0.6188843250274658, 0.6435456275939941, 0.5992403030395508]], "lowlevel.dissonance.mean": [0.6109528541564941], "lowlevel.hfc.mean": [0.47326400876045227], "lowlevel.mfcc.mean": [[0.48681724071502686, 0.4362395107746124, 0.01319614052772522, -0.09004911780357361, 0.07334491610527039, 0.33216729760169983, 0.32185882329940796, 0.6594483852386475, 0.35171425342559814, 0.29581886529922485, 0.2974991798400879, 0.36535006761550903, 0.6255615949630737]], "sfx.logattacktime.mean": [0.38171860575675964], "sfx.inharmonicity.mean": [0.6046765446662903]}