{"lowlevel.spectral_centroid.mean": [0.33398735523223877], "lowlevel.spectral_contrast.mean": [[0.6622676849365234, 0.8336433172225952, 0.6688438653945923, 0.6670037508010864, 0.5127544403076172, 0.19040560722351074]], "lowlevel.dissonance.mean": [0.13798964023590088], "lowlevel.hfc.mean": [0.4661897122859955], "lowlevel.mfcc.mean": [[0.39861488342285156, 0.9320957660675049, 0.899653971195221, 0.460121750831604, 0.5542046427726746, 0.5755339860916138, 0.5103752017021179, 0.3917558789253235, 0.4343401789665222, 0.4712991416454315, 0.5817328691482544, 0.6652025580406189, 0.7218601703643799]], "sfx.logattacktime.mean": [0.6593647003173828], "sfx.inharmonicity.mean": [0.2620531916618347]}