{"lowlevel.spectral_centroid.mean": [0.31677868962287903], "lowlevel.spectral_contrast.mean": [[0.8337202668190002, 0.7536295652389526, 0.46016204357147217, 0.43378710746765137, 0.4147675037384033, 0.48256349563598633]], "lowlevel.dissonance.mean": [0.013193368911743164], "lowlevel.hfc.mean": [0.47082826495170593], "lowlevel.mfcc.mean": [[0.4376617670059204, 0.8534598350524902, 0.7717115879058838, 0.7160950303077698, 0.6135839819908142, 0.45732173323631287, 0.4280060827732086, 0.2819918692111969, 0.2700473666191101, 0.25273597240448, 0.31155136227607727, 0.28153547644615173, 0.3513021469116211]], "sfx.logattacktime.mean": [0.411103218793869], "sfx.inharmonicity.mean": [0.2657809853553772]}