{"lowlevel.spectral_centroid.mean": [0.36333581805229187], "lowlevel.spectral_contrast.mean": [[1.0224225521087646, 1.4258629083633423, 1.434227466583252, 1.290716290473938, 1.0372763872146606, 0.6400926113128662]], "lowlevel.dissonance.mean": [0.18611764907836914], "lowlevel.hfc.mean": [0.5139459371566772], "lowlevel.mfcc.mean": [[0.7627426385879517, 0.6931061744689941, -0.015753209590911865, 0.2573316693305969, 0.10247722268104553, 0.1721583902835846, 0.09531798958778381, 0.11757880449295044, 0.48997291922569275, 0.21304520964622498, 0.017860770225524902, 0.48758384585380554, 0.5536943078041077]], "sfx.logattacktime.mean": [0.49971580505371094], "sfx.inharmonicity.mean": [0.2896169424057007]}