{"lowlevel.spectral_centroid.mean": [0.8152847290039062], "lowlevel.spectral_contrast.mean": [[0.5256378650665283, 0.20757997035980225, 0.24539923667907715, 0.7350810766220093, 0.7699546813964844, 0.8815252780914307]], "lowlevel.dissonance.mean": [0.6533310413360596], "lowlevel.hfc.mean": [0.502122163772583], "lowlevel.mfcc.mean": [[0.28519177436828613, -0.008769214153289795, 0.6403101682662964, 0.44630441069602966, 0.7641983032226562, 1.010282039642334, 1.0914380550384521, 0.8595004081726074, 0.09030890464782715, 0.6612883806228638, 1.445730209350586, 0.8601442575454712, 0.5116756558418274]], "sfx.logattacktime.mean": [0.7188138365745544], "sfx.inharmonicity.mean": [0.7436548471450806]}