{"lowlevel.spectral_centroid.mean": [0.3100941777229309], "lowlevel.spectral_contrast.mean": [[0.8786621689796448, 0.7450984716415405, 0.751679539680481, 0.6730049848556519, 0.5140125751495361, 0.3575296401977539]], "lowlevel.dissonance.mean": [0.2203216552734375], "lowlevel.hfc.mean": [0.46547237038612366], "lowlevel.mfcc.mean": [[0.46042799949645996, 0.9123897552490234, 0.6637953519821167, 0.5447783470153809, 0.7645093202590942, 0.5510466694831848, 0.5978407859802246, 0.533966064453125, 0.59067302942276, 0.7072107195854187, 0.5609173774719238, 0.33417636156082153, 0.3872465193271637]], "sfx.logattacktime.mean": [0.7101942300796509], "sfx.inharmonicity.mean": [0.20778310298919678]}