{"lowlevel.spectral_centroid.mean": [0.32361894845962524], "lowlevel.spectral_contrast.mean": [[0.7640483975410461, 0.8051449060440063, 0.36818838119506836, 0.21919822692871094, 0.18900656700134277, 0.23868060111999512]], "lowlevel.dissonance.mean": [-0.319604754447937], "lowlevel.hfc.mean": [0.46556487679481506], "lowlevel.mfcc.mean": [[0.16309762001037598, 0.4051872193813324, 0.6934422254562378, 0.5537618398666382, 0.48694056272506714, 0.3506794273853302, 0.2717752456665039, 0.199462890625, 0.27002251148223877, 0.25051385164260864, 0.2852678894996643, 0.23164847493171692, 0.20610377192497253]], "sfx.logattacktime.mean": [0.2560702860355377], "sfx.inharmonicity.mean": [0.21605539321899414]}