{"lowlevel.spectral_centroid.mean": [0.4688810706138611], "lowlevel.spectral_contrast.mean": [[0.24434244632720947, 0.1982516050338745, 0.21146821975708008, 1.0073769092559814, 0.5150580406188965, 0.34749674797058105]], "lowlevel.dissonance.mean": [0.6719926595687866], "lowlevel.hfc.mean": [0.49874335527420044], "lowlevel.mfcc.mean": [[0.11338555812835693, 0.18163549900054932, 0.42645564675331116, 0.3877832293510437, 0.5512321591377258, 0.989409863948822, 0.7756204605102539, 0.1106744110584259, 0.43353646993637085, 0.6751199960708618, 1.044607162475586, 0.8878601789474487, -0.04614102840423584]], "sfx.logattacktime.mean": [0.19996249675750732], "sfx.inharmonicity.mean": [0.4890417456626892]}