{"lowlevel.spectral_centroid.mean": [0.3408283591270447], "lowlevel.spectral_contrast.mean": [[0.7462416291236877, 0.39922118186950684, 0.37516260147094727, 0.40640830993652344, 0.3899686336517334, 0.3355071544647217]], "lowlevel.dissonance.mean": [0.476517915725708], "lowlevel.hfc.mean": [0.46825307607650757], "lowlevel.mfcc.mean": [[0.24160456657409668, 0.5799624919891357, 0.8207622170448303, 0.8482327461242676, 0.994340717792511, 0.8043597936630249, 0.7876454591751099, 0.8653315305709839, 0.7860958576202393, 0.57338947057724, 0.589380145072937, 0.5904788374900818, 0.4709562659263611]], "sfx.logattacktime.mean": [0.2793394923210144], "sfx.inharmonicity.mean": [0.2036479115486145]}