{"lowlevel.spectral_centroid.mean": [0.41433894634246826], "lowlevel.spectral_contrast.mean": [[0.250441312789917, 0.5373755693435669, 0.30651426315307617, 0.2615542411804199, 0.23589158058166504, 0.24595403671264648]], "lowlevel.dissonance.mean": [0.2523963451385498], "lowlevel.hfc.mean": [0.4652366638183594], "lowlevel.mfcc.mean": [[0.16940021514892578, 0.40147754549980164, 0.6843066811561584, 0.6049433350563049, 0.6476478576660156, 0.6113725304603577, 0.5871998071670532, 0.4969167113304138, 0.4683273434638977, 0.3471173644065857, 0.338630735874176, 0.41248321533203125, 0.4293615520000458]], "sfx.logattacktime.mean": [0.1558760702610016], "sfx.inharmonicity.mean": [0.22637052834033966]}