{"lowlevel.spectral_centroid.mean": [0.31841230392456055], "lowlevel.spectral_contrast.mean": [[1.064605712890625, 0.4885214567184448, 0.29062771797180176, 0.31872129440307617, 0.3343029022216797, 0.32760119438171387]], "lowlevel.dissonance.mean": [0.10367715358734131], "lowlevel.hfc.mean": [0.4722316265106201], "lowlevel.mfcc.mean": [[0.34321129322052, 0.6131792068481445, 0.838097095489502, 1.0000114440917969, 0.9522046446800232, 0.825721263885498, 0.7440567016601562, 0.6739023923873901, 0.7282240986824036, 0.7305034399032593, 0.6393633484840393, 0.49576276540756226, 0.4497755169868469]], "sfx.logattacktime.mean": [0.7695193886756897], "sfx.inharmonicity.mean": [0.2149292677640915]}