{"lowlevel.spectral_centroid.mean": [0.46691519021987915], "lowlevel.spectral_contrast.mean": [[0.7368946671485901, 0.7347414493560791, 0.4179384708404541, 0.44944095611572266, 0.4359736442565918, 0.372760534286499]], "lowlevel.dissonance.mean": [0.21503043174743652], "lowlevel.hfc.mean": [0.47226473689079285], "lowlevel.mfcc.mean": [[0.33587896823883057, 0.46329787373542786, 0.5933201909065247, 0.730006217956543, 0.5808545351028442, 0.3245595097541809, 0.23836570978164673, 0.13959455490112305, 0.1590261459350586, 0.23092034459114075, 0.2085202932357788, 0.17822477221488953, 0.32201826572418213]], "sfx.logattacktime.mean": [0.3623013198375702], "sfx.inharmonicity.mean": [0.4611479938030243]}