{"lowlevel.spectral_centroid.mean": [0.3748374581336975], "lowlevel.spectral_contrast.mean": [[0.1764429807662964, 0.33462023735046387, 0.49773168563842773, 0.4214763641357422, 0.3892049789428711, 0.3539564609527588]], "lowlevel.dissonance.mean": [0.5294826030731201], "lowlevel.hfc.mean": [0.46800684928894043], "lowlevel.mfcc.mean": [[0.21478891372680664, 0.4811975359916687, 0.6847087144851685, 0.4252574145793915, 0.5031226873397827, 0.5909585952758789, 0.5877410173416138, 0.4571346640586853, 0.26927846670150757, 0.1517888903617859, 0.3023814558982849, 0.6488590836524963, 0.7741755247116089]], "sfx.logattacktime.mean": [0.41754427552223206], "sfx.inharmonicity.mean": [0.3503619432449341]}