{"lowlevel.spectral_centroid.mean": [0.33169808983802795], "lowlevel.spectral_contrast.mean": [[0.8198396563529968, 0.6509772539138794, 0.5047345161437988, 0.5036814212799072, 0.5916094779968262, 0.45827221870422363]], "lowlevel.dissonance.mean": [0.46575653553009033], "lowlevel.hfc.mean": [0.46919962763786316], "lowlevel.mfcc.mean": [[0.5865048170089722, 0.9635989665985107, 0.38181260228157043, 0.34110110998153687, 0.3581863343715668, 0.10082510113716125, 0.23063889145851135, 0.14245647192001343, 0.13895422220230103, 0.12662088871002197, 0.24936729669570923, 0.2619713544845581, 0.282965749502182]], "sfx.logattacktime.mean": [0.7920219898223877], "sfx.inharmonicity.mean": [0.324440598487854]}