{"lowlevel.spectral_centroid.mean": [0.36169761419296265], "lowlevel.spectral_contrast.mean": [[0.2894268035888672, 1.028465747833252, 0.9947574138641357, 0.9954342842102051, 0.5468306541442871, 0.2883577346801758]], "lowlevel.dissonance.mean": [0.10285556316375732], "lowlevel.hfc.mean": [0.4656718075275421], "lowlevel.mfcc.mean": [[0.3306370973587036, 0.6287118792533875, 0.3918551802635193, 0.07433497905731201, 0.5436673760414124, 0.5174385905265808, 0.07191336154937744, 0.0005988478660583496, 0.40517687797546387, 0.49466240406036377, 0.45114707946777344, 0.4643575847148895, 0.3194209337234497]], "sfx.logattacktime.mean": [0.2186792492866516], "sfx.inharmonicity.mean": [0.32447534799575806]}