{"lowlevel.spectral_centroid.mean": [0.39231687784194946], "lowlevel.spectral_contrast.mean": [[0.40165936946868896, 0.1825951337814331, 0.32622480392456055, 0.5870263576507568, 0.39969801902770996, 0.2686471939086914]], "lowlevel.dissonance.mean": [0.5967391729354858], "lowlevel.hfc.mean": [0.4661552608013153], "lowlevel.mfcc.mean": [[0.07802128791809082, 0.17466692626476288, 0.4622071385383606, 0.4130748212337494, 0.5364070534706116, 0.5875459313392639, 0.7517282962799072, 0.6753503084182739, 0.4302709102630615, 0.4393080174922943, 0.759140133857727, 0.7458959817886353, 0.7131417393684387]], "sfx.logattacktime.mean": [0.13495412468910217], "sfx.inharmonicity.mean": [0.454996794462204]}