{"lowlevel.spectral_centroid.mean": [0.8205225467681885], "lowlevel.spectral_contrast.mean": [[0.2944389581680298, 0.5698668956756592, 0.35172343254089355, 0.4299483299255371, 0.4392547607421875, 0.6873037815093994]], "lowlevel.dissonance.mean": [0.5587815046310425], "lowlevel.hfc.mean": [0.4722657799720764], "lowlevel.mfcc.mean": [[0.5318515300750732, 0.5599688291549683, 0.28032299876213074, 0.7656536102294922, 0.35736316442489624, 0.4177528917789459, 0.278329461812973, 0.2452809363603592, 0.3387472629547119, 0.4381600618362427, 0.6526697874069214, 0.8722338080406189, 0.5318415760993958]], "sfx.logattacktime.mean": [0.38730502128601074], "sfx.inharmonicity.mean": [0.6257729530334473]}