{"lowlevel.spectral_centroid.mean": [0.6866267919540405], "lowlevel.spectral_contrast.mean": [[0.2946380376815796, 0.29333460330963135, 0.26039671897888184, 0.2629077434539795, 0.26691675186157227, 0.22188115119934082]], "lowlevel.dissonance.mean": [0.4907500743865967], "lowlevel.hfc.mean": [0.46565717458724976], "lowlevel.mfcc.mean": [[0.15163695812225342, 0.36773747205734253, 0.5773183107376099, 0.43771544098854065, 0.5348178744316101, 0.4991118907928467, 0.5216206908226013, 0.506231427192688, 0.5170663595199585, 0.5345809459686279, 0.6079490184783936, 0.606989324092865, 0.6130667924880981]], "sfx.logattacktime.mean": [0.16389405727386475], "sfx.inharmonicity.mean": [0.5148165225982666]}