{"lowlevel.spectral_centroid.mean": [0.46611547470092773], "lowlevel.spectral_contrast.mean": [[0.505562424659729, 0.7536051273345947, 0.8929179906845093, 0.6901642084121704, 0.5939815044403076, 0.5835933685302734]], "lowlevel.dissonance.mean": [0.32454848289489746], "lowlevel.hfc.mean": [0.4832712411880493], "lowlevel.mfcc.mean": [[0.5443533658981323, 0.44434288144111633, 0.40287500619888306, -0.060956358909606934, -0.28906774520874023, 0.44860395789146423, 0.5723912715911865, -0.08324933052062988, 0.3194918632507324, 0.3326963782310486, 0.29529982805252075, 0.16172659397125244, 0.4904932379722595]], "sfx.logattacktime.mean": [0.44877710938453674], "sfx.inharmonicity.mean": [0.5107418298721313]}