{"lowlevel.spectral_centroid.mean": [0.3455042839050293], "lowlevel.spectral_contrast.mean": [[1.0500380992889404, 0.11628580093383789, 1.2746520042419434, 1.4930593967437744, 0.4535636901855469, 0.21974921226501465]], "lowlevel.dissonance.mean": [-0.30505746603012085], "lowlevel.hfc.mean": [0.47842347621917725], "lowlevel.mfcc.mean": [[0.384521484375, 0.6091853976249695, 0.49466145038604736, 0.2760394513607025, 0.9834504127502441, 1.931410312652588, 2.0293869972229004, 0.9307977557182312, -0.10141289234161377, -0.0640488862991333, 0.7015436887741089, 1.040956974029541, 0.5767317414283752]], "sfx.logattacktime.mean": [0.09936931729316711], "sfx.inharmonicity.mean": [0.4549465477466583]}