{"lowlevel.spectral_centroid.mean": [0.3095855414867401], "lowlevel.spectral_contrast.mean": [[0.9721602201461792, 0.6342325210571289, 0.6335103511810303, 0.685012936592102, 0.3982658386230469, 0.41315269470214844]], "lowlevel.dissonance.mean": [0.4997894763946533], "lowlevel.hfc.mean": [0.49103230237960815], "lowlevel.mfcc.mean": [[0.7357455492019653, 1.0670430660247803, 0.8614112138748169, 0.5429707765579224, 0.4251118004322052, 0.6370744705200195, 0.6620180606842041, 0.5218448638916016, 0.5898482203483582, 0.5610902309417725, 0.7819914221763611, 0.5944394469261169, 0.4632830321788788]], "sfx.logattacktime.mean": [0.5859871506690979], "sfx.inharmonicity.mean": [0.2190205603837967]}