{"lowlevel.spectral_centroid.mean": [0.6042539477348328], "lowlevel.spectral_contrast.mean": [[0.42481935024261475, 0.19337260723114014, 0.24564719200134277, 0.6542670726776123, 0.9705467224121094, 0.8419666290283203]], "lowlevel.dissonance.mean": [0.7407689094543457], "lowlevel.hfc.mean": [0.499795138835907], "lowlevel.mfcc.mean": [[0.31211650371551514, 0.0884801372885704, 0.39811328053474426, 0.8074746131896973, 0.7545113563537598, 0.803994357585907, 0.47289931774139404, 0.5061540007591248, 1.1539909839630127, 0.685765266418457, 0.1947113573551178, 0.7021872997283936, 1.1462867259979248]], "sfx.logattacktime.mean": [0.4029586911201477], "sfx.inharmonicity.mean": [0.7803201675415039]}