{"lowlevel.spectral_centroid.mean": [0.32227030396461487], "lowlevel.spectral_contrast.mean": [[0.8105252981185913, 0.5316293239593506, 0.34067702293395996, 0.31639885902404785, 0.3732767105102539, 0.33716297149658203]], "lowlevel.dissonance.mean": [0.302310585975647], "lowlevel.hfc.mean": [0.4689914584159851], "lowlevel.mfcc.mean": [[0.3184307813644409, 0.626286506652832, 0.8578215837478638, 1.0169389247894287, 0.9732081890106201, 0.798206090927124, 0.726438045501709, 0.6345296502113342, 0.6901984810829163, 0.6970359683036804, 0.623615562915802, 0.4904722571372986, 0.5074629783630371]], "sfx.logattacktime.mean": [0.3985344171524048], "sfx.inharmonicity.mean": [0.19760113954544067]}