{"lowlevel.spectral_centroid.mean": [0.44389447569847107], "lowlevel.spectral_contrast.mean": [[0.26920247077941895, 1.132611632347107, 1.254693627357483, 1.0664185285568237, 1.1114208698272705, 0.6925594806671143]], "lowlevel.dissonance.mean": [0.36659085750579834], "lowlevel.hfc.mean": [0.4780604839324951], "lowlevel.mfcc.mean": [[0.6069796085357666, 0.3761099576950073, 0.06174558401107788, 0.3699336349964142, 0.2451566904783249, 0.10854354500770569, 0.22891032695770264, 0.190877765417099, 0.1252136528491974, 0.08784428238868713, -0.03414493799209595, 0.10241836309432983, 0.43114525079727173]], "sfx.logattacktime.mean": [0.5318670868873596], "sfx.inharmonicity.mean": [0.4108131229877472]}