{"lowlevel.spectral_centroid.mean": [0.31696605682373047], "lowlevel.spectral_contrast.mean": [[0.811547040939331, 0.5721508264541626, 0.7824301719665527, 0.5756053924560547, 0.40280818939208984, 0.40624308586120605]], "lowlevel.dissonance.mean": [0.37781500816345215], "lowlevel.hfc.mean": [0.47950923442840576], "lowlevel.mfcc.mean": [[0.7392114400863647, 0.9025201797485352, 0.795166015625, 0.45061546564102173, 0.5581132173538208, 0.617936372756958, 0.6257714629173279, 0.6126711368560791, 0.5619192719459534, 0.5447490811347961, 0.3875425159931183, 0.23324590921401978, 0.1746627390384674]], "sfx.logattacktime.mean": [0.7690951228141785], "sfx.inharmonicity.mean": [0.48681288957595825]}