{"lowlevel.spectral_centroid.mean": [0.36710599064826965], "lowlevel.spectral_contrast.mean": [[0.5837273597717285, 0.728553295135498, 0.6582639217376709, 0.6258254051208496, 0.46732044219970703, 0.21505022048950195]], "lowlevel.dissonance.mean": [0.11670947074890137], "lowlevel.hfc.mean": [0.4663686752319336], "lowlevel.mfcc.mean": [[0.3974289894104004, 0.9439622163772583, 0.9102429151535034, 0.35285621881484985, 0.30885058641433716, 0.29573631286621094, 0.3091605007648468, 0.293285995721817, 0.3104515075683594, 0.25189200043678284, 0.32154279947280884, 0.3600294291973114, 0.42610612511634827]], "sfx.logattacktime.mean": [0.6641589403152466], "sfx.inharmonicity.mean": [0.3337542414665222]}