{"lowlevel.spectral_centroid.mean": [0.37987563014030457], "lowlevel.spectral_contrast.mean": [[0.8686330318450928, 1.3651952743530273, 0.6286901235580444, 0.32303428649902344, 0.3394286632537842, 0.4055063724517822]], "lowlevel.dissonance.mean": [-0.33739572763442993], "lowlevel.hfc.mean": [0.4807698130607605], "lowlevel.mfcc.mean": [[0.6613086462020874, 0.48707571625709534, 0.9348615407943726, 0.5400784015655518, 0.06536966562271118, -0.24895042181015015, -0.35774558782577515, -0.20765334367752075, -0.025916576385498047, 0.21474584937095642, 0.3504132032394409, 0.4508098065853119, 0.4340777099132538]], "sfx.logattacktime.mean": [0.40741589665412903], "sfx.inharmonicity.mean": [0.3572089672088623]}