{"lowlevel.spectral_centroid.mean": [0.4431033730506897], "lowlevel.spectral_contrast.mean": [[0.272174596786499, 0.18904876708984375, 0.6594133377075195, 0.23212599754333496, 0.5461118221282959, 0.47547435760498047]], "lowlevel.dissonance.mean": [0.5325863361358643], "lowlevel.hfc.mean": [0.4775429964065552], "lowlevel.mfcc.mean": [[0.11071670055389404, 0.18234625458717346, 0.4784913957118988, 0.5042216777801514, 0.4386577308177948, 0.6624038815498352, 0.949857771396637, 0.7821205854415894, 0.5277823805809021, 0.31254494190216064, 0.5323067903518677, 0.5359669327735901, 0.6979901790618896]], "sfx.logattacktime.mean": [0.2035151720046997], "sfx.inharmonicity.mean": [0.3936493992805481]}