{"lowlevel.spectral_centroid.mean": [0.4406716823577881], "lowlevel.spectral_contrast.mean": [[0.43456757068634033, 0.3323326110839844, 1.5311298370361328, 1.2893297672271729, 1.4407635927200317, 1.144223928451538]], "lowlevel.dissonance.mean": [0.3126717805862427], "lowlevel.hfc.mean": [0.5394526720046997], "lowlevel.mfcc.mean": [[0.778214693069458, 0.20909585058689117, 0.24685434997081757, 0.5065431594848633, -0.06782341003417969, 0.2721567749977112, 0.3807835578918457, 1.045215129852295, 1.0620949268341064, 0.9139240980148315, 1.0128228664398193, 0.762900173664093, 0.1383177638053894]], "sfx.logattacktime.mean": [0.5438309907913208], "sfx.inharmonicity.mean": [2.20666241645813]}