{"lowlevel.spectral_centroid.mean": [0.5340448617935181], "lowlevel.spectral_contrast.mean": [[0.47823357582092285, 0.22406423091888428, 0.842011570930481, 0.3428685665130615, 0.9532849788665771, 0.7455244064331055]], "lowlevel.dissonance.mean": [0.5418397188186646], "lowlevel.hfc.mean": [0.5637083649635315], "lowlevel.mfcc.mean": [[0.25122714042663574, 0.12391794472932816, 0.5074120759963989, 0.6163890361785889, 0.41099196672439575, 0.8049089908599854, 1.3261059522628784, 1.1182563304901123, 0.4707780182361603, 0.3457906246185303, 0.616347074508667, 0.4821026027202606, 1.3014085292816162]], "sfx.logattacktime.mean": [0.4404355585575104], "sfx.inharmonicity.mean": [0.6450819969177246]}