{"lowlevel.spectral_centroid.mean": [0.4995819330215454], "lowlevel.spectral_contrast.mean": [[0.3817741870880127, 0.3862830400466919, 0.5207611322402954, 0.48691630363464355, 0.5110464096069336, 1.1274640560150146]], "lowlevel.dissonance.mean": [0.7208302021026611], "lowlevel.hfc.mean": [0.4759523272514343], "lowlevel.mfcc.mean": [[0.9178335666656494, 0.4962824583053589, 0.24193920195102692, 0.6908156275749207, 0.21272200345993042, 0.8219671249389648, 0.4617217481136322, 0.6543352603912354, 0.4774421453475952, 0.35215938091278076, 0.4247366786003113, 0.15401524305343628, 0.458016037940979]], "sfx.logattacktime.mean": [0.6384624242782593], "sfx.inharmonicity.mean": [1.2525016069412231]}