{"lowlevel.spectral_centroid.mean": [0.5978862047195435], "lowlevel.spectral_contrast.mean": [[0.30037641525268555, 0.3249562978744507, 0.4707683324813843, 0.43865537643432617, 0.2822604179382324, 0.2783844470977783]], "lowlevel.dissonance.mean": [0.5464448928833008], "lowlevel.hfc.mean": [0.46911999583244324], "lowlevel.mfcc.mean": [[0.27322185039520264, 0.6121792793273926, 0.6182278990745544, 0.2343212515115738, 0.371574729681015, 0.526778519153595, 0.6378759145736694, 0.5919895172119141, 0.5584719181060791, 0.485919713973999, 0.43956711888313293, 0.3966522514820099, 0.4156285524368286]], "sfx.logattacktime.mean": [0.39114633202552795], "sfx.inharmonicity.mean": [0.32696953415870667]}