{"lowlevel.spectral_centroid.mean": [0.3960537910461426], "lowlevel.spectral_contrast.mean": [[0.33586859703063965, 0.9231481552124023, 1.0603092908859253, 0.733696460723877, 0.7176797389984131, 0.46549415588378906]], "lowlevel.dissonance.mean": [0.19152581691741943], "lowlevel.hfc.mean": [0.4716322124004364], "lowlevel.mfcc.mean": [[0.5461893081665039, 0.5457191467285156, 0.22278952598571777, 0.33923065662384033, 0.15319141745567322, -0.0883827805519104, 0.05264577269554138, 0.21649524569511414, 0.477944016456604, 0.7614830136299133, 0.4592663049697876, 0.1833215057849884, 0.3866860270500183]], "sfx.logattacktime.mean": [0.3788408637046814], "sfx.inharmonicity.mean": [0.7974635362625122]}