{"lowlevel.spectral_centroid.mean": [0.3711839020252228], "lowlevel.spectral_contrast.mean": [[0.3862875699996948, 0.37242674827575684, 0.3972644805908203, 0.4061601161956787, 0.47008466720581055, 0.376497745513916]], "lowlevel.dissonance.mean": [0.6828893423080444], "lowlevel.hfc.mean": [0.46731704473495483], "lowlevel.mfcc.mean": [[0.6365494728088379, 0.6232484579086304, 0.44384872913360596, 0.471029669046402, 0.6864341497421265, 0.5319533944129944, 0.6541523933410645, 0.5895028710365295, 0.5760324597358704, 0.5155998468399048, 0.5078040957450867, 0.534714937210083, 0.5061583518981934]], "sfx.logattacktime.mean": [0.6634823083877563], "sfx.inharmonicity.mean": [0.3703860640525818]}