{"lowlevel.spectral_centroid.mean": [0.6307488083839417], "lowlevel.spectral_contrast.mean": [[0.3810485601425171, 0.3872823715209961, 0.43462491035461426, 0.43195080757141113, 0.4516890048980713, 0.7499451637268066]], "lowlevel.dissonance.mean": [0.7160223722457886], "lowlevel.hfc.mean": [0.4711042642593384], "lowlevel.mfcc.mean": [[0.8805550336837769, 0.3292010426521301, 0.41286933422088623, 0.5392166376113892, 0.19673964381217957, 0.5839970111846924, 0.32207190990448, 0.6377148032188416, 0.4892703592777252, 0.49517762660980225, 0.5229398608207703, 0.5159790515899658, 0.49580442905426025]], "sfx.logattacktime.mean": [0.8564918041229248], "sfx.inharmonicity.mean": [0.7604798078536987]}