{"lowlevel.spectral_centroid.mean": [0.3447074890136719], "lowlevel.spectral_contrast.mean": [[0.6023222208023071, 0.7182455062866211, 0.7348946332931519, 0.6550283432006836, 0.5127413272857666, 0.29297804832458496]], "lowlevel.dissonance.mean": [0.2256993055343628], "lowlevel.hfc.mean": [0.4659428000450134], "lowlevel.mfcc.mean": [[0.476879358291626, 0.9295777082443237, 0.5595133304595947, 0.14328426122665405, 0.34587782621383667, 0.2053077518939972, 0.10669809579849243, 0.10770109295845032, 0.35394084453582764, 0.3172490894794464, 0.25606340169906616, 0.2959587574005127, 0.2964599132537842]], "sfx.logattacktime.mean": [0.8639196753501892], "sfx.inharmonicity.mean": [0.44258102774620056]}