{"lowlevel.spectral_centroid.mean": [0.6018978357315063], "lowlevel.spectral_contrast.mean": [[0.6953518390655518, 0.3880441188812256, 0.2760608196258545, 0.3662707805633545, 0.34920477867126465, 0.30506229400634766]], "lowlevel.dissonance.mean": [0.3940598964691162], "lowlevel.hfc.mean": [0.46894723176956177], "lowlevel.mfcc.mean": [[0.20076262950897217, 0.41028711199760437, 0.6615992784500122, 0.7483317852020264, 0.792637825012207, 0.678757905960083, 0.6758311986923218, 0.6177537441253662, 0.6658175587654114, 0.657598614692688, 0.598190188407898, 0.4872643053531647, 0.49584951996803284]], "sfx.logattacktime.mean": [0.37954431772232056], "sfx.inharmonicity.mean": [0.5970468521118164]}