{"lowlevel.spectral_centroid.mean": [0.4822225868701935], "lowlevel.spectral_contrast.mean": [[0.7281843423843384, 0.6497564315795898, 0.7686896324157715, 0.9132890701293945, 1.09052574634552, 1.0306084156036377]], "lowlevel.dissonance.mean": [0.6745282411575317], "lowlevel.hfc.mean": [0.4930592477321625], "lowlevel.mfcc.mean": [[0.8967428207397461, 0.6954385042190552, -0.15903285145759583, 0.5534778833389282, 0.12699875235557556, 0.41739821434020996, 0.22622451186180115, 0.397341787815094, 0.3749922811985016, 0.10547927021980286, 0.630491316318512, 0.3407592177391052, 0.16073623299598694]], "sfx.logattacktime.mean": [0.7444368600845337], "sfx.inharmonicity.mean": [0.7550562620162964]}