{"lowlevel.spectral_centroid.mean": [0.3036377429962158], "lowlevel.spectral_contrast.mean": [[0.7881288528442383, 0.48765718936920166, 0.40326571464538574, 0.552448034286499, 0.35209059715270996, 0.31432199478149414]], "lowlevel.dissonance.mean": [0.38649237155914307], "lowlevel.hfc.mean": [0.46665385365486145], "lowlevel.mfcc.mean": [[0.43561065196990967, 1.0006394386291504, 0.9268127679824829, 0.48531603813171387, 0.6408450603485107, 0.807259738445282, 0.8281694054603577, 0.6325408220291138, 0.5707478523254395, 0.6117838025093079, 0.7007498741149902, 0.6583071351051331, 0.6237587332725525]], "sfx.logattacktime.mean": [0.7291483879089355], "sfx.inharmonicity.mean": [0.1931760162115097]}