{"lowlevel.spectral_centroid.mean": [0.4866510033607483], "lowlevel.spectral_contrast.mean": [[0.21386170387268066, 1.1776750087738037, 0.9328712224960327, 1.3794410228729248, 1.1466914415359497, 0.952460765838623]], "lowlevel.dissonance.mean": [0.47683680057525635], "lowlevel.hfc.mean": [0.4998173713684082], "lowlevel.mfcc.mean": [[0.6201615333557129, 0.1975875198841095, 0.0398099422454834, 0.47031423449516296, 0.24286682903766632, 0.13697388768196106, -0.0632244348526001, -0.10842931270599365, 0.49520981311798096, 0.665725827217102, 0.9630740880966187, 1.2790522575378418, 1.0518734455108643]], "sfx.logattacktime.mean": [0.5887597799301147], "sfx.inharmonicity.mean": [0.3875933289527893]}