{"lowlevel.spectral_centroid.mean": [0.3323480188846588], "lowlevel.spectral_contrast.mean": [[0.660990834236145, 0.5910289287567139, 0.6732666492462158, 0.7466681003570557, 0.7456140518188477, 0.40717053413391113]], "lowlevel.dissonance.mean": [0.39655089378356934], "lowlevel.hfc.mean": [0.4686899781227112], "lowlevel.mfcc.mean": [[0.3114064931869507, 0.8320673704147339, 0.377880722284317, 0.4118850529193878, 0.45204538106918335, 0.14041462540626526, 0.23617303371429443, 0.29182517528533936, 0.2687479853630066, 0.17929327487945557, 0.056405991315841675, 0.11445155739784241, 0.35633742809295654]], "sfx.logattacktime.mean": [0.2702758014202118], "sfx.inharmonicity.mean": [0.8550623655319214]}