{"lowlevel.spectral_centroid.mean": [0.42324090003967285], "lowlevel.spectral_contrast.mean": [[0.3590266704559326, 1.1660263538360596, 1.1663942337036133, 1.1726175546646118, 0.9012539386749268, 0.6173801422119141]], "lowlevel.dissonance.mean": [0.3447786569595337], "lowlevel.hfc.mean": [0.4736015200614929], "lowlevel.mfcc.mean": [[0.6606355905532837, 0.5518056154251099, 0.0010880529880523682, 0.42499247193336487, 0.34850966930389404, 0.08011379837989807, 0.07006043195724487, 0.24941615760326385, 0.4003274440765381, 0.5732563734054565, 0.026258379220962524, 0.4120026230812073, 0.9696359634399414]], "sfx.logattacktime.mean": [0.9215806126594543], "sfx.inharmonicity.mean": [0.4057502746582031]}