{"lowlevel.spectral_centroid.mean": [0.29832160472869873], "lowlevel.spectral_contrast.mean": [[0.8832716345787048, 0.4248781204223633, 0.2975800037384033, 0.20174694061279297, 0.1695842742919922, 0.20726537704467773]], "lowlevel.dissonance.mean": [0.3045966625213623], "lowlevel.hfc.mean": [0.46614962816238403], "lowlevel.mfcc.mean": [[0.16462349891662598, 0.49258342385292053, 0.9188898205757141, 0.9286144375801086, 0.980980634689331, 0.9122844934463501, 0.9314334392547607, 0.8941020965576172, 0.8985980153083801, 0.8384026288986206, 0.8121140003204346, 0.7532185316085815, 0.7341774702072144]], "sfx.logattacktime.mean": [0.32551074028015137], "sfx.inharmonicity.mean": [0.18511097133159637]}