{"lowlevel.spectral_centroid.mean": [0.41961199045181274], "lowlevel.spectral_contrast.mean": [[0.19734394550323486, 0.9422607421875, 1.158416748046875, 1.0403800010681152, 0.8113729953765869, 0.4670403003692627]], "lowlevel.dissonance.mean": [0.48140501976013184], "lowlevel.hfc.mean": [0.4705069959163666], "lowlevel.mfcc.mean": [[0.36937785148620605, 0.430707186460495, -0.16265079379081726, -0.028530925512313843, 0.4291574954986572, 0.2642338275909424, 0.31647467613220215, 0.0854887068271637, 0.04256799817085266, 0.06637221574783325, 0.2589944303035736, 0.3277870714664459, 0.44396060705184937]], "sfx.logattacktime.mean": [0.4828859269618988], "sfx.inharmonicity.mean": [0.3986794054508209]}