{"lowlevel.spectral_centroid.mean": [0.3989335298538208], "lowlevel.spectral_contrast.mean": [[0.37931978702545166, 0.3647339344024658, 0.43947625160217285, 0.42440009117126465, 0.47937607765197754, 0.6148838996887207]], "lowlevel.dissonance.mean": [0.7111663818359375], "lowlevel.hfc.mean": [0.4662151634693146], "lowlevel.mfcc.mean": [[0.6935148239135742, 0.5583863258361816, 0.3207660913467407, 0.5030443072319031, 0.5906792283058167, 0.8990209102630615, 0.5176936984062195, 0.6714159846305847, 0.6120392084121704, 0.2669239044189453, 0.5206202268600464, 0.26871323585510254, 0.7509499788284302]], "sfx.logattacktime.mean": [0.6216691136360168], "sfx.inharmonicity.mean": [0.4898882210254669]}