{"lowlevel.spectral_centroid.mean": [0.8976020812988281], "lowlevel.spectral_contrast.mean": [[0.2760131359100342, 0.15266788005828857, 0.17339253425598145, 0.5198976993560791, 0.4566178321838379, 0.4915046691894531]], "lowlevel.dissonance.mean": [0.6606273651123047], "lowlevel.hfc.mean": [0.46568313241004944], "lowlevel.mfcc.mean": [[0.11512362957000732, 0.1172841340303421, 0.4877062737941742, 0.43678757548332214, 0.4850386083126068, 0.7557880878448486, 0.5586179494857788, 0.47496068477630615, 0.23574978113174438, 0.9135563373565674, 0.6201932430267334, 0.507983386516571, 0.6779477596282959]], "sfx.logattacktime.mean": [0.5672643780708313], "sfx.inharmonicity.mean": [0.5576188564300537]}