{"lowlevel.spectral_centroid.mean": [0.44224661588668823], "lowlevel.spectral_contrast.mean": [[0.8032268285751343, 0.41501569747924805, 0.3139514923095703, 0.30434465408325195, 0.3283560276031494, 0.31081366539001465]], "lowlevel.dissonance.mean": [0.295343279838562], "lowlevel.hfc.mean": [0.46971395611763], "lowlevel.mfcc.mean": [[0.25481343269348145, 0.5156497955322266, 0.7551801204681396, 0.8711586594581604, 0.871182918548584, 0.7428809404373169, 0.7009442448616028, 0.6233518123626709, 0.680345892906189, 0.6787875294685364, 0.6119049787521362, 0.4893777072429657, 0.461929053068161]], "sfx.logattacktime.mean": [0.41248100996017456], "sfx.inharmonicity.mean": [0.31158584356307983]}