{"lowlevel.spectral_centroid.mean": [0.33351317048072815], "lowlevel.spectral_contrast.mean": [[0.8519515991210938, 0.8082576990127563, 0.9198226928710938, 0.32248616218566895, 0.26012659072875977, 0.3994307518005371]], "lowlevel.dissonance.mean": [-0.5117905139923096], "lowlevel.hfc.mean": [0.4664294123649597], "lowlevel.mfcc.mean": [[0.2895010709762573, 0.7295359373092651, 0.9170554876327515, 0.48873794078826904, 0.08326315879821777, -0.22939366102218628, -0.19215303659439087, -0.023507356643676758, 0.19415894150733948, 0.11931493878364563, -0.09170597791671753, -0.3022560477256775, -0.2175283432006836]], "sfx.logattacktime.mean": [0.4080624580383301], "sfx.inharmonicity.mean": [0.4064629077911377]}