{"lowlevel.spectral_centroid.mean": [0.8980971574783325], "lowlevel.spectral_contrast.mean": [[0.5193502902984619, 0.20883846282958984, 0.2511579990386963, 0.5296151638031006, 0.5885124206542969, 0.7737562656402588]], "lowlevel.dissonance.mean": [0.6485269069671631], "lowlevel.hfc.mean": [0.49222755432128906], "lowlevel.mfcc.mean": [[0.16364479064941406, 0.17598094046115875, 0.6057634949684143, 0.5269176363945007, 0.7279310822486877, 0.8772988319396973, 1.0239588022232056, 0.8835898637771606, 0.3342185616493225, 0.7916849255561829, 1.0300114154815674, 0.5114765167236328, 1.3389501571655273]], "sfx.logattacktime.mean": [0.6404433846473694], "sfx.inharmonicity.mean": [0.45128634572029114]}