{"lowlevel.spectral_centroid.mean": [0.3688076138496399], "lowlevel.spectral_contrast.mean": [[0.39132487773895264, 0.645939826965332, 0.7117291688919067, 0.5027477741241455, 0.5052969455718994, 0.33291172981262207]], "lowlevel.dissonance.mean": [0.31461644172668457], "lowlevel.hfc.mean": [0.4694116413593292], "lowlevel.mfcc.mean": [[0.4835420846939087, 0.6971707344055176, 0.3435167670249939, 0.2689889669418335, 0.3027689754962921, -0.01396217942237854, 0.16983065009117126, 0.2372037172317505, 0.47537705302238464, 0.4521070718765259, 0.14970356225967407, 0.11788827180862427, 0.5433277487754822]], "sfx.logattacktime.mean": [0.25417590141296387], "sfx.inharmonicity.mean": [0.738150954246521]}