{"lowlevel.spectral_centroid.mean": [0.3251500129699707], "lowlevel.spectral_contrast.mean": [[1.13401198387146, 0.9255069494247437, 0.6383593082427979, 0.5438075065612793, 0.6781799793243408, 0.730748176574707]], "lowlevel.dissonance.mean": [0.2895427942276001], "lowlevel.hfc.mean": [0.4931134879589081], "lowlevel.mfcc.mean": [[0.7474833726882935, 1.0391876697540283, 0.3051788806915283, 0.8658850193023682, 0.7253600358963013, 0.43931058049201965, 0.5832719206809998, 0.325351357460022, 0.4348984360694885, 0.11194649338722229, -0.06788349151611328, -0.018085896968841553, 0.16977381706237793]], "sfx.logattacktime.mean": [0.49864089488983154], "sfx.inharmonicity.mean": [0.3418693542480469]}