{"lowlevel.spectral_centroid.mean": [0.40594160556793213], "lowlevel.spectral_contrast.mean": [[0.7626671195030212, 0.418163537979126, 0.2627439498901367, 0.32970762252807617, 0.3488783836364746, 0.29978489875793457]], "lowlevel.dissonance.mean": [0.3121516704559326], "lowlevel.hfc.mean": [0.4695855379104614], "lowlevel.mfcc.mean": [[0.20860826969146729, 0.4402931034564972, 0.6800026297569275, 0.7509757876396179, 0.7906820774078369, 0.6747469305992126, 0.6602033376693726, 0.5925747752189636, 0.6455055475234985, 0.6274527311325073, 0.5704662203788757, 0.444007009267807, 0.43106403946876526]], "sfx.logattacktime.mean": [0.3722233176231384], "sfx.inharmonicity.mean": [0.27847564220428467]}