{"lowlevel.spectral_centroid.mean": [0.47526830434799194], "lowlevel.spectral_contrast.mean": [[0.3496354818344116, 0.37934696674346924, 0.3988136053085327, 0.4079921245574951, 0.5015952587127686, 0.4931662082672119]], "lowlevel.dissonance.mean": [0.6610924005508423], "lowlevel.hfc.mean": [0.4650968015193939], "lowlevel.mfcc.mean": [[0.32214319705963135, 0.3913959264755249, 0.6113024353981018, 0.6260315179824829, 0.5428916811943054, 0.5460059642791748, 0.6608976721763611, 0.69630366563797, 0.9921190738677979, 0.7187521457672119, 0.6323404312133789, 0.5015603303909302, 0.4869717061519623]], "sfx.logattacktime.mean": [0.7694534659385681], "sfx.inharmonicity.mean": [0.5303404331207275]}