{"lowlevel.spectral_centroid.mean": [0.32067596912384033], "lowlevel.spectral_contrast.mean": [[0.7308173775672913, 0.7898886203765869, 0.7137069702148438, 0.5893917083740234, 0.3823511600494385, 0.29599571228027344]], "lowlevel.dissonance.mean": [0.22759580612182617], "lowlevel.hfc.mean": [0.4746769368648529], "lowlevel.mfcc.mean": [[0.40523064136505127, 1.1373562812805176, 0.7975335121154785, 0.39839351177215576, 0.37160027027130127, 0.33548006415367126, 0.3417867422103882, 0.2879694998264313, 0.1448858082294464, 0.08005562424659729, 0.2170446515083313, 0.2981874942779541, 0.3492627739906311]], "sfx.logattacktime.mean": [0.3681504726409912], "sfx.inharmonicity.mean": [0.5685858726501465]}