{"lowlevel.spectral_centroid.mean": [0.38401278853416443], "lowlevel.spectral_contrast.mean": [[0.6536298990249634, 0.3815000057220459, 0.30797457695007324, 0.19665837287902832, 0.16254091262817383, 0.18956828117370605]], "lowlevel.dissonance.mean": [0.10381114482879639], "lowlevel.hfc.mean": [0.46568986773490906], "lowlevel.mfcc.mean": [[0.16745591163635254, 0.4605354070663452, 0.789250373840332, 0.7056576609611511, 0.7446225881576538, 0.7014031410217285, 0.7460609674453735, 0.710783839225769, 0.734870970249176, 0.6675899028778076, 0.62513267993927, 0.5472869277000427, 0.4926065504550934]], "sfx.logattacktime.mean": [0.2823190987110138], "sfx.inharmonicity.mean": [0.20162077248096466]}