{"lowlevel.spectral_centroid.mean": [0.3304709494113922], "lowlevel.spectral_contrast.mean": [[0.38316071033477783, 0.7987678050994873, 0.5913898944854736, 0.49808192253112793, 0.3635590076446533, 0.3300740718841553]], "lowlevel.dissonance.mean": [0.15767300128936768], "lowlevel.hfc.mean": [0.4679435193538666], "lowlevel.mfcc.mean": [[0.28022146224975586, 0.49252498149871826, 0.6695117354393005, 0.5652947425842285, 0.5734692811965942, 0.4467909038066864, 0.2988342046737671, 0.18781808018684387, 0.1937306523323059, 0.14749959111213684, 0.237106055021286, 0.22708559036254883, 0.40073755383491516]], "sfx.logattacktime.mean": [0.6911612749099731], "sfx.inharmonicity.mean": [0.2402343600988388]}