{"lowlevel.spectral_centroid.mean": [0.380441814661026], "lowlevel.spectral_contrast.mean": [[0.24442696571350098, 0.24931490421295166, 0.26244020462036133, 0.2625706195831299, 0.2305738925933838, 0.22681975364685059]], "lowlevel.dissonance.mean": [0.5988222360610962], "lowlevel.hfc.mean": [0.46518072485923767], "lowlevel.mfcc.mean": [[0.1148139238357544, 0.3156559467315674, 0.5853654742240906, 0.4327946603298187, 0.5121651887893677, 0.5062976479530334, 0.5360686182975769, 0.4821127951145172, 0.4868411719799042, 0.4380906820297241, 0.4406277537345886, 0.40218114852905273, 0.41869744658470154]], "sfx.logattacktime.mean": [0.4781084656715393], "sfx.inharmonicity.mean": [0.3234131336212158]}