{"lowlevel.spectral_centroid.mean": [0.4475640058517456], "lowlevel.spectral_contrast.mean": [[0.20056796073913574, 0.20155978202819824, 1.8448238372802734, 1.616186261177063, 1.5170321464538574, 1.313654899597168]], "lowlevel.dissonance.mean": [0.3090808391571045], "lowlevel.hfc.mean": [0.5092751383781433], "lowlevel.mfcc.mean": [[0.4762521982192993, 0.10544493794441223, 0.19095173478126526, 0.3765906095504761, 0.4854651689529419, 0.9392378330230713, 0.8513967394828796, 1.5156941413879395, 0.9998688101768494, -0.42052268981933594, -1.345391035079956, 0.009206414222717285, 1.5882036685943604]], "sfx.logattacktime.mean": [0.3182715177536011], "sfx.inharmonicity.mean": [0.8288425207138062]}