{"lowlevel.spectral_centroid.mean": [0.3511338531970978], "lowlevel.spectral_contrast.mean": [[0.7889784574508667, 0.6431255340576172, 0.5975145101547241, 0.4472379684448242, 0.3972177505493164, 0.3473975658416748]], "lowlevel.dissonance.mean": [0.08868265151977539], "lowlevel.hfc.mean": [0.47070837020874023], "lowlevel.mfcc.mean": [[0.274533748626709, 0.628214955329895, 0.756149172782898, 0.6142417788505554, 0.6213847398757935, 0.36154693365097046, 0.34584397077560425, 0.3862931430339813, 0.2901703715324402, 0.08571770787239075, 0.07416102290153503, 0.04974186420440674, -0.027766644954681396]], "sfx.logattacktime.mean": [0.2556249797344208], "sfx.inharmonicity.mean": [0.22372406721115112]}