{"lowlevel.spectral_centroid.mean": [1.089093804359436], "lowlevel.spectral_contrast.mean": [[0.15558242797851562, 0.15703356266021729, 0.19577479362487793, 0.6378681659698486, 0.30098962783813477, 0.7602584362030029]], "lowlevel.dissonance.mean": [0.6859617233276367], "lowlevel.hfc.mean": [0.4655878245830536], "lowlevel.mfcc.mean": [[-0.10308980941772461, 0.05932696908712387, 0.5010755658149719, 0.43290361762046814, 0.6159186363220215, 0.6357475519180298, 0.03456294536590576, 1.0248315334320068, 0.47191861271858215, 0.5844383835792542, 0.28557294607162476, 0.5828233361244202, 1.1413018703460693]], "sfx.logattacktime.mean": [0.30917197465896606], "sfx.inharmonicity.mean": [0.49183979630470276]}