{"lowlevel.spectral_centroid.mean": [0.6008198857307434], "lowlevel.spectral_contrast.mean": [[0.44203412532806396, 0.35791289806365967, 0.5083553791046143, 1.3913607597351074, 1.5086266994476318, 1.0871763229370117]], "lowlevel.dissonance.mean": [0.6129062175750732], "lowlevel.hfc.mean": [0.5356747508049011], "lowlevel.mfcc.mean": [[0.7589796781539917, 0.23409686982631683, 0.3398091793060303, 0.2891296148300171, 0.4332279562950134, 0.5955451130867004, 0.8382951021194458, 0.7078657150268555, 0.06363502144813538, 0.03208300471305847, 1.0889649391174316, 1.7597721815109253, 0.23828762769699097]], "sfx.logattacktime.mean": [0.5756558179855347], "sfx.inharmonicity.mean": [1.4027185440063477]}