{"lowlevel.spectral_centroid.mean": [0.45978885889053345], "lowlevel.spectral_contrast.mean": [[0.3418998718261719, 0.5245332717895508, 0.6990569829940796, 0.5596306324005127, 0.3547346591949463, 0.41651201248168945]], "lowlevel.dissonance.mean": [0.5257333517074585], "lowlevel.hfc.mean": [0.47645366191864014], "lowlevel.mfcc.mean": [[0.2741529941558838, 0.5665875673294067, 0.34275707602500916, -0.051347583532333374, -0.08672237396240234, 0.501491129398346, 0.6704263687133789, 0.19797226786613464, 0.6904842257499695, 0.6421661376953125, 0.4117095470428467, 0.04930254817008972, 0.29919707775115967]], "sfx.logattacktime.mean": [0.34796249866485596], "sfx.inharmonicity.mean": [0.4608522653579712]}