{"lowlevel.spectral_centroid.mean": [0.4283985495567322], "lowlevel.spectral_contrast.mean": [[0.8062840700149536, 0.645133376121521, 0.6035779714584351, 0.5871796607971191, 0.7102470397949219, 0.6861057281494141]], "lowlevel.dissonance.mean": [0.6680039167404175], "lowlevel.hfc.mean": [0.6469583511352539], "lowlevel.mfcc.mean": [[1.1902821063995361, 0.4356003403663635, 0.559803307056427, 0.7308679223060608, 0.6045464277267456, 0.5349812507629395, 0.5035949349403381, 0.5567532777786255, 0.3869588077068329, 0.4595191478729248, 0.571719765663147, 0.422616183757782, 0.34159258008003235]], "sfx.logattacktime.mean": [0.3049507737159729], "sfx.inharmonicity.mean": [0.47237107157707214]}