{"lowlevel.spectral_centroid.mean": [0.7364427447319031], "lowlevel.spectral_contrast.mean": [[0.289453387260437, 0.3345832824707031, 0.44317662715911865, 0.7128082513809204, 0.9158852100372314, 0.8719797134399414]], "lowlevel.dissonance.mean": [0.7357912063598633], "lowlevel.hfc.mean": [0.4790817201137543], "lowlevel.mfcc.mean": [[0.6031039953231812, 0.0877608060836792, 0.09253939986228943, 0.43268895149230957, 0.2357403188943863, 0.29892900586128235, 0.5046697854995728, 0.0493546724319458, 0.6247836351394653, 0.5031371116638184, 0.5167343616485596, 0.046559154987335205, 0.5690369606018066]], "sfx.logattacktime.mean": [0.8322731256484985], "sfx.inharmonicity.mean": [1.0151212215423584]}