{"lowlevel.spectral_centroid.mean": [0.4687739610671997], "lowlevel.spectral_contrast.mean": [[0.1912381649017334, 0.9798332452774048, 1.1785216331481934, 1.5817993879318237, 0.7952196598052979, 0.3193318843841553]], "lowlevel.dissonance.mean": [0.37371397018432617], "lowlevel.hfc.mean": [0.4970580041408539], "lowlevel.mfcc.mean": [[0.4797254800796509, 0.7381927967071533, -0.0420859158039093, -0.4518745541572571, 0.17545968294143677, 0.546545684337616, 0.6324507594108582, 0.07521793246269226, 0.04192790389060974, 0.35195475816726685, 0.37650781869888306, 0.784727931022644, 1.1654852628707886]], "sfx.logattacktime.mean": [0.24010980129241943], "sfx.inharmonicity.mean": [0.35162270069122314]}