{"lowlevel.spectral_centroid.mean": [0.34151673316955566], "lowlevel.spectral_contrast.mean": [[0.7464243173599243, 1.0076534748077393, 0.8434100151062012, 0.8170591592788696, 0.46669912338256836, 0.36692237854003906]], "lowlevel.dissonance.mean": [0.25832927227020264], "lowlevel.hfc.mean": [0.4668162167072296], "lowlevel.mfcc.mean": [[0.3556410074234009, 0.5114575028419495, 0.18219438195228577, 0.07467183470726013, 0.214216947555542, 0.25865086913108826, 0.19557183980941772, 0.15588867664337158, 0.42242732644081116, 0.5049811601638794, 0.39401084184646606, 0.2462128847837448, 0.24604377150535583]], "sfx.logattacktime.mean": [0.4070754647254944], "sfx.inharmonicity.mean": [0.35173624753952026]}