{"lowlevel.spectral_centroid.mean": [0.30571839213371277], "lowlevel.spectral_contrast.mean": [[0.9358076453208923, 0.5988401174545288, 0.4977203607559204, 0.6492810249328613, 0.3643200397491455, 0.44811487197875977]], "lowlevel.dissonance.mean": [0.4669262170791626], "lowlevel.hfc.mean": [0.4826255738735199], "lowlevel.mfcc.mean": [[0.7162758111953735, 1.064866542816162, 0.8332641124725342, 0.5497285723686218, 0.3854747712612152, 0.8336265087127686, 0.7100667357444763, 0.5513418912887573, 0.5744045376777649, 0.6200083494186401, 0.7222146987915039, 0.5985427498817444, 0.5008538961410522]], "sfx.logattacktime.mean": [0.5218587517738342], "sfx.inharmonicity.mean": [0.19428189098834991]}