{"lowlevel.spectral_centroid.mean": [0.3526243567466736], "lowlevel.spectral_contrast.mean": [[0.5185409784317017, 0.4012470245361328, 0.5334024429321289, 0.5647315979003906, 0.6222641468048096, 0.515080451965332]], "lowlevel.dissonance.mean": [0.6520483493804932], "lowlevel.hfc.mean": [0.46536490321159363], "lowlevel.mfcc.mean": [[0.5298789739608765, 0.7083427906036377, 0.20371201634407043, 0.5628636479377747, 0.4806937873363495, 0.6060672998428345, 0.9842392206192017, 0.6472974419593811, 0.8977689743041992, 0.7277805805206299, 0.5316182374954224, 0.5152243971824646, 0.566393256187439]], "sfx.logattacktime.mean": [0.5457794070243835], "sfx.inharmonicity.mean": [0.5153861045837402]}