{"lowlevel.spectral_centroid.mean": [0.41366416215896606], "lowlevel.spectral_contrast.mean": [[0.48279738426208496, 1.1841938495635986, 1.0677344799041748, 1.0740852355957031, 1.1169801950454712, 0.7632765769958496]], "lowlevel.dissonance.mean": [0.47331440448760986], "lowlevel.hfc.mean": [0.4884624183177948], "lowlevel.mfcc.mean": [[0.7634792327880859, 0.4638901650905609, -0.0035825371742248535, 0.5083295702934265, 0.16331440210342407, 0.1296459436416626, 0.30363404750823975, 0.6301910281181335, 0.1901543140411377, 0.6346745491027832, 0.9898370504379272, 1.3823113441467285, 1.321519374847412]], "sfx.logattacktime.mean": [0.343874454498291], "sfx.inharmonicity.mean": [0.36323267221450806]}