{"lowlevel.spectral_centroid.mean": [0.77983158826828], "lowlevel.spectral_contrast.mean": [[0.27546119689941406, 0.33464932441711426, 0.38330602645874023, 0.40582895278930664, 0.44380784034729004, 0.5899982452392578]], "lowlevel.dissonance.mean": [0.7327674627304077], "lowlevel.hfc.mean": [0.46983692049980164], "lowlevel.mfcc.mean": [[0.8321350812911987, 0.2444230020046234, 0.44364839792251587, 0.5431906580924988, 0.33741316199302673, 0.6039108037948608, 0.49552077054977417, 0.4949725568294525, 0.5121617913246155, 0.45491719245910645, 0.5352571606636047, 0.5168148279190063, 0.49938398599624634]], "sfx.logattacktime.mean": [0.6141662001609802], "sfx.inharmonicity.mean": [0.9556694030761719]}