{"lowlevel.spectral_centroid.mean": [0.4234943389892578], "lowlevel.spectral_contrast.mean": [[0.521021842956543, 0.30681312084198, 1.7729392051696777, 0.7085524797439575, 1.4501056671142578, 0.9718337059020996]], "lowlevel.dissonance.mean": [0.19150137901306152], "lowlevel.hfc.mean": [0.6113694310188293], "lowlevel.mfcc.mean": [[0.638267993927002, 0.24197758734226227, 0.2638828754425049, 0.27819767594337463, 0.1628134846687317, 0.9301110506057739, 0.9875811338424683, 1.2776236534118652, 0.47672539949417114, -0.25738805532455444, -0.5004827380180359, 1.2066502571105957, 2.358509063720703]], "sfx.logattacktime.mean": [0.5203646421432495], "sfx.inharmonicity.mean": [0.4777522087097168]}