{"lowlevel.spectral_centroid.mean": [0.3373194634914398], "lowlevel.spectral_contrast.mean": [[0.5419446229934692, 0.6317956447601318, 0.5843384265899658, 0.532923698425293, 0.2737295627593994, 0.3008863925933838]], "lowlevel.dissonance.mean": [0.14810824394226074], "lowlevel.hfc.mean": [0.47686517238616943], "lowlevel.mfcc.mean": [[0.4120219945907593, 0.9020589590072632, 0.8918294310569763, 0.5632752180099487, 0.38263139128685, 0.3070351779460907, 0.3528643250465393, 0.389853835105896, 0.5068439841270447, 0.522299587726593, 0.6365477442741394, 0.5793755650520325, 0.5805452466011047]], "sfx.logattacktime.mean": [0.2022305428981781], "sfx.inharmonicity.mean": [0.5877974629402161]}