{"lowlevel.spectral_centroid.mean": [0.39286351203918457], "lowlevel.spectral_contrast.mean": [[0.45174920558929443, 0.7102336883544922, 0.33681750297546387, 0.2841367721557617, 0.22940278053283691, 0.2238759994506836]], "lowlevel.dissonance.mean": [-0.20870542526245117], "lowlevel.hfc.mean": [0.46519002318382263], "lowlevel.mfcc.mean": [[0.18184447288513184, 0.4707356095314026, 0.7546250820159912, 0.6540414094924927, 0.6477389931678772, 0.5029218196868896, 0.4186580181121826, 0.3403016924858093, 0.43710529804229736, 0.4930538237094879, 0.5655677914619446, 0.558820366859436, 0.5278938412666321]], "sfx.logattacktime.mean": [0.24331730604171753], "sfx.inharmonicity.mean": [0.21484029293060303]}