{"lowlevel.spectral_centroid.mean": [0.71088707447052], "lowlevel.spectral_contrast.mean": [[0.29982173442840576, 0.3997657299041748, 0.31535911560058594, 0.34090542793273926, 0.3044137954711914, 0.32736921310424805]], "lowlevel.dissonance.mean": [0.6175469160079956], "lowlevel.hfc.mean": [0.4685938060283661], "lowlevel.mfcc.mean": [[0.31269288063049316, 0.4484543800354004, 0.5744287967681885, 0.45904505252838135, 0.4960283041000366, 0.49082285165786743, 0.4026425778865814, 0.33776047825813293, 0.32559579610824585, 0.3263336718082428, 0.41976043581962585, 0.4820442497730255, 0.5145388841629028]], "sfx.logattacktime.mean": [0.5601222515106201], "sfx.inharmonicity.mean": [0.6349401473999023]}