{"lowlevel.spectral_centroid.mean": [0.41578495502471924], "lowlevel.spectral_contrast.mean": [[0.2113487720489502, 0.2682701349258423, 0.36221837997436523, 0.42863011360168457, 0.44493627548217773, 0.38040757179260254]], "lowlevel.dissonance.mean": [0.691340446472168], "lowlevel.hfc.mean": [0.4651385247707367], "lowlevel.mfcc.mean": [[0.3626965284347534, 0.740781307220459, 0.2929295301437378, 0.2756684422492981, 0.600648045539856, 0.5529757738113403, 0.7306056618690491, 0.5007159113883972, 0.6238976716995239, 0.427776038646698, 0.5265335440635681, 0.40324005484580994, 0.4052737355232239]], "sfx.logattacktime.mean": [0.7574294805526733], "sfx.inharmonicity.mean": [0.9201184511184692]}