{"lowlevel.spectral_centroid.mean": [0.6272436380386353], "lowlevel.spectral_contrast.mean": [[0.07217764854431152, 1.145625352859497, 0.7633860111236572, 0.8909308910369873, 0.8938744068145752, 0.7186620235443115]], "lowlevel.dissonance.mean": [0.19539308547973633], "lowlevel.hfc.mean": [0.4754398465156555], "lowlevel.mfcc.mean": [[0.3541616201400757, 0.24645157158374786, 0.22216397523880005, 0.46163231134414673, 0.2907484769821167, 0.12908992171287537, -0.03885704278945923, -0.0038737356662750244, 0.20691955089569092, 0.34805524349212646, 0.3007753789424896, 0.3853548467159271, 0.945258378982544]], "sfx.logattacktime.mean": [0.37167319655418396], "sfx.inharmonicity.mean": [0.5083202123641968]}