{"lowlevel.spectral_centroid.mean": [0.3865618407726288], "lowlevel.spectral_contrast.mean": [[0.462215781211853, 1.2800748348236084, 1.2331225872039795, 1.1594027280807495, 0.9785408973693848, 0.6643528938293457]], "lowlevel.dissonance.mean": [0.31008124351501465], "lowlevel.hfc.mean": [0.5094199180603027], "lowlevel.mfcc.mean": [[0.7889502048492432, 0.5996716618537903, -0.07469424605369568, 0.39905428886413574, 0.24162134528160095, 0.08151176571846008, 0.09093067049980164, 0.3741512894630432, 0.4297548234462738, 0.2678651809692383, 0.4085172712802887, 0.9825515747070312, 1.200796365737915]], "sfx.logattacktime.mean": [0.39522698521614075], "sfx.inharmonicity.mean": [0.2982894778251648]}