{"lowlevel.spectral_centroid.mean": [0.6999493837356567], "lowlevel.spectral_contrast.mean": [[0.26216626167297363, 0.35419511795043945, 0.3677408695220947, 0.36757993698120117, 0.3909158706665039, 0.44538378715515137]], "lowlevel.dissonance.mean": [0.7081387042999268], "lowlevel.hfc.mean": [0.466086208820343], "lowlevel.mfcc.mean": [[0.6631779670715332, 0.33357366919517517, 0.6081933379173279, 0.6517662405967712, 0.5283986330032349, 0.4703073799610138, 0.4778577983379364, 0.3539124131202698, 0.6472374200820923, 0.5972859263420105, 0.5031036138534546, 0.48185980319976807, 0.49800610542297363]], "sfx.logattacktime.mean": [0.9238533973693848], "sfx.inharmonicity.mean": [0.6014466285705566]}