{"lowlevel.spectral_centroid.mean": [0.3589951992034912], "lowlevel.spectral_contrast.mean": [[0.6109731197357178, 0.8637011051177979, 0.755374550819397, 0.7344961166381836, 0.6676027774810791, 0.8053188323974609]], "lowlevel.dissonance.mean": [0.36823344230651855], "lowlevel.hfc.mean": [0.46742457151412964], "lowlevel.mfcc.mean": [[0.533387303352356, 0.7477782964706421, 0.22988444566726685, 0.40547850728034973, 0.18042713403701782, 0.0687091052532196, 0.24238231778144836, 0.034270286560058594, 0.17160865664482117, 0.11745843291282654, 0.4283565282821655, 0.42623263597488403, 0.30124133825302124]], "sfx.logattacktime.mean": [0.9774497747421265], "sfx.inharmonicity.mean": [0.37322646379470825]}