{"lowlevel.spectral_centroid.mean": [0.4645688533782959], "lowlevel.spectral_contrast.mean": [[0.3616687059402466, 0.41750967502593994, 0.67051100730896, 0.744312047958374, 0.8419103622436523, 0.6401958465576172]], "lowlevel.dissonance.mean": [0.682159423828125], "lowlevel.hfc.mean": [0.47844240069389343], "lowlevel.mfcc.mean": [[0.703883171081543, 0.5280406475067139, 0.27124956250190735, 0.3820144832134247, 0.4186219274997711, 0.4849003851413727, 0.4622916579246521, 0.38442182540893555, 0.37240174412727356, 0.19757387042045593, 0.33200374245643616, 0.46324896812438965, 0.6014664173126221]], "sfx.logattacktime.mean": [0.4799332916736603], "sfx.inharmonicity.mean": [0.5892373919487]}