{"lowlevel.spectral_centroid.mean": [0.3885403275489807], "lowlevel.spectral_contrast.mean": [[0.8454464077949524, 0.9837871789932251, 0.819222092628479, 0.8061455488204956, 0.8409428596496582, 1.2719597816467285]], "lowlevel.dissonance.mean": [0.6334975957870483], "lowlevel.hfc.mean": [0.612712562084198], "lowlevel.mfcc.mean": [[1.1250693798065186, 0.7064242362976074, 0.15287312865257263, 0.811487078666687, 0.2262919843196869, 0.746466875076294, 0.11612021923065186, 0.29000401496887207, 0.5637893676757812, 0.12325909733772278, 0.2698993682861328, 0.3061015009880066, 0.22707682847976685]], "sfx.logattacktime.mean": [0.6839834451675415], "sfx.inharmonicity.mean": [0.4317324757575989]}