{"lowlevel.spectral_centroid.mean": [0.413697749376297], "lowlevel.spectral_contrast.mean": [[0.6868247985839844, 1.2499538660049438, 1.2067042589187622, 1.2932854890823364, 1.2297008037567139, 0.802577018737793]], "lowlevel.dissonance.mean": [0.36351847648620605], "lowlevel.hfc.mean": [0.49387362599372864], "lowlevel.mfcc.mean": [[0.6792490482330322, 0.5266596078872681, -0.256673127412796, 0.33568084239959717, 0.055590301752090454, -0.18964874744415283, -0.40051448345184326, 0.06625527143478394, -0.0896725058555603, 0.14564472436904907, 0.35063180327415466, 0.3742690086364746, 0.7323729991912842]], "sfx.logattacktime.mean": [0.7409884929656982], "sfx.inharmonicity.mean": [0.32144981622695923]}