{"lowlevel.spectral_centroid.mean": [0.4607093334197998], "lowlevel.spectral_contrast.mean": [[0.6307923793792725, 0.26010334491729736, 1.2312246561050415, 0.6613233089447021, 1.1478923559188843, 0.8818840980529785]], "lowlevel.dissonance.mean": [0.555566668510437], "lowlevel.hfc.mean": [0.5098002552986145], "lowlevel.mfcc.mean": [[0.4167969226837158, 0.1393359899520874, 0.39882123470306396, 0.5354019999504089, 0.499522864818573, 0.8424749970436096, 0.9114831686019897, 0.9228081703186035, 0.6250098347663879, -0.07182461023330688, 0.33005136251449585, 1.5662455558776855, 2.1813931465148926]], "sfx.logattacktime.mean": [0.5859807133674622], "sfx.inharmonicity.mean": [0.46532323956489563]}