{"lowlevel.spectral_centroid.mean": [0.3385787606239319], "lowlevel.spectral_contrast.mean": [[1.2600891590118408, 1.064443588256836, 1.0821706056594849, 0.8995782136917114, 0.6219255924224854, 0.589102029800415]], "lowlevel.dissonance.mean": [-0.07702511548995972], "lowlevel.hfc.mean": [0.4911091923713684], "lowlevel.mfcc.mean": [[0.6864961385726929, 0.8756589889526367, 0.24498769640922546, 0.44771698117256165, 0.050355464220047, -0.12410485744476318, -0.15945595502853394, -0.08062976598739624, 0.27656683325767517, 0.13097932934761047, -0.201529860496521, -0.052362918853759766, 0.23193424940109253]], "sfx.logattacktime.mean": [0.934801459312439], "sfx.inharmonicity.mean": [0.32622891664505005]}