{"lowlevel.spectral_centroid.mean": [0.3505663275718689], "lowlevel.spectral_contrast.mean": [[0.6486870646476746, 0.6663912534713745, 0.7119208574295044, 0.7322927713394165, 0.6634840965270996, 0.280958890914917]], "lowlevel.dissonance.mean": [0.3632168769836426], "lowlevel.hfc.mean": [0.4677274227142334], "lowlevel.mfcc.mean": [[0.45924222469329834, 1.2140756845474243, 0.4705803394317627, 0.1588263213634491, 0.45064789056777954, 0.23554860055446625, 0.29323166608810425, 0.1844092309474945, 0.15997397899627686, 0.16441461443901062, 0.25483760237693787, 0.3447447419166565, 0.2691499590873718]], "sfx.logattacktime.mean": [0.8042151927947998], "sfx.inharmonicity.mean": [0.6552255153656006]}