{"lowlevel.spectral_centroid.mean": [0.41438043117523193], "lowlevel.spectral_contrast.mean": [[0.5411244630813599, 0.7892459630966187, 0.9007532596588135, 0.7947113513946533, 0.7950935363769531, 1.3613594770431519]], "lowlevel.dissonance.mean": [0.49992966651916504], "lowlevel.hfc.mean": [0.48308175802230835], "lowlevel.mfcc.mean": [[0.7904746532440186, 0.7972078323364258, -0.21947750449180603, 0.49763303995132446, -0.09041047096252441, 0.09800034761428833, 0.13866034150123596, 0.06278103590011597, 0.6802870035171509, -0.2608436346054077, 0.19895604252815247, 0.1843760907649994, 0.5220717191696167]], "sfx.logattacktime.mean": [0.3375682830810547], "sfx.inharmonicity.mean": [0.8207319974899292]}