{"lowlevel.spectral_centroid.mean": [0.7101538181304932], "lowlevel.spectral_contrast.mean": [[0.06989169120788574, 0.10390722751617432, 0.8363442420959473, 0.7069993019104004, 0.6583669185638428, 0.749685525894165]], "lowlevel.dissonance.mean": [0.7205098867416382], "lowlevel.hfc.mean": [0.5455291867256165], "lowlevel.mfcc.mean": [[0.2731739282608032, -0.015442818403244019, 0.13867753744125366, 0.039943188428878784, 0.8773950338363647, 1.0384314060211182, 0.31152451038360596, 0.19052216410636902, 0.5410971641540527, 0.4043731093406677, 0.49504008889198303, 0.48388347029685974, 0.6370847225189209]], "sfx.logattacktime.mean": [0.40901923179626465], "sfx.inharmonicity.mean": [0.979460597038269]}