{"lowlevel.spectral_centroid.mean": [0.31837472319602966], "lowlevel.spectral_contrast.mean": [[0.7010789513587952, 0.4792168140411377, 0.729758620262146, 0.44440555572509766, 0.3413262367248535, 0.38297343254089355]], "lowlevel.dissonance.mean": [0.48769593238830566], "lowlevel.hfc.mean": [0.4716342091560364], "lowlevel.mfcc.mean": [[0.6047685146331787, 0.953271746635437, 0.8837540745735168, 0.5229997634887695, 0.4908726215362549, 0.6531381607055664, 0.6579737067222595, 0.7404689788818359, 0.7191876769065857, 0.6158176064491272, 0.33901166915893555, 0.20883867144584656, 0.25482696294784546]], "sfx.logattacktime.mean": [0.44419461488723755], "sfx.inharmonicity.mean": [0.4782956838607788]}