{"lowlevel.spectral_centroid.mean": [0.3100784122943878], "lowlevel.spectral_contrast.mean": [[0.5765781402587891, 0.5269896984100342, 0.46009910106658936, 0.3380873203277588, 0.3184945583343506, 0.2871580123901367]], "lowlevel.dissonance.mean": [0.42033374309539795], "lowlevel.hfc.mean": [0.46710026264190674], "lowlevel.mfcc.mean": [[0.387653112411499, 0.7998493909835815, 0.8155926465988159, 0.5597783327102661, 0.5820271372795105, 0.569179892539978, 0.6285333037376404, 0.6543749570846558, 0.6222456097602844, 0.48131924867630005, 0.4362833499908447, 0.4133701026439667, 0.5279665589332581]], "sfx.logattacktime.mean": [0.4260164499282837], "sfx.inharmonicity.mean": [0.22824794054031372]}