{"lowlevel.spectral_centroid.mean": [0.33135759830474854], "lowlevel.spectral_contrast.mean": [[0.4846770763397217, 0.4879131317138672, 0.37326478958129883, 0.3492014408111572, 0.2977156639099121, 0.2558767795562744]], "lowlevel.dissonance.mean": [0.30796658992767334], "lowlevel.hfc.mean": [0.4652896821498871], "lowlevel.mfcc.mean": [[0.15410971641540527, 0.34836408495903015, 0.5693599581718445, 0.5357941389083862, 0.6006712317466736, 0.4903009831905365, 0.43453192710876465, 0.36104121804237366, 0.3938806653022766, 0.36509010195732117, 0.3523440361022949, 0.24023626744747162, 0.26195210218429565]], "sfx.logattacktime.mean": [0.60060715675354], "sfx.inharmonicity.mean": [0.22574806213378906]}