{"lowlevel.spectral_centroid.mean": [0.8253191709518433], "lowlevel.spectral_contrast.mean": [[0.12473404407501221, 0.14412856101989746, 0.23618698120117188, 0.6205508708953857, 0.40221166610717773, 0.40436434745788574]], "lowlevel.dissonance.mean": [0.581005334854126], "lowlevel.hfc.mean": [0.4731788635253906], "lowlevel.mfcc.mean": [[-0.03953433036804199, 0.17710576951503754, 0.5056852102279663, 0.44306445121765137, 0.5330693125724792, 0.9088528752326965, 0.8330398797988892, 0.37534627318382263, 0.240788996219635, 0.42319580912590027, 0.8394268751144409, 0.7704787254333496, 0.6977081298828125]], "sfx.logattacktime.mean": [0.3969637155532837], "sfx.inharmonicity.mean": [0.771236777305603]}