{"lowlevel.spectral_centroid.mean": [0.39811307191848755], "lowlevel.spectral_contrast.mean": [[0.4352076053619385, 0.7591825723648071, 0.8505016565322876, 0.7237257957458496, 0.672785758972168, 0.30235767364501953]], "lowlevel.dissonance.mean": [0.07280755043029785], "lowlevel.hfc.mean": [0.4657305181026459], "lowlevel.mfcc.mean": [[0.23271512985229492, 0.8299703598022461, 0.43725892901420593, 0.08415365219116211, 0.24621634185314178, 0.050756365060806274, 0.04629480838775635, 0.2451566457748413, 0.48551714420318604, 0.36039066314697266, 0.2637946903705597, 0.47795888781547546, 0.8250283002853394]], "sfx.logattacktime.mean": [0.9278117418289185], "sfx.inharmonicity.mean": [0.5911126136779785]}