{"lowlevel.spectral_centroid.mean": [0.3722653388977051], "lowlevel.spectral_contrast.mean": [[0.5270178318023682, 0.5254673957824707, 0.30626845359802246, 0.23067474365234375, 0.22385883331298828, 0.2128157615661621]], "lowlevel.dissonance.mean": [-0.09022796154022217], "lowlevel.hfc.mean": [0.4651627540588379], "lowlevel.mfcc.mean": [[0.15371394157409668, 0.41803768277168274, 0.7294352054595947, 0.6482418179512024, 0.6968708038330078, 0.6184477210044861, 0.5883449912071228, 0.47734037041664124, 0.40939486026763916, 0.26739630103111267, 0.2182275354862213, 0.19609543681144714, 0.2396857738494873]], "sfx.logattacktime.mean": [0.17212483286857605], "sfx.inharmonicity.mean": [0.2001238763332367]}