{"lowlevel.spectral_centroid.mean": [0.3353707492351532], "lowlevel.spectral_contrast.mean": [[1.0699589252471924, 1.1111799478530884, 0.7199674844741821, 0.6460912227630615, 0.7340366840362549, 0.8575878143310547]], "lowlevel.dissonance.mean": [0.30539488792419434], "lowlevel.hfc.mean": [0.49701130390167236], "lowlevel.mfcc.mean": [[0.7886499166488647, 1.0317656993865967, 0.2744865417480469, 0.9549712538719177, 0.7157061100006104, 0.5323846936225891, 0.5690199136734009, 0.2903255820274353, 0.37069976329803467, -0.04114502668380737, -0.04692953824996948, 0.1338779330253601, 0.44892045855522156]], "sfx.logattacktime.mean": [0.45753955841064453], "sfx.inharmonicity.mean": [0.3532525300979614]}