{"lowlevel.spectral_centroid.mean": [0.33860790729522705], "lowlevel.spectral_contrast.mean": [[0.49649691581726074, 0.45664966106414795, 0.38097238540649414, 0.3920121192932129, 0.39200282096862793, 0.3782925605773926]], "lowlevel.dissonance.mean": [0.34155941009521484], "lowlevel.hfc.mean": [0.46751195192337036], "lowlevel.mfcc.mean": [[0.2789273262023926, 0.5786736607551575, 0.8372377753257751, 0.7574254274368286, 0.7499423027038574, 0.6806872487068176, 0.6963707208633423, 0.6381386518478394, 0.6595313549041748, 0.6023706793785095, 0.6126254200935364, 0.6253594160079956, 0.5557754635810852]], "sfx.logattacktime.mean": [0.5606334209442139], "sfx.inharmonicity.mean": [0.2877662181854248]}