{"lowlevel.spectral_centroid.mean": [0.3202770948410034], "lowlevel.spectral_contrast.mean": [[0.9823720455169678, 0.3099561929702759, 0.34120655059814453, 0.33264636993408203, 0.3325622081756592, 0.3034191131591797]], "lowlevel.dissonance.mean": [0.5939990282058716], "lowlevel.hfc.mean": [0.46852293610572815], "lowlevel.mfcc.mean": [[0.26019346714019775, 0.5853610038757324, 0.8703829050064087, 0.9214491844177246, 1.043867588043213, 0.9790562391281128, 0.9784791469573975, 0.9702130556106567, 0.914307713508606, 0.7484464645385742, 0.6918441653251648, 0.6473482847213745, 0.5583586096763611]], "sfx.logattacktime.mean": [0.4332233667373657], "sfx.inharmonicity.mean": [0.19600142538547516]}