{"lowlevel.spectral_centroid.mean": [0.3136112689971924], "lowlevel.spectral_contrast.mean": [[0.5121891498565674, 0.38822460174560547, 0.40045905113220215, 0.28543829917907715, 0.31026148796081543, 0.31644701957702637]], "lowlevel.dissonance.mean": [0.48331403732299805], "lowlevel.hfc.mean": [0.46890613436698914], "lowlevel.mfcc.mean": [[0.2311021089553833, 0.4764259159564972, 0.6573683023452759, 0.654791533946991, 0.6439297199249268, 0.5329938530921936, 0.6038403511047363, 0.5817282795906067, 0.5628021955490112, 0.39306241273880005, 0.28417080640792847, 0.28050482273101807, 0.3646591901779175]], "sfx.logattacktime.mean": [0.2595131993293762], "sfx.inharmonicity.mean": [0.24526770412921906]}