{"lowlevel.spectral_centroid.mean": [0.4828512966632843], "lowlevel.spectral_contrast.mean": [[0.26071715354919434, 0.35128235816955566, 1.2796473503112793, 1.604616641998291, 1.054559350013733, 0.4260859489440918]], "lowlevel.dissonance.mean": [0.7352309226989746], "lowlevel.hfc.mean": [0.6492807269096375], "lowlevel.mfcc.mean": [[0.6410417556762695, 0.5631076097488403, -0.12408861517906189, -0.10246556997299194, 0.639175295829773, 0.9100514650344849, 0.8582068681716919, 0.3587046265602112, -0.15888762474060059, -0.31693941354751587, 0.1269875466823578, 1.3452521562576294, 1.2083964347839355]], "sfx.logattacktime.mean": [0.4712495803833008], "sfx.inharmonicity.mean": [0.6788408756256104]}