{"lowlevel.spectral_centroid.mean": [0.4494166970252991], "lowlevel.spectral_contrast.mean": [[0.7122208476066589, 0.5894418954849243, 0.590893030166626, 0.6059696674346924, 0.5838520526885986, 0.557075023651123]], "lowlevel.dissonance.mean": [0.6019939184188843], "lowlevel.hfc.mean": [0.46869179606437683], "lowlevel.mfcc.mean": [[0.6752809286117554, 0.46493926644325256, 0.057597219944000244, 0.22365683317184448, -0.010421514511108398, -0.005483150482177734, -0.052970170974731445, -0.04577803611755371, -0.12840241193771362, -0.02549886703491211, 0.07986515760421753, 0.40071219205856323, 0.5947744250297546]], "sfx.logattacktime.mean": [0.7593050003051758], "sfx.inharmonicity.mean": [0.5520824193954468]}