{"lowlevel.spectral_centroid.mean": [0.6992535591125488], "lowlevel.spectral_contrast.mean": [[0.3509265184402466, 0.32127463817596436, 0.35765504837036133, 0.3855435848236084, 0.4161412715911865, 0.5624802112579346]], "lowlevel.dissonance.mean": [0.7319750785827637], "lowlevel.hfc.mean": [0.4674134850502014], "lowlevel.mfcc.mean": [[0.768335223197937, 0.25602924823760986, 0.46019354462623596, 0.5542553067207336, 0.3423192501068115, 0.6169653534889221, 0.5068502426147461, 0.5280027389526367, 0.5552288889884949, 0.5106120109558105, 0.6148362755775452, 0.5689294934272766, 0.5423340201377869]], "sfx.logattacktime.mean": [0.897454023361206], "sfx.inharmonicity.mean": [0.9146761894226074]}