{"lowlevel.spectral_centroid.mean": [0.6127685904502869], "lowlevel.spectral_contrast.mean": [[0.5273822546005249, 0.6649523973464966, 0.35917067527770996, 0.4581613540649414, 0.48877644538879395, 0.3829195499420166]], "lowlevel.dissonance.mean": [0.47190773487091064], "lowlevel.hfc.mean": [0.4687711000442505], "lowlevel.mfcc.mean": [[0.19812273979187012, 0.285391628742218, 0.4401095509529114, 0.5193665623664856, 0.47147229313850403, 0.2781125605106354, 0.26609179377555847, 0.1824309527873993, 0.1436973512172699, 0.1998782753944397, 0.18449094891548157, 0.15929752588272095, 0.38461053371429443]], "sfx.logattacktime.mean": [0.2788338363170624], "sfx.inharmonicity.mean": [0.4291248917579651]}