{"lowlevel.spectral_centroid.mean": [0.32211968302726746], "lowlevel.spectral_contrast.mean": [[0.7096658945083618, 0.47716259956359863, 0.3985161781311035, 0.28797197341918945, 0.17831039428710938, 0.20974278450012207]], "lowlevel.dissonance.mean": [-0.0424191951751709], "lowlevel.hfc.mean": [0.4655134975910187], "lowlevel.mfcc.mean": [[0.19244658946990967, 0.5553228855133057, 0.9433510899543762, 0.8690838813781738, 0.866346538066864, 0.7967010736465454, 0.811066210269928, 0.7216047048568726, 0.6509914398193359, 0.5339084267616272, 0.4995359480381012, 0.43812769651412964, 0.41901224851608276]], "sfx.logattacktime.mean": [0.18068358302116394], "sfx.inharmonicity.mean": [0.20955318212509155]}