{"lowlevel.spectral_centroid.mean": [0.9021495580673218], "lowlevel.spectral_contrast.mean": [[-0.005887866020202637, 0.09629666805267334, 1.231042742729187, 1.3148248195648193, 0.17156577110290527, 0.2289290428161621]], "lowlevel.dissonance.mean": [-0.11708718538284302], "lowlevel.hfc.mean": [0.6004053354263306], "lowlevel.mfcc.mean": [[0.24141740798950195, 0.44319629669189453, 0.30215907096862793, -0.2687932848930359, -0.11159020662307739, 0.5006853342056274, 0.9362620115280151, 0.8899482488632202, 0.6633909940719604, 0.44492030143737793, 0.8334068059921265, 0.577251136302948, -0.34179526567459106]], "sfx.logattacktime.mean": [0.36037635803222656], "sfx.inharmonicity.mean": [0.9691355228424072]}