{"lowlevel.spectral_centroid.mean": [0.3812416195869446], "lowlevel.spectral_contrast.mean": [[0.831013560295105, 0.7707639932632446, 0.7413735389709473, 0.675692081451416, 0.4817225933074951, 0.3881053924560547]], "lowlevel.dissonance.mean": [-0.06306952238082886], "lowlevel.hfc.mean": [0.46717625856399536], "lowlevel.mfcc.mean": [[0.38631224632263184, 0.622029721736908, 0.387061208486557, 0.3028223216533661, 0.2850513756275177, 0.2705216407775879, 0.20700570940971375, 0.14302226901054382, 0.2120542824268341, 0.1508958637714386, 0.26693129539489746, 0.21530058979988098, 0.2489248812198639]], "sfx.logattacktime.mean": [0.49799013137817383], "sfx.inharmonicity.mean": [0.3000544011592865]}