{"lowlevel.spectral_centroid.mean": [0.33810102939605713], "lowlevel.spectral_contrast.mean": [[0.38631153106689453, 0.38504505157470703, 0.5105525255203247, 0.3633453845977783, 0.462200403213501, 0.34654736518859863]], "lowlevel.dissonance.mean": [0.5346417427062988], "lowlevel.hfc.mean": [0.46597838401794434], "lowlevel.mfcc.mean": [[0.309761643409729, 0.6324449777603149, 0.6766068935394287, 0.423739492893219, 0.5956536531448364, 0.5946845412254333, 0.627914547920227, 0.5700052380561829, 0.3666241765022278, 0.09289076924324036, 0.22391393780708313, 0.806179404258728, 0.9125275611877441]], "sfx.logattacktime.mean": [0.23952561616897583], "sfx.inharmonicity.mean": [0.3211205005645752]}