{"lowlevel.spectral_centroid.mean": [0.5239470601081848], "lowlevel.spectral_contrast.mean": [[0.6000497341156006, 0.3704138994216919, 0.3565225601196289, 0.28789281845092773, 0.2467336654663086, 0.27120184898376465]], "lowlevel.dissonance.mean": [0.16898691654205322], "lowlevel.hfc.mean": [0.46508514881134033], "lowlevel.mfcc.mean": [[0.1274561882019043, 0.30304276943206787, 0.4962036609649658, 0.35856783390045166, 0.41840916872024536, 0.304870069026947, 0.31536558270454407, 0.23689618706703186, 0.21320396661758423, 0.1933908462524414, 0.17951810359954834, 0.13071280717849731, 0.26783984899520874]], "sfx.logattacktime.mean": [0.3270614743232727], "sfx.inharmonicity.mean": [0.3414795994758606]}