{"lowlevel.spectral_centroid.mean": [0.3497317135334015], "lowlevel.spectral_contrast.mean": [[0.8754097819328308, 0.8232733011245728, 0.5578736066818237, 0.48204994201660156, 0.4644651412963867, 0.33270907402038574]], "lowlevel.dissonance.mean": [0.5094088315963745], "lowlevel.hfc.mean": [0.47433680295944214], "lowlevel.mfcc.mean": [[0.5585770606994629, 0.9902656078338623, 0.6708429455757141, 0.4325871467590332, 0.5005119442939758, 0.3542584180831909, 0.21941179037094116, 0.32020270824432373, 0.4433479309082031, 0.39003822207450867, 0.12072977423667908, 0.11740875244140625, 0.4329885244369507]], "sfx.logattacktime.mean": [0.8636637926101685], "sfx.inharmonicity.mean": [0.3054463267326355]}