{"lowlevel.spectral_centroid.mean": [0.7663838863372803], "lowlevel.spectral_contrast.mean": [[0.4880713224411011, 0.1941462755203247, 0.24047231674194336, 0.26386094093322754, 0.6732242107391357, 0.756040096282959]], "lowlevel.dissonance.mean": [0.7069368362426758], "lowlevel.hfc.mean": [0.5643972158432007], "lowlevel.mfcc.mean": [[0.19591546058654785, 0.12930898368358612, 0.5440524816513062, 0.5994689464569092, 0.8135210275650024, 0.7459695339202881, 0.3582914471626282, 1.307730793952942, 0.6760435104370117, 0.5774897933006287, 0.6527471542358398, 0.9517568349838257, 1.0077601671218872]], "sfx.logattacktime.mean": [0.6218547821044922], "sfx.inharmonicity.mean": [0.48617467284202576]}