{"lowlevel.spectral_centroid.mean": [0.9577863216400146], "lowlevel.spectral_contrast.mean": [[-0.012795567512512207, 0.09698629379272461, 1.1304768323898315, 1.1231080293655396, 0.13757634162902832, 0.18050289154052734]], "lowlevel.dissonance.mean": [-0.14528566598892212], "lowlevel.hfc.mean": [0.5863962769508362], "lowlevel.mfcc.mean": [[0.23637080192565918, 0.4126020073890686, 0.30810362100601196, -0.19323194026947021, -0.04900240898132324, 0.5680803060531616, 1.1342945098876953, 1.053727149963379, 0.5493324995040894, -0.08790761232376099, 0.13595709204673767, 0.5271623730659485, 0.5308420062065125]], "sfx.logattacktime.mean": [0.35926371812820435], "sfx.inharmonicity.mean": [0.9974924325942993]}