{"lowlevel.spectral_centroid.mean": [0.5660740733146667], "lowlevel.spectral_contrast.mean": [[0.5934288501739502, 0.2084658145904541, 0.23893094062805176, 0.7725036144256592, 0.6277406215667725, 0.717566967010498]], "lowlevel.dissonance.mean": [0.6813157796859741], "lowlevel.hfc.mean": [0.47048133611679077], "lowlevel.mfcc.mean": [[0.18361568450927734, 0.09248324483633041, 0.5191282033920288, 0.6357079744338989, 0.7884503602981567, 0.8777616024017334, 0.5745375752449036, 0.6462078094482422, 1.0287102460861206, 1.125662922859192, 0.5950583815574646, 0.2513498067855835, 1.0734546184539795]], "sfx.logattacktime.mean": [0.5748263597488403], "sfx.inharmonicity.mean": [0.6316922903060913]}