{"lowlevel.spectral_centroid.mean": [0.6184244155883789], "lowlevel.spectral_contrast.mean": [[0.5545139312744141, 0.18074822425842285, 0.23879337310791016, 0.2549927234649658, 0.2641310691833496, 0.7398881912231445]], "lowlevel.dissonance.mean": [0.6966038942337036], "lowlevel.hfc.mean": [0.513631284236908], "lowlevel.mfcc.mean": [[0.17955851554870605, 0.13747425377368927, 0.6372587084770203, 0.5841937065124512, 0.5800131559371948, 1.0153133869171143, 0.5862244963645935, 0.9919828772544861, 0.7513840794563293, 0.6751999855041504, 1.0269964933395386, 0.4384496510028839, 1.0431642532348633]], "sfx.logattacktime.mean": [0.5962488055229187], "sfx.inharmonicity.mean": [0.5259585380554199]}