{"lowlevel.spectral_centroid.mean": [0.34952935576438904], "lowlevel.spectral_contrast.mean": [[0.3098691701889038, 0.48311281204223633, 0.4997917413711548, 0.38198351860046387, 0.5863544940948486, 0.2861006259918213]], "lowlevel.dissonance.mean": [0.443459153175354], "lowlevel.hfc.mean": [0.46706193685531616], "lowlevel.mfcc.mean": [[0.4034435749053955, 0.7751692533493042, 0.5195105075836182, 0.2986975610256195, 0.39856642484664917, 0.13740980625152588, 0.43321847915649414, 0.6370329260826111, 0.49344635009765625, 0.39880964159965515, 0.46807706356048584, 0.46512290835380554, 0.45961421728134155]], "sfx.logattacktime.mean": [0.2268991768360138], "sfx.inharmonicity.mean": [0.39021003246307373]}