{"lowlevel.spectral_centroid.mean": [0.3316297233104706], "lowlevel.spectral_contrast.mean": [[0.7664121389389038, 0.9457607269287109, 0.4705909490585327, 0.24335169792175293, 0.21987223625183105, 0.2505528926849365]], "lowlevel.dissonance.mean": [-0.35492295026779175], "lowlevel.hfc.mean": [0.4668736457824707], "lowlevel.mfcc.mean": [[0.18579363822937012, 0.42795664072036743, 0.6618449091911316, 0.4723537564277649, 0.40323618054389954, 0.29125669598579407, 0.24477750062942505, 0.20274436473846436, 0.27409619092941284, 0.199148029088974, 0.2415217161178589, 0.24057888984680176, 0.3302173912525177]], "sfx.logattacktime.mean": [0.22809380292892456], "sfx.inharmonicity.mean": [0.29061517119407654]}