{"lowlevel.spectral_centroid.mean": [0.34522366523742676], "lowlevel.spectral_contrast.mean": [[0.5033375024795532, 0.5865902900695801, 0.4902559518814087, 0.4031641483306885, 0.3813130855560303, 0.3716275691986084]], "lowlevel.dissonance.mean": [0.24855411052703857], "lowlevel.hfc.mean": [0.46516695618629456], "lowlevel.mfcc.mean": [[0.3407864570617676, 0.6429704427719116, 0.5015294551849365, 0.3128792643547058, 0.285599946975708, 0.11625629663467407, 0.14474046230316162, 0.025357961654663086, 0.11119800806045532, 0.16163095831871033, 0.1592823565006256, 0.23926755785942078, 0.4824303090572357]], "sfx.logattacktime.mean": [0.23781129717826843], "sfx.inharmonicity.mean": [0.5604972243309021]}