{"lowlevel.spectral_centroid.mean": [0.40551719069480896], "lowlevel.spectral_contrast.mean": [[0.4319993257522583, 0.682687520980835, 0.3326740264892578, 0.28972625732421875, 0.22566843032836914, 0.2162165641784668]], "lowlevel.dissonance.mean": [-0.11688089370727539], "lowlevel.hfc.mean": [0.4651508033275604], "lowlevel.mfcc.mean": [[0.1720789670944214, 0.4520224928855896, 0.7416843771934509, 0.6424163579940796, 0.6455848217010498, 0.5094544887542725, 0.4293366074562073, 0.32826271653175354, 0.39581742882728577, 0.4433079659938812, 0.5081679224967957, 0.5009695291519165, 0.4817824959754944]], "sfx.logattacktime.mean": [0.24895232915878296], "sfx.inharmonicity.mean": [0.30250823497772217]}