{"lowlevel.spectral_centroid.mean": [0.45343297719955444], "lowlevel.spectral_contrast.mean": [[0.48219823837280273, 0.31463098526000977, 1.599545955657959, 1.2168097496032715, 1.5589685440063477, 1.1058933734893799]], "lowlevel.dissonance.mean": [0.40914201736450195], "lowlevel.hfc.mean": [0.6241371631622314], "lowlevel.mfcc.mean": [[0.687982439994812, 0.22251707315444946, 0.33581680059432983, 0.3758237957954407, 0.3499932289123535, 0.5989941358566284, 0.9881962537765503, 1.0571448802947998, 0.5029575228691101, -0.3425067067146301, 0.041406989097595215, 1.573183298110962, 2.3340067863464355]], "sfx.logattacktime.mean": [0.4349808394908905], "sfx.inharmonicity.mean": [0.5830886960029602]}