{"lowlevel.spectral_centroid.mean": [0.33596086502075195], "lowlevel.spectral_contrast.mean": [[0.5907694101333618, 0.664146900177002, 0.6274310350418091, 0.7944628000259399, 0.6823487281799316, 0.2883265018463135]], "lowlevel.dissonance.mean": [0.3265047073364258], "lowlevel.hfc.mean": [0.46546027064323425], "lowlevel.mfcc.mean": [[0.34748971462249756, 1.102805256843567, 0.5349968075752258, 0.02353784441947937, 0.5429859161376953, 0.4791974723339081, 0.16877371072769165, 0.010369211435317993, -0.0007680654525756836, 0.046900421380996704, 0.27332913875579834, 0.23533545434474945, 0.1844458281993866]], "sfx.logattacktime.mean": [0.8513532280921936], "sfx.inharmonicity.mean": [0.7732981443405151]}