{"lowlevel.spectral_centroid.mean": [0.5673847198486328], "lowlevel.spectral_contrast.mean": [[0.11829137802124023, 0.93892502784729, 1.097609043121338, 0.8822674751281738, 0.795325756072998, 0.6878948211669922]], "lowlevel.dissonance.mean": [0.07802748680114746], "lowlevel.hfc.mean": [0.4738557040691376], "lowlevel.mfcc.mean": [[0.24122357368469238, 0.1413515955209732, 0.28107330203056335, 0.3968900442123413, 0.10216161608695984, 0.12538868188858032, 0.23464801907539368, 0.45624932646751404, 1.0588769912719727, 1.3350028991699219, 0.8949612379074097, 0.3953735828399658, 0.2707953453063965]], "sfx.logattacktime.mean": [0.3350740373134613], "sfx.inharmonicity.mean": [0.5405799746513367]}