{"lowlevel.spectral_centroid.mean": [0.467410147190094], "lowlevel.spectral_contrast.mean": [[0.6387128233909607, 0.6022429466247559, 0.32950758934020996, 0.4181053638458252, 0.411510705947876, 0.3679482936859131]], "lowlevel.dissonance.mean": [0.3533496856689453], "lowlevel.hfc.mean": [0.4700509011745453], "lowlevel.mfcc.mean": [[0.1952875852584839, 0.3861274719238281, 0.6250659823417664, 0.6806812882423401, 0.6894762516021729, 0.5020289421081543, 0.4012247920036316, 0.2881258428096771, 0.28348302841186523, 0.23585665225982666, 0.19436919689178467, 0.13248160481452942, 0.22635981440544128]], "sfx.logattacktime.mean": [0.3577944338321686], "sfx.inharmonicity.mean": [0.37240445613861084]}