{"lowlevel.spectral_centroid.mean": [0.33693772554397583], "lowlevel.spectral_contrast.mean": [[0.5431684255599976, 0.23051166534423828, 0.6807488203048706, 0.42757654190063477, 0.40967249870300293, 0.3651309013366699]], "lowlevel.dissonance.mean": [0.492467999458313], "lowlevel.hfc.mean": [0.4739087224006653], "lowlevel.mfcc.mean": [[0.20254194736480713, 0.33458757400512695, 0.5670098662376404, 0.507175087928772, 0.5428470373153687, 0.6720454096794128, 0.9357824921607971, 1.0986567735671997, 0.9204235672950745, 0.558243989944458, 0.2945217490196228, 0.3323462903499603, 0.8821576237678528]], "sfx.logattacktime.mean": [0.2448820173740387], "sfx.inharmonicity.mean": [0.30999308824539185]}