{"lowlevel.spectral_centroid.mean": [0.32222187519073486], "lowlevel.spectral_contrast.mean": [[0.4474729299545288, 0.5897101163864136, 0.5801697969436646, 0.4737579822540283, 0.30602002143859863, 0.27642130851745605]], "lowlevel.dissonance.mean": [0.24250495433807373], "lowlevel.hfc.mean": [0.46600228548049927], "lowlevel.mfcc.mean": [[0.23407959938049316, 1.02248215675354, 0.9630591869354248, 0.47238627076148987, 0.38780325651168823, 0.3627098500728607, 0.38415706157684326, 0.3160375952720642, 0.2922186553478241, 0.16052845120429993, 0.16314968466758728, 0.26946038007736206, 0.4575151205062866]], "sfx.logattacktime.mean": [0.5810883641242981], "sfx.inharmonicity.mean": [0.9102416038513184]}