{"lowlevel.spectral_centroid.mean": [0.31933534145355225], "lowlevel.spectral_contrast.mean": [[0.7125338315963745, 0.680855393409729, 0.39003586769104004, 0.22075176239013672, 0.20785140991210938, 0.24843263626098633]], "lowlevel.dissonance.mean": [-0.19261187314987183], "lowlevel.hfc.mean": [0.465463787317276], "lowlevel.mfcc.mean": [[0.16307032108306885, 0.3969395160675049, 0.6878910064697266, 0.5890830159187317, 0.5622273683547974, 0.44510170817375183, 0.3804868459701538, 0.3138123154640198, 0.34957975149154663, 0.2685547471046448, 0.25511327385902405, 0.17944514751434326, 0.15871572494506836]], "sfx.logattacktime.mean": [0.18111371994018555], "sfx.inharmonicity.mean": [0.6624297499656677]}