{"lowlevel.spectral_centroid.mean": [0.32113051414489746], "lowlevel.spectral_contrast.mean": [[0.8113424777984619, 0.537243127822876, 0.4010884761810303, 0.4204142093658447, 0.4060211181640625, 0.4097630977630615]], "lowlevel.dissonance.mean": [0.3186246156692505], "lowlevel.hfc.mean": [0.4708278179168701], "lowlevel.mfcc.mean": [[0.36242949962615967, 0.6058176755905151, 0.7934722900390625, 1.0056474208831787, 0.9160418510437012, 0.7779630422592163, 0.6654863953590393, 0.5638198852539062, 0.6355192065238953, 0.6834778785705566, 0.613796591758728, 0.4704541265964508, 0.44952067732810974]], "sfx.logattacktime.mean": [0.6691799163818359], "sfx.inharmonicity.mean": [0.22220692038536072]}