{"lowlevel.spectral_centroid.mean": [0.30630090832710266], "lowlevel.spectral_contrast.mean": [[0.5018945932388306, 0.6510924100875854, 0.4326678514480591, 0.3194577693939209, 0.2521798610687256, 0.18204522132873535]], "lowlevel.dissonance.mean": [0.2366950511932373], "lowlevel.hfc.mean": [0.465535044670105], "lowlevel.mfcc.mean": [[0.28549909591674805, 0.7836693525314331, 1.1201359033584595, 0.9001277685165405, 0.7426126003265381, 0.5592250227928162, 0.48111921548843384, 0.3895094394683838, 0.4479188919067383, 0.49023380875587463, 0.5375336408615112, 0.4895755648612976, 0.4985866844654083]], "sfx.logattacktime.mean": [0.762582004070282], "sfx.inharmonicity.mean": [0.24438412487506866]}