{"lowlevel.spectral_centroid.mean": [0.3605365753173828], "lowlevel.spectral_contrast.mean": [[0.7587339878082275, 0.8964917659759521, 0.5977867841720581, 0.48555779457092285, 0.4006509780883789, 0.34246373176574707]], "lowlevel.dissonance.mean": [0.003817260265350342], "lowlevel.hfc.mean": [0.47369539737701416], "lowlevel.mfcc.mean": [[0.2503608465194702, 0.5886437892913818, 0.7239447236061096, 0.513917863368988, 0.5445334911346436, 0.38756996393203735, 0.3377496004104614, 0.31343913078308105, 0.1940324306488037, -0.06257373094558716, -0.05932509899139404, 0.004630237817764282, 0.07553821802139282]], "sfx.logattacktime.mean": [0.2450481355190277], "sfx.inharmonicity.mean": [0.2061750739812851]}