{"lowlevel.spectral_centroid.mean": [0.601689338684082], "lowlevel.spectral_contrast.mean": [[0.6249505281448364, 0.3666503429412842, 0.5692554712295532, 0.9892210960388184, 1.0978556871414185, 0.8083865642547607]], "lowlevel.dissonance.mean": [0.7332237958908081], "lowlevel.hfc.mean": [0.5102668404579163], "lowlevel.mfcc.mean": [[0.8105759620666504, 0.3706837296485901, 0.2194298505783081, 0.4669714570045471, 0.5221870541572571, 0.6783210039138794, 0.7366569638252258, 0.29232898354530334, 0.9612092971801758, 0.9979732632637024, 0.043995946645736694, 0.25124284625053406, 1.7854738235473633]], "sfx.logattacktime.mean": [0.3179859519004822], "sfx.inharmonicity.mean": [0.6667444109916687]}