{"lowlevel.spectral_centroid.mean": [0.3604409694671631], "lowlevel.spectral_contrast.mean": [[0.7732938528060913, 0.821523904800415, 1.012083649635315, 0.9677834510803223, 0.9956779479980469, 0.39498424530029297]], "lowlevel.dissonance.mean": [0.22609972953796387], "lowlevel.hfc.mean": [0.46842411160469055], "lowlevel.mfcc.mean": [[0.3750467300415039, 0.849614143371582, -0.04562541842460632, -0.19109773635864258, -0.06392288208007812, -0.6336413025856018, -0.518588662147522, -0.08926284313201904, 0.22093915939331055, 0.09675812721252441, 0.27815818786621094, 0.6861604452133179, 0.8692648410797119]], "sfx.logattacktime.mean": [0.814751148223877], "sfx.inharmonicity.mean": [1.0216355323791504]}