{"lowlevel.spectral_centroid.mean": [0.506460428237915], "lowlevel.spectral_contrast.mean": [[0.5389542579650879, 0.6278172731399536, 0.6873078346252441, 0.6370608806610107, 0.6663718223571777, 0.7161648273468018]], "lowlevel.dissonance.mean": [0.6717392206192017], "lowlevel.hfc.mean": [0.6700049638748169], "lowlevel.mfcc.mean": [[1.247448205947876, 0.412445992231369, 0.47155919671058655, 0.5398083925247192, 0.46443361043930054, 0.5354923009872437, 0.47136953473091125, 0.5132236480712891, 0.47585541009902954, 0.49529120326042175, 0.4858887791633606, 0.4786505699157715, 0.4171663522720337]], "sfx.logattacktime.mean": [0.26046130061149597], "sfx.inharmonicity.mean": [1.0231003761291504]}