{"lowlevel.spectral_centroid.mean": [0.31363093852996826], "lowlevel.spectral_contrast.mean": [[0.4621816873550415, 0.4852224588394165, 0.40952086448669434, 0.40704822540283203, 0.3696627616882324, 0.324005126953125]], "lowlevel.dissonance.mean": [0.39399266242980957], "lowlevel.hfc.mean": [0.4658718407154083], "lowlevel.mfcc.mean": [[0.38571369647979736, 0.8297028541564941, 0.8228381872177124, 0.5918636322021484, 0.5467265844345093, 0.5032868981361389, 0.5521408319473267, 0.5106039643287659, 0.5228312611579895, 0.43418779969215393, 0.48973941802978516, 0.5279054641723633, 0.5473474264144897]], "sfx.logattacktime.mean": [0.7387447953224182], "sfx.inharmonicity.mean": [0.23316210508346558]}