{"lowlevel.spectral_centroid.mean": [0.3851260244846344], "lowlevel.spectral_contrast.mean": [[0.4524036645889282, 1.212906002998352, 1.222334861755371, 1.1258352994918823, 0.9007127285003662, 0.6489956378936768]], "lowlevel.dissonance.mean": [0.3031069040298462], "lowlevel.hfc.mean": [0.4894311726093292], "lowlevel.mfcc.mean": [[0.7523715496063232, 0.6162123680114746, -0.04483136534690857, 0.43969160318374634, 0.06802922487258911, 0.25851207971572876, 0.41703322529792786, 0.13723212480545044, 0.13189777731895447, 0.4138512909412384, 0.5026418566703796, 0.7538024187088013, 1.06219482421875]], "sfx.logattacktime.mean": [0.3960297703742981], "sfx.inharmonicity.mean": [0.32485395669937134]}