{"lowlevel.spectral_centroid.mean": [0.4123213589191437], "lowlevel.spectral_contrast.mean": [[0.18859541416168213, 0.21563005447387695, 1.8147742748260498, 1.7796666622161865, 1.427132487297058, 1.105109453201294]], "lowlevel.dissonance.mean": [0.22053909301757812], "lowlevel.hfc.mean": [0.4922299385070801], "lowlevel.mfcc.mean": [[0.48575878143310547, 0.19567036628723145, 0.08498257398605347, 0.6268411874771118, 0.23365794122219086, 0.5893611311912537, 0.5695196390151978, 0.5674598217010498, 1.2553095817565918, 1.7258950471878052, 0.6474349498748779, -0.06278163194656372, -0.8776470422744751]], "sfx.logattacktime.mean": [0.3285410702228546], "sfx.inharmonicity.mean": [0.5106547474861145]}