{"lowlevel.spectral_centroid.mean": [0.34297168254852295], "lowlevel.spectral_contrast.mean": [[0.32328081130981445, 0.48706936836242676, 0.3323051929473877, 0.3099536895751953, 0.2877814769744873, 0.2646365165710449]], "lowlevel.dissonance.mean": [0.3207656145095825], "lowlevel.hfc.mean": [0.4657130539417267], "lowlevel.mfcc.mean": [[0.17673051357269287, 0.4253195822238922, 0.6794875264167786, 0.5786101222038269, 0.5469069480895996, 0.3916935324668884, 0.33730125427246094, 0.21544888615608215, 0.26805388927459717, 0.33373555541038513, 0.3827936351299286, 0.4119810461997986, 0.40681272745132446]], "sfx.logattacktime.mean": [0.15072494745254517], "sfx.inharmonicity.mean": [0.2463630735874176]}