{"lowlevel.spectral_centroid.mean": [0.34963443875312805], "lowlevel.spectral_contrast.mean": [[0.5399115085601807, 0.9477168321609497, 1.101501226425171, 0.824167013168335, 0.6915283203125, 0.2969810962677002]], "lowlevel.dissonance.mean": [0.33298826217651367], "lowlevel.hfc.mean": [0.46622711420059204], "lowlevel.mfcc.mean": [[0.27446913719177246, 0.8929438591003418, 0.44914692640304565, 0.1549815833568573, 0.39147400856018066, 0.1988002359867096, 0.18522530794143677, 0.24321992695331573, 0.20551583170890808, -0.016454190015792847, 0.04884582757949829, 0.3983636498451233, 0.6330870985984802]], "sfx.logattacktime.mean": [0.270997554063797], "sfx.inharmonicity.mean": [1.0521538257598877]}