{"lowlevel.spectral_centroid.mean": [0.317264199256897], "lowlevel.spectral_contrast.mean": [[0.5412112474441528, 0.6613740921020508, 0.5685831308364868, 0.6176207065582275, 0.45494604110717773, 0.3409738540649414]], "lowlevel.dissonance.mean": [0.39891350269317627], "lowlevel.hfc.mean": [0.4653681814670563], "lowlevel.mfcc.mean": [[0.3896193504333496, 0.9237498044967651, 0.924512505531311, 0.48207202553749084, 0.48953571915626526, 0.44112923741340637, 0.4600003659725189, 0.4854990243911743, 0.5073267221450806, 0.40653759241104126, 0.4249100685119629, 0.45152005553245544, 0.4600224494934082]], "sfx.logattacktime.mean": [0.39186275005340576], "sfx.inharmonicity.mean": [0.23763702809810638]}