{"lowlevel.spectral_centroid.mean": [0.3574162721633911], "lowlevel.spectral_contrast.mean": [[1.110371470451355, 1.0418810844421387, 0.36348843574523926, 0.31533193588256836, 0.35471606254577637, 0.42107152938842773]], "lowlevel.dissonance.mean": [0.07557153701782227], "lowlevel.hfc.mean": [0.48243850469589233], "lowlevel.mfcc.mean": [[0.682258129119873, 0.43142810463905334, 1.0451594591140747, 1.0217368602752686, 0.835922122001648, 0.5560781359672546, 0.2462204396724701, 0.06762328743934631, -0.08118635416030884, -0.13075631856918335, -0.14726096391677856, -0.03136181831359863, 0.1178790032863617]], "sfx.logattacktime.mean": [0.3806104063987732], "sfx.inharmonicity.mean": [0.2970593571662903]}