{"lowlevel.spectral_centroid.mean": [0.31844407320022583], "lowlevel.spectral_contrast.mean": [[0.5168561935424805, 0.5942337512969971, 0.5265465974807739, 0.44824886322021484, 0.3852410316467285, 0.32900238037109375]], "lowlevel.dissonance.mean": [0.4821929931640625], "lowlevel.hfc.mean": [0.47121739387512207], "lowlevel.mfcc.mean": [[0.212754487991333, 0.3843240439891815, 0.5280167460441589, 0.5146608352661133, 0.5287295579910278, 0.46179261803627014, 0.5592036843299866, 0.6449928283691406, 0.6766200065612793, 0.6776601672172546, 0.7933574914932251, 0.8294411897659302, 0.9664784073829651]], "sfx.logattacktime.mean": [0.277498722076416], "sfx.inharmonicity.mean": [0.24885988235473633]}