{"lowlevel.spectral_centroid.mean": [0.44200870394706726], "lowlevel.spectral_contrast.mean": [[0.1620028018951416, 0.2591458559036255, 0.2894914150238037, 0.3648231029510498, 0.34723472595214844, 0.2791585922241211]], "lowlevel.dissonance.mean": [0.6792517900466919], "lowlevel.hfc.mean": [0.4650757908821106], "lowlevel.mfcc.mean": [[0.1260467767715454, 0.3097858428955078, 0.4986763000488281, 0.28415647149086, 0.3273102045059204, 0.3422143757343292, 0.55418860912323, 0.6098254919052124, 0.5008684992790222, 0.4380926489830017, 0.6064565777778625, 0.5690113306045532, 0.4268653094768524]], "sfx.logattacktime.mean": [0.6869968175888062], "sfx.inharmonicity.mean": [0.5496352910995483]}