{"lowlevel.spectral_centroid.mean": [0.3432403802871704], "lowlevel.spectral_contrast.mean": [[0.601793646812439, 0.8163145780563354, 0.8575692176818848, 0.8127859830856323, 0.5732741355895996, 0.35187363624572754]], "lowlevel.dissonance.mean": [0.19687962532043457], "lowlevel.hfc.mean": [0.47078490257263184], "lowlevel.mfcc.mean": [[0.468564510345459, 1.2150459289550781, 0.46246495842933655, 0.04585230350494385, 0.2302628755569458, 0.14292961359024048, 0.2048855423927307, 0.13080495595932007, 0.09616482257843018, 0.07664507627487183, 0.3301122188568115, 0.6152172088623047, 0.7684042453765869]], "sfx.logattacktime.mean": [0.704365074634552], "sfx.inharmonicity.mean": [0.7032705545425415]}