{"lowlevel.spectral_centroid.mean": [0.9821752309799194], "lowlevel.spectral_contrast.mean": [[0.4604058265686035, 0.1081017255783081, 0.5085550546646118, 1.2748210430145264, 1.1365094184875488, 1.2209229469299316]], "lowlevel.dissonance.mean": [-0.015130102634429932], "lowlevel.hfc.mean": [0.49312567710876465], "lowlevel.mfcc.mean": [[0.3512166738510132, -0.18562856316566467, 0.46106114983558655, 0.25164729356765747, 0.5563760995864868, 1.0138474702835083, 1.1453713178634644, 0.7082818746566772, -0.11374163627624512, 0.18803420662879944, 0.7443810701370239, 2.0939598083496094, 0.6849362850189209]], "sfx.logattacktime.mean": [0.2620983421802521], "sfx.inharmonicity.mean": [0.5063294172286987]}