{"lowlevel.spectral_centroid.mean": [0.4339306950569153], "lowlevel.spectral_contrast.mean": [[0.5514360666275024, 0.6076998710632324, 0.6317675113677979, 0.8196624517440796, 0.8209283351898193, 0.7181622982025146]], "lowlevel.dissonance.mean": [0.6348944902420044], "lowlevel.hfc.mean": [0.49687910079956055], "lowlevel.mfcc.mean": [[0.7708516120910645, 0.5890677571296692, 0.13986113667488098, -0.021243810653686523, 0.3435494899749756, 0.2735586166381836, 0.49761641025543213, 0.12473610043525696, 0.6081157922744751, 0.07446601986885071, 0.34335851669311523, 0.6253236532211304, 0.061279118061065674]], "sfx.logattacktime.mean": [0.3865283131599426], "sfx.inharmonicity.mean": [0.6762212514877319]}