{"lowlevel.spectral_centroid.mean": [0.3603847622871399], "lowlevel.spectral_contrast.mean": [[0.31181323528289795, 0.3713468313217163, 0.45657849311828613, 0.37941861152648926, 0.4750692844390869, 0.3096280097961426]], "lowlevel.dissonance.mean": [0.641168475151062], "lowlevel.hfc.mean": [0.46507808566093445], "lowlevel.mfcc.mean": [[0.2813161611557007, 0.5817062854766846, 0.5305740237236023, 0.3846604526042938, 0.673416018486023, 0.4714559018611908, 0.360568106174469, 0.5491246581077576, 0.6264129877090454, 0.3050813674926758, 0.1921951174736023, 0.14445462822914124, 0.04775688052177429]], "sfx.logattacktime.mean": [0.7801889181137085], "sfx.inharmonicity.mean": [0.3709164261817932]}