{"lowlevel.spectral_centroid.mean": [0.3446851074695587], "lowlevel.spectral_contrast.mean": [[0.3158540725708008, 0.6882280111312866, 0.5170749425888062, 0.4290895462036133, 0.25183677673339844, 0.2453932762145996]], "lowlevel.dissonance.mean": [0.17394840717315674], "lowlevel.hfc.mean": [0.4710994064807892], "lowlevel.mfcc.mean": [[0.18408823013305664, 0.4643855690956116, 0.6963488459587097, 0.49702268838882446, 0.4815174341201782, 0.40623506903648376, 0.36337822675704956, 0.2159689962863922, 0.1654374599456787, 0.1040765643119812, 0.18341770768165588, 0.32123151421546936, 0.48345574736595154]], "sfx.logattacktime.mean": [0.22881659865379333], "sfx.inharmonicity.mean": [0.24029210209846497]}