{"lowlevel.spectral_centroid.mean": [0.5371096730232239], "lowlevel.spectral_contrast.mean": [[0.21851849555969238, 0.29802846908569336, 0.2709829807281494, 0.2579216957092285, 0.20941829681396484, 0.23549962043762207]], "lowlevel.dissonance.mean": [0.576467752456665], "lowlevel.hfc.mean": [0.4650922417640686], "lowlevel.mfcc.mean": [[0.0976189374923706, 0.2796265482902527, 0.562450647354126, 0.3803245425224304, 0.37989476323127747, 0.3210439682006836, 0.3500056862831116, 0.3213494122028351, 0.3628003001213074, 0.36635780334472656, 0.4430062174797058, 0.46253806352615356, 0.5030912756919861]], "sfx.logattacktime.mean": [0.4053761661052704], "sfx.inharmonicity.mean": [0.38674330711364746]}