{"lowlevel.spectral_centroid.mean": [0.4556138217449188], "lowlevel.spectral_contrast.mean": [[0.2885446548461914, 0.19343161582946777, 0.719507098197937, 0.6617231369018555, 0.6060936450958252, 0.49191951751708984]], "lowlevel.dissonance.mean": [0.7343529462814331], "lowlevel.hfc.mean": [0.48528796434402466], "lowlevel.mfcc.mean": [[0.20238780975341797, 0.19321437180042267, 0.19511666893959045, 0.3238700032234192, 0.6952705383300781, 1.1835323572158813, 0.9086710214614868, 0.0971844494342804, 0.4373199939727783, 0.8640894889831543, 0.5634382367134094, 0.5124899744987488, 0.843278169631958]], "sfx.logattacktime.mean": [0.48124608397483826], "sfx.inharmonicity.mean": [0.5724143981933594]}