{"lowlevel.spectral_centroid.mean": [0.30920475721359253], "lowlevel.spectral_contrast.mean": [[0.3533778190612793, 0.5118627548217773, 0.47975707054138184, 0.41374754905700684, 0.3371593952178955, 0.275371789932251]], "lowlevel.dissonance.mean": [0.10274195671081543], "lowlevel.hfc.mean": [0.4651428163051605], "lowlevel.mfcc.mean": [[0.30524933338165283, 0.7949798107147217, 1.0048946142196655, 0.6529476642608643, 0.5621774196624756, 0.5298336744308472, 0.5409532189369202, 0.4575437307357788, 0.48149043321609497, 0.4830858111381531, 0.5102986693382263, 0.46175074577331543, 0.4628375768661499]], "sfx.logattacktime.mean": [0.39415794610977173], "sfx.inharmonicity.mean": [0.19934430718421936]}