{"lowlevel.spectral_centroid.mean": [0.3485379219055176], "lowlevel.spectral_contrast.mean": [[0.5137690305709839, 0.6797655820846558, 0.7544182538986206, 0.7374444007873535, 0.6193151473999023, 0.28659582138061523]], "lowlevel.dissonance.mean": [0.42034220695495605], "lowlevel.hfc.mean": [0.46661001443862915], "lowlevel.mfcc.mean": [[0.28475022315979004, 0.9451768398284912, 0.5143632292747498, 0.09309372305870056, 0.2915859520435333, 0.21016168594360352, 0.15468177199363708, 0.16381007432937622, 0.253686785697937, 0.20915943384170532, 0.21395838260650635, 0.22797933220863342, 0.3640952408313751]], "sfx.logattacktime.mean": [0.2708282172679901], "sfx.inharmonicity.mean": [0.8991034030914307]}