{"lowlevel.spectral_centroid.mean": [0.3073878288269043], "lowlevel.spectral_contrast.mean": [[0.6266509890556335, 0.4112011194229126, 0.42260992527008057, 0.5103836059570312, 0.2540464401245117, 0.2194809913635254]], "lowlevel.dissonance.mean": [0.3968857526779175], "lowlevel.hfc.mean": [0.4655568599700928], "lowlevel.mfcc.mean": [[0.3350740671157837, 0.8478953838348389, 0.9644181728363037, 0.4790070652961731, 0.46460670232772827, 0.7127842903137207, 0.9247353076934814, 0.7801886796951294, 0.6218780279159546, 0.5289269089698792, 0.5824466943740845, 0.6160855889320374, 0.6627388596534729]], "sfx.logattacktime.mean": [0.54759281873703], "sfx.inharmonicity.mean": [0.2102343589067459]}