{"lowlevel.spectral_centroid.mean": [0.5605686902999878], "lowlevel.spectral_contrast.mean": [[0.20668017864227295, 0.2581360340118408, 0.2627570629119873, 1.2487672567367554, 1.0879813432693481, 0.4394979476928711]], "lowlevel.dissonance.mean": [0.5680094957351685], "lowlevel.hfc.mean": [0.5333227515220642], "lowlevel.mfcc.mean": [[0.3356441259384155, 0.32750779390335083, 0.02334412932395935, 0.553400456905365, 0.9085016250610352, 0.6129573583602905, 0.4640956521034241, 0.2677256464958191, 0.38769614696502686, 0.35974064469337463, 0.26227933168411255, 0.6447787880897522, 0.6993435621261597]], "sfx.logattacktime.mean": [0.45608246326446533], "sfx.inharmonicity.mean": [0.7226428985595703]}