{"lowlevel.spectral_centroid.mean": [0.4046190679073334], "lowlevel.spectral_contrast.mean": [[0.5324486494064331, 1.1324896812438965, 1.263856291770935, 1.1973992586135864, 1.019845962524414, 0.7208049297332764]], "lowlevel.dissonance.mean": [0.350050687789917], "lowlevel.hfc.mean": [0.5077658295631409], "lowlevel.mfcc.mean": [[0.8011775016784668, 0.49674054980278015, 0.001983135938644409, 0.37927186489105225, 0.10109609365463257, 0.24572119116783142, 0.31185823678970337, 0.45240581035614014, 0.3707946538925171, 0.5536960363388062, 0.48652905225753784, 1.17598295211792, 1.4302773475646973]], "sfx.logattacktime.mean": [0.38962316513061523], "sfx.inharmonicity.mean": [0.32116538286209106]}