{"lowlevel.spectral_centroid.mean": [0.32589441537857056], "lowlevel.spectral_contrast.mean": [[0.4642254114151001, 0.43860411643981934, 0.32445859909057617, 0.3051435947418213, 0.24373555183410645, 0.23398160934448242]], "lowlevel.dissonance.mean": [0.058740973472595215], "lowlevel.hfc.mean": [0.4661564528942108], "lowlevel.mfcc.mean": [[0.15611696243286133, 0.42051905393600464, 0.7198420763015747, 0.6164085268974304, 0.6338762044906616, 0.49147534370422363, 0.4026651084423065, 0.30287688970565796, 0.2934817671775818, 0.20997437834739685, 0.20878708362579346, 0.23272210359573364, 0.3325759768486023]], "sfx.logattacktime.mean": [0.12998297810554504], "sfx.inharmonicity.mean": [0.23489336669445038]}