{"lowlevel.spectral_centroid.mean": [0.44335705041885376], "lowlevel.spectral_contrast.mean": [[0.687426745891571, 1.0588223934173584, 0.942359209060669, 0.9804145097732544, 0.9641952514648438, 1.3150745630264282]], "lowlevel.dissonance.mean": [0.6315780878067017], "lowlevel.hfc.mean": [0.7518042325973511], "lowlevel.mfcc.mean": [[1.173396348953247, 0.5942329168319702, 0.11578288674354553, 0.7167373895645142, 0.1974119246006012, 0.6787453889846802, -0.003580331802368164, 0.24659861624240875, 0.5804393887519836, 0.09588742256164551, 0.3512226641178131, 0.37740325927734375, 0.22148630023002625]], "sfx.logattacktime.mean": [0.6194961071014404], "sfx.inharmonicity.mean": [0.6982252597808838]}