{"lowlevel.spectral_centroid.mean": [0.33638495206832886], "lowlevel.spectral_contrast.mean": [[1.3069603443145752, 1.5100281238555908, 1.5239660739898682, 1.0138204097747803, 0.978971004486084, 0.6053476333618164]], "lowlevel.dissonance.mean": [0.012980937957763672], "lowlevel.hfc.mean": [0.5286964178085327], "lowlevel.mfcc.mean": [[0.7783993482589722, 0.7441545724868774, 0.06425148248672485, 0.3933451771736145, 0.02689915895462036, 0.027483344078063965, 0.2723059356212616, 0.06485801935195923, 0.10725012421607971, -0.23656290769577026, -0.3374842405319214, 0.11627572774887085, 0.4751810133457184]], "sfx.logattacktime.mean": [0.505855143070221], "sfx.inharmonicity.mean": [0.2339639812707901]}