{"lowlevel.spectral_centroid.mean": [0.3214952051639557], "lowlevel.spectral_contrast.mean": [[1.0366451740264893, 0.7119114398956299, 0.602977991104126, 0.5458767414093018, 0.5247142314910889, 0.5565776824951172]], "lowlevel.dissonance.mean": [0.5910770893096924], "lowlevel.hfc.mean": [0.5223149061203003], "lowlevel.mfcc.mean": [[0.9466238021850586, 0.8390334844589233, 0.614406168460846, 0.775185227394104, 0.5943032503128052, 0.6251691579818726, 0.4405687749385834, 0.4445037841796875, 0.3908456563949585, 0.3244413733482361, 0.30129384994506836, 0.268490195274353, 0.2503025233745575]], "sfx.logattacktime.mean": [0.45177629590034485], "sfx.inharmonicity.mean": [0.21836763620376587]}