{"lowlevel.spectral_centroid.mean": [0.4995933175086975], "lowlevel.spectral_contrast.mean": [[0.4660910367965698, 0.3323476314544678, 0.5438055992126465, 1.4982608556747437, 1.164894938468933, 0.9233338832855225]], "lowlevel.dissonance.mean": [0.5344324111938477], "lowlevel.hfc.mean": [0.4993167817592621], "lowlevel.mfcc.mean": [[0.7090773582458496, 0.28917598724365234, 0.28816890716552734, 0.4471651017665863, 0.3063925504684448, 0.7270978689193726, 0.8958253264427185, 0.9126350283622742, 0.05502226948738098, -0.22092533111572266, 0.669458270072937, 1.832940936088562, 1.187474250793457]], "sfx.logattacktime.mean": [0.6431154608726501], "sfx.inharmonicity.mean": [0.63067626953125]}