{"lowlevel.spectral_centroid.mean": [0.5838112235069275], "lowlevel.spectral_contrast.mean": [[0.41215240955352783, 0.4550037384033203, 0.6204643249511719, 0.8046795129776001, 0.8757178783416748, 0.6638870239257812]], "lowlevel.dissonance.mean": [0.6764547824859619], "lowlevel.hfc.mean": [0.4786015450954437], "lowlevel.mfcc.mean": [[0.6569135189056396, 0.31094616651535034, 0.03240838646888733, 0.551289439201355, 0.3218499720096588, 0.13575872778892517, 0.37505489587783813, 0.10391905903816223, 0.30993151664733887, 0.4402869641780853, 0.0032737255096435547, 0.1162777841091156, 0.40049993991851807]], "sfx.logattacktime.mean": [0.4400617778301239], "sfx.inharmonicity.mean": [0.7654238939285278]}