{"lowlevel.spectral_centroid.mean": [0.45748171210289], "lowlevel.spectral_contrast.mean": [[0.38806140422821045, 0.6276232004165649, 0.7561173439025879, 0.7665648460388184, 0.828577995300293, 0.8236784934997559]], "lowlevel.dissonance.mean": [0.6035220623016357], "lowlevel.hfc.mean": [0.47181349992752075], "lowlevel.mfcc.mean": [[0.7840421199798584, 0.6223368644714355, 0.18253576755523682, 0.2730746865272522, 0.2755446135997772, 0.21804369986057281, 0.3073731064796448, 0.36685284972190857, 0.5658325552940369, 0.6131736040115356, 0.30161112546920776, 0.6528924703598022, 0.37555786967277527]], "sfx.logattacktime.mean": [0.9884517788887024], "sfx.inharmonicity.mean": [1.2781853675842285]}