{"lowlevel.spectral_centroid.mean": [0.30938225984573364], "lowlevel.spectral_contrast.mean": [[0.5734778642654419, 0.4300423860549927, 0.28549909591674805, 0.27260851860046387, 0.2602376937866211, 0.2258894443511963]], "lowlevel.dissonance.mean": [0.22450602054595947], "lowlevel.hfc.mean": [0.46521276235580444], "lowlevel.mfcc.mean": [[0.17116296291351318, 0.43599873781204224, 0.7307901382446289, 0.7565172910690308, 0.8722962141036987, 0.7544398307800293, 0.726069450378418, 0.6425068378448486, 0.6011878252029419, 0.5307124853134155, 0.5356505513191223, 0.4859805703163147, 0.4741875231266022]], "sfx.logattacktime.mean": [0.5956540107727051], "sfx.inharmonicity.mean": [0.20214758813381195]}