{"lowlevel.spectral_centroid.mean": [0.4481358826160431], "lowlevel.spectral_contrast.mean": [[0.4319305419921875, 0.5944750308990479, 0.9776910543441772, 0.9705187082290649, 0.9543836116790771, 0.6373045444488525]], "lowlevel.dissonance.mean": [0.49918460845947266], "lowlevel.hfc.mean": [0.4848801791667938], "lowlevel.mfcc.mean": [[0.5909523963928223, 0.5232930779457092, 0.05539563298225403, 0.4045994281768799, 0.30656158924102783, 0.21122558414936066, 0.516268789768219, 0.22734257578849792, 0.3143045902252197, 0.15693742036819458, -0.030399978160858154, 0.43472832441329956, 1.043748378753662]], "sfx.logattacktime.mean": [0.5138107538223267], "sfx.inharmonicity.mean": [0.33083879947662354]}