{"lowlevel.spectral_centroid.mean": [0.3534369468688965], "lowlevel.spectral_contrast.mean": [[0.9297775030136108, 1.4774610996246338, 1.5144171714782715, 1.4656898975372314, 1.1346584558486938, 0.6452624797821045]], "lowlevel.dissonance.mean": [0.027855873107910156], "lowlevel.hfc.mean": [0.4706166684627533], "lowlevel.mfcc.mean": [[0.5516066551208496, 0.8021490573883057, 0.11504599452018738, 0.07471612095832825, 0.22615960240364075, 0.05467146635055542, 0.044304221868515015, 0.06301882863044739, 0.3614000976085663, 0.4018390476703644, 0.21615269780158997, -0.332369327545166, -0.51972496509552]], "sfx.logattacktime.mean": [0.3621862530708313], "sfx.inharmonicity.mean": [0.20775696635246277]}