{"lowlevel.spectral_centroid.mean": [0.31740665435791016], "lowlevel.spectral_contrast.mean": [[0.487862229347229, 0.6433840990066528, 0.3207664489746094, 0.21039366722106934, 0.2061939239501953, 0.2292642593383789]], "lowlevel.dissonance.mean": [-0.24303698539733887], "lowlevel.hfc.mean": [0.4655742645263672], "lowlevel.mfcc.mean": [[0.17665576934814453, 0.45813634991645813, 0.7850205898284912, 0.7318224906921387, 0.7096682786941528, 0.5480779409408569, 0.4485567808151245, 0.32591554522514343, 0.3399198651313782, 0.2972226142883301, 0.3292503356933594, 0.32647597789764404, 0.3599865734577179]], "sfx.logattacktime.mean": [0.20685961842536926], "sfx.inharmonicity.mean": [0.28941959142684937]}