{"lowlevel.spectral_centroid.mean": [0.3994930386543274], "lowlevel.spectral_contrast.mean": [[0.4440734386444092, 1.0674247741699219, 1.2736951112747192, 1.0782577991485596, 0.8633368015289307, 0.6101119518280029]], "lowlevel.dissonance.mean": [0.27730846405029297], "lowlevel.hfc.mean": [0.5069253444671631], "lowlevel.mfcc.mean": [[0.7666511535644531, 0.6792734861373901, -0.0018104016780853271, 0.3380245864391327, 0.31363445520401, 0.35984891653060913, 0.32752615213394165, 0.30264174938201904, 0.15339085459709167, 0.17105069756507874, 0.32111501693725586, 0.4700700640678406, 1.0090019702911377]], "sfx.logattacktime.mean": [0.3922129273414612], "sfx.inharmonicity.mean": [0.3628882169723511]}