{"lowlevel.spectral_centroid.mean": [0.40539035201072693], "lowlevel.spectral_contrast.mean": [[0.23389291763305664, 0.9224836826324463, 0.6984323263168335, 0.8149876594543457, 0.7284266948699951, 0.5139369964599609]], "lowlevel.dissonance.mean": [0.29612159729003906], "lowlevel.hfc.mean": [0.4676220118999481], "lowlevel.mfcc.mean": [[0.40010976791381836, 0.33613836765289307, 0.2547246217727661, 0.47671884298324585, 0.30207642912864685, 0.06784403324127197, 0.11139485239982605, 0.1959390640258789, 0.3836296796798706, 0.526361346244812, 0.8530114889144897, 1.0964319705963135, 0.8808370232582092]], "sfx.logattacktime.mean": [0.5126785039901733], "sfx.inharmonicity.mean": [0.39325547218322754]}