{"lowlevel.spectral_centroid.mean": [0.8585102558135986], "lowlevel.spectral_contrast.mean": [[0.4424407482147217, 0.2004406452178955, 0.4310591220855713, 0.330690860748291, 0.673670768737793, 1.061539649963379]], "lowlevel.dissonance.mean": [0.7021195888519287], "lowlevel.hfc.mean": [0.5030544400215149], "lowlevel.mfcc.mean": [[0.3251103162765503, -0.009000271558761597, 0.5746380090713501, 0.5653463006019592, 0.604663074016571, 0.6406110525131226, 0.8819770812988281, 0.9419127702713013, 0.9406214952468872, 0.6310452222824097, 0.7045981884002686, 0.6794694662094116, -0.1788230538368225]], "sfx.logattacktime.mean": [0.5562744736671448], "sfx.inharmonicity.mean": [0.6430203318595886]}