{"lowlevel.spectral_centroid.mean": [0.4910103678703308], "lowlevel.spectral_contrast.mean": [[0.42952680587768555, 0.2036687135696411, 0.23752117156982422, 0.6874865293502808, 0.6191341876983643, 0.3862142562866211]], "lowlevel.dissonance.mean": [0.690081000328064], "lowlevel.hfc.mean": [0.4659433662891388], "lowlevel.mfcc.mean": [[0.11884045600891113, 0.23209445178508759, 0.5626741051673889, 0.5828253030776978, 0.7638460397720337, 0.9308613538742065, 0.927024781703949, 0.33584052324295044, 0.7995717525482178, 1.091414213180542, 0.7108544111251831, 0.7654553651809692, 0.2762942910194397]], "sfx.logattacktime.mean": [0.7456060647964478], "sfx.inharmonicity.mean": [0.3716992735862732]}