{"lowlevel.spectral_centroid.mean": [0.341491162776947], "lowlevel.spectral_contrast.mean": [[0.6695230603218079, 0.7387934923171997, 0.683828592300415, 0.8433431386947632, 0.7013835906982422, 0.32453274726867676]], "lowlevel.dissonance.mean": [0.4096400737762451], "lowlevel.hfc.mean": [0.4680749177932739], "lowlevel.mfcc.mean": [[0.54244065284729, 1.0746697187423706, 0.5703190565109253, 0.0864948034286499, 0.5028614401817322, 0.5255061984062195, 0.5024683475494385, 0.48862767219543457, 0.4857483208179474, 0.4915410280227661, 0.5998983383178711, 0.5717196464538574, 0.5481744408607483]], "sfx.logattacktime.mean": [0.8416925072669983], "sfx.inharmonicity.mean": [0.3456825613975525]}