{"lowlevel.spectral_centroid.mean": [0.32569900155067444], "lowlevel.spectral_contrast.mean": [[0.5657285451889038, 0.5818015336990356, 0.6860373020172119, 0.8068478107452393, 0.48161745071411133, 0.28588271141052246]], "lowlevel.dissonance.mean": [0.540143609046936], "lowlevel.hfc.mean": [0.4671612083911896], "lowlevel.mfcc.mean": [[0.5077084302902222, 1.2915408611297607, 0.5364497303962708, 0.07337284088134766, 0.6198112964630127, 0.6519116163253784, 0.6262091398239136, 0.4371315836906433, 0.5074917674064636, 0.6029890775680542, 0.6185352802276611, 0.48569542169570923, 0.4289098083972931]], "sfx.logattacktime.mean": [0.31717658042907715], "sfx.inharmonicity.mean": [0.5915061235427856]}