{"lowlevel.spectral_centroid.mean": [0.40516722202301025], "lowlevel.spectral_contrast.mean": [[0.6236839294433594, 0.5967288017272949, 0.595797061920166, 0.5274662971496582, 0.6652519702911377, 0.68231201171875]], "lowlevel.dissonance.mean": [0.674083948135376], "lowlevel.hfc.mean": [0.5996447801589966], "lowlevel.mfcc.mean": [[1.1759884357452393, 0.47967228293418884, 0.6311968564987183, 0.6950767636299133, 0.5626080632209778, 0.5147160887718201, 0.4476607143878937, 0.5851331949234009, 0.4551708698272705, 0.3813740909099579, 0.5044747591018677, 0.46745121479034424, 0.3709371089935303]], "sfx.logattacktime.mean": [0.5141454935073853], "sfx.inharmonicity.mean": [0.7800483703613281]}