{"lowlevel.spectral_centroid.mean": [0.3367099165916443], "lowlevel.spectral_contrast.mean": [[0.5445070266723633, 0.8055927753448486, 0.6064611673355103, 0.4521472454071045, 0.21061468124389648, 0.254317045211792]], "lowlevel.dissonance.mean": [0.546532392501831], "lowlevel.hfc.mean": [0.46668118238449097], "lowlevel.mfcc.mean": [[0.3779151439666748, 0.988540530204773, 1.2151150703430176, 0.7392566204071045, 0.37169188261032104, 0.25662416219711304, 0.4227762222290039, 0.4740122854709625, 0.47796446084976196, 0.45006704330444336, 0.5710334181785583, 0.6639952063560486, 0.7047444581985474]], "sfx.logattacktime.mean": [0.3343086242675781], "sfx.inharmonicity.mean": [0.23590773344039917]}