{"lowlevel.spectral_centroid.mean": [0.6395756006240845], "lowlevel.spectral_contrast.mean": [[0.22822201251983643, 0.4146367311477661, 0.2289595603942871, 0.1958775520324707, 0.18664836883544922, 0.2375936508178711]], "lowlevel.dissonance.mean": [0.431898832321167], "lowlevel.hfc.mean": [0.4651697874069214], "lowlevel.mfcc.mean": [[0.12970340251922607, 0.31938785314559937, 0.6344538927078247, 0.5822113752365112, 0.6334056854248047, 0.5804601907730103, 0.5407073497772217, 0.44898003339767456, 0.4377858638763428, 0.40453070402145386, 0.4477306008338928, 0.4598959684371948, 0.5149104595184326]], "sfx.logattacktime.mean": [0.16791275143623352], "sfx.inharmonicity.mean": [0.46109023690223694]}