{"lowlevel.spectral_centroid.mean": [0.3591836988925934], "lowlevel.spectral_contrast.mean": [[0.37560462951660156, 0.7450331449508667, 0.5528078079223633, 0.47374773025512695, 0.3603062629699707, 0.3329601287841797]], "lowlevel.dissonance.mean": [-0.14313584566116333], "lowlevel.hfc.mean": [0.46638989448547363], "lowlevel.mfcc.mean": [[0.2156912088394165, 0.3751492500305176, 0.3900102972984314, 0.22775466740131378, 0.17577633261680603, 0.03192034363746643, 0.004221081733703613, 0.04284018278121948, 0.3142603039741516, 0.49537941813468933, 0.7098644375801086, 0.8928533792495728, 0.9374313354492188]], "sfx.logattacktime.mean": [0.21519985795021057], "sfx.inharmonicity.mean": [0.34463733434677124]}