{"lowlevel.spectral_centroid.mean": [0.4695584177970886], "lowlevel.spectral_contrast.mean": [[0.13906466960906982, 0.19211268424987793, 1.1515330076217651, 1.0171109437942505, 0.9120926856994629, 0.6725039482116699]], "lowlevel.dissonance.mean": [0.5804535150527954], "lowlevel.hfc.mean": [0.520327091217041], "lowlevel.mfcc.mean": [[0.39119768142700195, 0.05495930463075638, -0.048574358224868774, 0.23827765882015228, 0.15696188807487488, 0.6121795177459717, 0.6183226108551025, 0.9143407344818115, 0.9876964092254639, 0.635704517364502, -0.1111709475517273, -0.35585522651672363, 0.24610504508018494]], "sfx.logattacktime.mean": [0.4589991271495819], "sfx.inharmonicity.mean": [0.7234610319137573]}