{"lowlevel.spectral_centroid.mean": [0.3289199471473694], "lowlevel.spectral_contrast.mean": [[0.6377002596855164, 0.40475988388061523, 0.4466456174850464, 0.4840989112854004, 0.4335012435913086, 0.4404182434082031]], "lowlevel.dissonance.mean": [0.6439942121505737], "lowlevel.hfc.mean": [0.46653473377227783], "lowlevel.mfcc.mean": [[0.6578830480575562, 0.608272910118103, 0.5050044059753418, 0.5243803262710571, 0.570415198802948, 0.635875940322876, 0.6549170017242432, 0.5275683999061584, 0.6485273838043213, 0.746596097946167, 0.685809850692749, 0.5254747271537781, 0.5710204243659973]], "sfx.logattacktime.mean": [0.42261072993278503], "sfx.inharmonicity.mean": [0.3735194802284241]}