{"lowlevel.spectral_centroid.mean": [0.43383631110191345], "lowlevel.spectral_contrast.mean": [[0.19238221645355225, 0.18901121616363525, 1.7490906715393066, 1.6119283437728882, 1.625375509262085, 1.0973827838897705]], "lowlevel.dissonance.mean": [0.1295938491821289], "lowlevel.hfc.mean": [0.5044808387756348], "lowlevel.mfcc.mean": [[0.4991304874420166, 0.16389738023281097, 0.2133958339691162, 0.37846633791923523, 0.03326362371444702, 0.775969386100769, 0.9431437253952026, 1.350027084350586, 1.2950818538665771, 0.31234127283096313, -0.2109784483909607, -1.1966487169265747, -0.7308719158172607]], "sfx.logattacktime.mean": [0.3255588114261627], "sfx.inharmonicity.mean": [0.7465682029724121]}