{"lowlevel.spectral_centroid.mean": [0.4064851403236389], "lowlevel.spectral_contrast.mean": [[0.3338273763656616, 0.19324970245361328, 0.2097940444946289, 0.8046972751617432, 0.24425530433654785, 0.42453598976135254]], "lowlevel.dissonance.mean": [0.634499192237854], "lowlevel.hfc.mean": [0.49140429496765137], "lowlevel.mfcc.mean": [[0.10593914985656738, 0.19915683567523956, 0.45953747630119324, 0.39312928915023804, 0.580467939376831, 0.9482773542404175, 0.8299970626831055, 0.32629743218421936, 0.4437025189399719, 0.5393959879875183, 1.031071662902832, 0.9835073351860046, 0.27223289012908936]], "sfx.logattacktime.mean": [0.20929405093193054], "sfx.inharmonicity.mean": [0.7606215476989746]}