{"lowlevel.spectral_centroid.mean": [0.3385174572467804], "lowlevel.spectral_contrast.mean": [[0.9995406270027161, 1.462543249130249, 1.3600083589553833, 1.3095755577087402, 0.9335598945617676, 0.5256896018981934]], "lowlevel.dissonance.mean": [-0.168310284614563], "lowlevel.hfc.mean": [0.46738913655281067], "lowlevel.mfcc.mean": [[0.5114915370941162, 0.9283612966537476, 0.3879850506782532, 0.027314364910125732, 0.270305335521698, 0.11088624596595764, 0.12481948733329773, 0.03262299299240112, 0.012716710567474365, 0.03674417734146118, 0.17910537123680115, 0.3868688941001892, 0.5077440738677979]], "sfx.logattacktime.mean": [0.37041252851486206], "sfx.inharmonicity.mean": [0.19326816499233246]}