{"lowlevel.spectral_centroid.mean": [0.4056350588798523], "lowlevel.spectral_contrast.mean": [[0.7724053263664246, 0.7698162794113159, 0.4361840486526489, 0.38107728958129883, 0.2888832092285156, 0.24030280113220215]], "lowlevel.dissonance.mean": [-0.1974521279335022], "lowlevel.hfc.mean": [0.4667503237724304], "lowlevel.mfcc.mean": [[0.25503623485565186, 0.6551336050033569, 0.867796003818512, 0.4918980002403259, 0.21607181429862976, -0.0546908974647522, -0.1461244821548462, -0.14093124866485596, 0.06924271583557129, 0.2254805862903595, 0.38465800881385803, 0.35230833292007446, 0.23878881335258484]], "sfx.logattacktime.mean": [0.33095782995224], "sfx.inharmonicity.mean": [0.408227801322937]}