{"lowlevel.spectral_centroid.mean": [0.41159433126449585], "lowlevel.spectral_contrast.mean": [[0.5930297374725342, 0.5416628122329712, 0.5256963968276978, 0.6301629543304443, 0.8295841217041016, 0.8353214263916016]], "lowlevel.dissonance.mean": [0.5059478282928467], "lowlevel.hfc.mean": [0.4667675197124481], "lowlevel.mfcc.mean": [[0.5354759693145752, 0.7339962720870972, 0.23646239936351776, 0.7741029262542725, 0.5960319638252258, -0.046221792697906494, 0.19880560040473938, 0.28800010681152344, 0.4881119728088379, 0.16141435503959656, 0.2287457287311554, 0.3223164677619934, 0.35844630002975464]], "sfx.logattacktime.mean": [0.6935712695121765], "sfx.inharmonicity.mean": [0.6381421089172363]}