{"lowlevel.spectral_centroid.mean": [0.32757025957107544], "lowlevel.spectral_contrast.mean": [[0.6602237224578857, 0.40154004096984863, 0.19517946243286133, 0.14936304092407227, 0.14912891387939453, 0.19638514518737793]], "lowlevel.dissonance.mean": [0.365545392036438], "lowlevel.hfc.mean": [0.4658454954624176], "lowlevel.mfcc.mean": [[0.15988123416900635, 0.4811541438102722, 0.9183212518692017, 0.9593023657798767, 1.021708607673645, 0.913190484046936, 0.8520388603210449, 0.728878915309906, 0.6809991598129272, 0.6029437184333801, 0.5885055661201477, 0.5370318293571472, 0.524512767791748]], "sfx.logattacktime.mean": [0.2715458273887634], "sfx.inharmonicity.mean": [0.2185191810131073]}