{"lowlevel.spectral_centroid.mean": [0.44816404581069946], "lowlevel.spectral_contrast.mean": [[0.41065192222595215, 0.43016016483306885, 0.5634115934371948, 0.7905510663986206, 0.651752233505249, 0.5189881324768066]], "lowlevel.dissonance.mean": [0.6686776876449585], "lowlevel.hfc.mean": [0.4711920917034149], "lowlevel.mfcc.mean": [[0.6079305410385132, 0.5232953429222107, 0.19179996848106384, 0.4603930115699768, 0.3433423340320587, 0.36476272344589233, 0.5612196922302246, 0.3938780128955841, 0.39101332426071167, 0.25684016942977905, 0.3281186819076538, 1.0791983604431152, 1.1350716352462769]], "sfx.logattacktime.mean": [0.5269417762756348], "sfx.inharmonicity.mean": [0.4471019208431244]}