{"lowlevel.spectral_centroid.mean": [0.3006056249141693], "lowlevel.spectral_contrast.mean": [[0.763788104057312, 0.2906475067138672, 0.18857049942016602, 0.1730945110321045, 0.17739534378051758, 0.22292113304138184]], "lowlevel.dissonance.mean": [0.4434260129928589], "lowlevel.hfc.mean": [0.4652526378631592], "lowlevel.mfcc.mean": [[0.13675451278686523, 0.3715595006942749, 0.74677574634552, 0.7881229519844055, 0.9041710495948792, 0.892686665058136, 0.9063857793807983, 0.8493810892105103, 0.8685771226882935, 0.8019076585769653, 0.7813962697982788, 0.7414462566375732, 0.7352384328842163]], "sfx.logattacktime.mean": [0.30171310901641846], "sfx.inharmonicity.mean": [0.19026871025562286]}