{"lowlevel.spectral_centroid.mean": [0.46383872628211975], "lowlevel.spectral_contrast.mean": [[0.21583688259124756, 0.7086142301559448, 0.7224799394607544, 0.8246268033981323, 0.8702371120452881, 0.5300350189208984]], "lowlevel.dissonance.mean": [0.5168343782424927], "lowlevel.hfc.mean": [0.4709545373916626], "lowlevel.mfcc.mean": [[0.4181932210922241, 0.27268749475479126, 0.21387392282485962, 0.4841006398200989, 0.32837021350860596, 0.23241926729679108, 0.4175395369529724, 0.3443661630153656, 0.3280564248561859, 0.6706441044807434, 0.5957002639770508, 0.747748851776123, 0.8703287839889526]], "sfx.logattacktime.mean": [0.41049671173095703], "sfx.inharmonicity.mean": [0.36564773321151733]}