{"lowlevel.spectral_centroid.mean": [0.3772957921028137], "lowlevel.spectral_contrast.mean": [[0.318822979927063, 0.22961914539337158, 1.2392539978027344, 0.6634438037872314, 0.7723641395568848, 0.3733398914337158]], "lowlevel.dissonance.mean": [0.05390322208404541], "lowlevel.hfc.mean": [0.4668230414390564], "lowlevel.mfcc.mean": [[0.22523510456085205, 0.300406277179718, 0.1549137830734253, 0.06164345145225525, 0.2861286997795105, 0.3087371587753296, 0.4393611252307892, 0.9786861538887024, 1.5695850849151611, 0.9737499952316284, 0.17657870054244995, -0.022760391235351562, -0.057596445083618164]], "sfx.logattacktime.mean": [0.5410819053649902], "sfx.inharmonicity.mean": [0.41265538334846497]}