{"lowlevel.spectral_centroid.mean": [0.34246593713760376], "lowlevel.spectral_contrast.mean": [[0.9979819059371948, 0.9288836717605591, 0.38936662673950195, 0.3692312240600586, 0.4043440818786621, 0.46479105949401855]], "lowlevel.dissonance.mean": [-0.15272557735443115], "lowlevel.hfc.mean": [0.47262275218963623], "lowlevel.mfcc.mean": [[0.4618033170700073, 0.7035914659500122, 0.8203215599060059, 1.0977863073349, 0.8795480728149414, 0.6186901330947876, 0.4145382046699524, 0.26646795868873596, 0.321532666683197, 0.37630364298820496, 0.3475995361804962, 0.3184898793697357, 0.44289344549179077]], "sfx.logattacktime.mean": [0.4341568350791931], "sfx.inharmonicity.mean": [0.25057685375213623]}