{"lowlevel.spectral_centroid.mean": [0.6266667246818542], "lowlevel.spectral_contrast.mean": [[0.2229067087173462, 0.28550922870635986, 0.2029404640197754, 0.18699312210083008, 0.9438683986663818, 0.5231776237487793]], "lowlevel.dissonance.mean": [0.6765786409378052], "lowlevel.hfc.mean": [0.4868658185005188], "lowlevel.mfcc.mean": [[0.12904071807861328, 0.1537734419107437, 0.6179587841033936, 0.6870977878570557, 0.6577483415603638, 0.4552861750125885, 0.8810155391693115, 0.5459861755371094, 0.22220158576965332, 0.7245706915855408, 0.5520638227462769, -0.16025429964065552, 0.8381286263465881]], "sfx.logattacktime.mean": [0.20751482248306274], "sfx.inharmonicity.mean": [1.0726958513259888]}