{"lowlevel.spectral_centroid.mean": [0.8717623949050903], "lowlevel.spectral_contrast.mean": [[0.2669656276702881, 0.32181692123413086, 0.3608710765838623, 0.3961517810821533, 0.44234657287597656, 0.37934041023254395]], "lowlevel.dissonance.mean": [0.6690342426300049], "lowlevel.hfc.mean": [0.46621185541152954], "lowlevel.mfcc.mean": [[0.5355724096298218, 0.5677406787872314, 0.5952820777893066, 0.18723511695861816, 0.5813514590263367, 0.6121507883071899, 0.4550186097621918, 0.5754212737083435, 0.6286296844482422, 0.33524197340011597, 0.485960990190506, 0.4722961485385895, 0.5652550458908081]], "sfx.logattacktime.mean": [0.5179300904273987], "sfx.inharmonicity.mean": [0.42350131273269653]}