{"lowlevel.spectral_centroid.mean": [0.60884690284729], "lowlevel.spectral_contrast.mean": [[0.5177412033081055, 0.2022850513458252, 0.23662447929382324, 0.8634693622589111, 0.623788595199585, 0.7388210296630859]], "lowlevel.dissonance.mean": [0.6970207691192627], "lowlevel.hfc.mean": [0.47476908564567566], "lowlevel.mfcc.mean": [[0.23096084594726562, 0.11148470640182495, 0.5047270059585571, 0.6259310245513916, 0.8795783519744873, 1.0605082511901855, 0.4907320737838745, 0.72259521484375, 0.7551162242889404, 1.1910653114318848, 0.9303724765777588, 0.13719910383224487, 0.2951905131340027]], "sfx.logattacktime.mean": [0.6264636516571045], "sfx.inharmonicity.mean": [0.7903569936752319]}