{"lowlevel.spectral_centroid.mean": [0.4439206123352051], "lowlevel.spectral_contrast.mean": [[0.5039688348770142, 0.3262401819229126, 1.424739122390747, 1.3572535514831543, 0.9401912689208984, 0.9543936252593994]], "lowlevel.dissonance.mean": [0.3450734615325928], "lowlevel.hfc.mean": [0.5135582089424133], "lowlevel.mfcc.mean": [[0.7134960889816284, 0.27949976921081543, 0.18921813368797302, 0.30728763341903687, 0.3215702176094055, 0.5898048281669617, 0.5573863983154297, 0.9914656281471252, 1.0636874437332153, 0.5027369260787964, -0.008612871170043945, -0.29212284088134766, 0.9447657465934753]], "sfx.logattacktime.mean": [0.28910890221595764], "sfx.inharmonicity.mean": [0.39145737886428833]}