{"lowlevel.spectral_centroid.mean": [0.4634629487991333], "lowlevel.spectral_contrast.mean": [[0.2072063684463501, 0.14564156532287598, 0.6396948099136353, 1.301172137260437, 1.0773735046386719, 0.8384692668914795]], "lowlevel.dissonance.mean": [0.28644537925720215], "lowlevel.hfc.mean": [0.48055019974708557], "lowlevel.mfcc.mean": [[0.3590341806411743, 0.005375072360038757, -0.008786767721176147, 0.17446544766426086, 0.3855261504650116, 0.958260178565979, 1.0894594192504883, 0.7353060841560364, -0.04087883234024048, -0.0741891860961914, 0.44075390696525574, 1.1237341165542603, 1.670350432395935]], "sfx.logattacktime.mean": [0.5038087368011475], "sfx.inharmonicity.mean": [0.5465226173400879]}