{"lowlevel.spectral_centroid.mean": [0.426187127828598], "lowlevel.spectral_contrast.mean": [[0.19693100452423096, 0.9774470329284668, 0.8934301137924194, 0.8917223215103149, 0.9256317615509033, 0.5942902565002441]], "lowlevel.dissonance.mean": [0.4418168067932129], "lowlevel.hfc.mean": [0.4713299870491028], "lowlevel.mfcc.mean": [[0.4860389232635498, 0.3358333110809326, 0.19127941131591797, 0.5267841815948486, 0.40868380665779114, 0.020820587873458862, 0.057193607091903687, 0.3698713183403015, 0.41925233602523804, 0.4517350196838379, 0.2951739430427551, 0.5722244381904602, 1.0924983024597168]], "sfx.logattacktime.mean": [0.5141557455062866], "sfx.inharmonicity.mean": [0.49153584241867065]}