{"lowlevel.spectral_centroid.mean": [0.31509020924568176], "lowlevel.spectral_contrast.mean": [[0.7787607908248901, 0.6593396663665771, 0.48495376110076904, 0.450380802154541, 0.4659743309020996, 0.31909871101379395]], "lowlevel.dissonance.mean": [0.18537867069244385], "lowlevel.hfc.mean": [0.46727365255355835], "lowlevel.mfcc.mean": [[0.4261835813522339, 0.8015470504760742, 0.7500517964363098, 0.6785070896148682, 0.890405535697937, 0.6169145107269287, 0.6117005348205566, 0.5529400110244751, 0.5411463379859924, 0.4738762080669403, 0.5610038042068481, 0.49569711089134216, 0.43340080976486206]], "sfx.logattacktime.mean": [0.667807936668396], "sfx.inharmonicity.mean": [0.23172172904014587]}