{"lowlevel.spectral_centroid.mean": [0.3364710807800293], "lowlevel.spectral_contrast.mean": [[0.7808696627616882, 0.7311893701553345, 0.7013999223709106, 0.6892751455307007, 0.833946943283081, 0.439542293548584]], "lowlevel.dissonance.mean": [0.5483931303024292], "lowlevel.hfc.mean": [0.47112420201301575], "lowlevel.mfcc.mean": [[0.7302360534667969, 1.103752851486206, 0.3078942894935608, 0.39869076013565063, 0.7085273861885071, 0.44013020396232605, 0.5117149353027344, 0.4572516083717346, 0.3461315333843231, 0.23634584248065948, 0.4262092411518097, 0.461773544549942, 0.4537888765335083]], "sfx.logattacktime.mean": [0.7611023187637329], "sfx.inharmonicity.mean": [0.36400386691093445]}