{"lowlevel.spectral_centroid.mean": [0.3389371931552887], "lowlevel.spectral_contrast.mean": [[0.5317190885543823, 0.4967367649078369, 0.9436489343643188, 0.8438221216201782, 0.6904258728027344, 0.2953307628631592]], "lowlevel.dissonance.mean": [0.3337831497192383], "lowlevel.hfc.mean": [0.46673378348350525], "lowlevel.mfcc.mean": [[0.2137528657913208, 0.7672160863876343, 0.4272652268409729, 0.14026370644569397, 0.310332715511322, 0.1270100176334381, 0.059040337800979614, 0.2277337610721588, 0.4976617097854614, 0.4699401259422302, 0.3682239055633545, 0.5833606719970703, 0.9706761837005615]], "sfx.logattacktime.mean": [0.2755010724067688], "sfx.inharmonicity.mean": [0.5182240009307861]}