{"lowlevel.spectral_centroid.mean": [0.40437087416648865], "lowlevel.spectral_contrast.mean": [[0.611812949180603, 1.1399259567260742, 1.0795141458511353, 0.9915672540664673, 0.9274911880493164, 0.6516046524047852]], "lowlevel.dissonance.mean": [0.305120587348938], "lowlevel.hfc.mean": [0.506649374961853], "lowlevel.mfcc.mean": [[0.6471507549285889, 0.5151187181472778, 0.17699939012527466, 0.1905701607465744, -0.0064972639083862305, -0.1432686448097229, -0.09553742408752441, 0.0801834762096405, 0.3673802614212036, 0.3552612364292145, 0.23537790775299072, 0.47375690937042236, 0.46224334836006165]], "sfx.logattacktime.mean": [0.6949865221977234], "sfx.inharmonicity.mean": [0.39042210578918457]}