{"lowlevel.spectral_centroid.mean": [0.6155350804328918], "lowlevel.spectral_contrast.mean": [[0.19272994995117188, 0.17193913459777832, 0.23379087448120117, 0.7555159330368042, 0.687861442565918, 0.5429236888885498]], "lowlevel.dissonance.mean": [0.668689489364624], "lowlevel.hfc.mean": [0.49559757113456726], "lowlevel.mfcc.mean": [[-0.0009217262268066406, 0.16710637509822845, 0.5056952834129333, 0.5649767518043518, 0.6930044889450073, 0.9536353349685669, 0.8894749283790588, 0.2712082862854004, -0.03712552785873413, 1.138332724571228, 0.938872754573822, 0.427044153213501, 0.6665665507316589]], "sfx.logattacktime.mean": [0.540637195110321], "sfx.inharmonicity.mean": [0.9055335521697998]}