{"lowlevel.spectral_centroid.mean": [0.5048779249191284], "lowlevel.spectral_contrast.mean": [[0.2620046138763428, 0.472398042678833, 0.3015439510345459, 0.29560136795043945, 0.27519845962524414, 0.3220539093017578]], "lowlevel.dissonance.mean": [0.6200311183929443], "lowlevel.hfc.mean": [0.4651252329349518], "lowlevel.mfcc.mean": [[0.36390864849090576, 0.44704312086105347, 0.6197924613952637, 0.43478477001190186, 0.4706931710243225, 0.45935899019241333, 0.459227055311203, 0.4158617854118347, 0.4101065993309021, 0.3624686598777771, 0.40306538343429565, 0.4634484350681305, 0.5606218576431274]], "sfx.logattacktime.mean": [0.6686334609985352], "sfx.inharmonicity.mean": [0.3209463357925415]}