{"lowlevel.spectral_centroid.mean": [0.560274600982666], "lowlevel.spectral_contrast.mean": [[0.2343616485595703, 0.21887362003326416, 0.2319338321685791, 0.6263315677642822, 0.5706832408905029, 0.4445364475250244]], "lowlevel.dissonance.mean": [0.6790734529495239], "lowlevel.hfc.mean": [0.48863041400909424], "lowlevel.mfcc.mean": [[0.11322736740112305, 0.1526392698287964, 0.484164834022522, 0.46089309453964233, 0.5984920263290405, 0.7631117105484009, 0.7638610601425171, 0.4127647578716278, 0.3092973530292511, 0.9240374565124512, 0.7367638349533081, 0.5090345144271851, 0.7196750044822693]], "sfx.logattacktime.mean": [0.4488911032676697], "sfx.inharmonicity.mean": [0.37734925746917725]}