{"lowlevel.spectral_centroid.mean": [0.4681749939918518], "lowlevel.spectral_contrast.mean": [[0.36823999881744385, 0.2136627435684204, 0.5001407861709595, 0.2377016544342041, 0.44388484954833984, 0.4501838684082031]], "lowlevel.dissonance.mean": [0.6365348100662231], "lowlevel.hfc.mean": [0.4754285514354706], "lowlevel.mfcc.mean": [[0.1728990077972412, 0.23758244514465332, 0.5916129350662231, 0.631719708442688, 0.3618292510509491, 0.7132658958435059, 0.9454476833343506, 0.7782979011535645, 0.7695651054382324, 0.4872923195362091, 0.3368099331855774, 0.5488105416297913, 0.7873505353927612]], "sfx.logattacktime.mean": [0.27785393595695496], "sfx.inharmonicity.mean": [0.6720998287200928]}