{"lowlevel.spectral_centroid.mean": [0.3771817982196808], "lowlevel.spectral_contrast.mean": [[0.2719287872314453, 0.40894877910614014, 0.4943709373474121, 0.4427800178527832, 0.45764899253845215, 0.35895204544067383]], "lowlevel.dissonance.mean": [0.6055859327316284], "lowlevel.hfc.mean": [0.4650789797306061], "lowlevel.mfcc.mean": [[0.2687610387802124, 0.5585468411445618, 0.5232278108596802, 0.34323811531066895, 0.5452362298965454, 0.3572714030742645, 0.3096865713596344, 0.4853433072566986, 0.6123532652854919, 0.419138103723526, 0.3005411624908447, 0.1278608739376068, 0.07028910517692566]], "sfx.logattacktime.mean": [0.8572556972503662], "sfx.inharmonicity.mean": [0.46569111943244934]}