{"lowlevel.spectral_centroid.mean": [0.350038081407547], "lowlevel.spectral_contrast.mean": [[1.0151009559631348, 0.708836555480957, 0.46938300132751465, 0.4272482395172119, 0.4951927661895752, 0.854736328125]], "lowlevel.dissonance.mean": [0.4367036819458008], "lowlevel.hfc.mean": [0.5220766067504883], "lowlevel.mfcc.mean": [[0.7910420894622803, 0.9328035116195679, 0.43200644850730896, 1.1890313625335693, 0.71953946352005, 0.6032273173332214, 0.6121162176132202, 0.28717246651649475, 0.4011540412902832, 0.37623780965805054, 0.2444285750389099, 0.43325865268707275, 0.2651384472846985]], "sfx.logattacktime.mean": [0.41933566331863403], "sfx.inharmonicity.mean": [0.25180289149284363]}