{"lowlevel.spectral_centroid.mean": [0.3565971851348877], "lowlevel.spectral_contrast.mean": [[1.0234806537628174, 1.3866891860961914, 0.7772033214569092, 0.7626147270202637, 0.5932788848876953, 0.4130685329437256]], "lowlevel.dissonance.mean": [-0.3838040232658386], "lowlevel.hfc.mean": [0.4721590578556061], "lowlevel.mfcc.mean": [[0.3303951025009155, 0.4906148612499237, 0.4775267541408539, 0.4267418682575226, 0.2986032962799072, 0.13191848993301392, -0.05455207824707031, -0.21145015954971313, -0.222415030002594, -0.31034237146377563, -0.42749685049057007, -0.4202257990837097, -0.03387343883514404]], "sfx.logattacktime.mean": [0.5220128893852234], "sfx.inharmonicity.mean": [0.259213924407959]}