{"lowlevel.spectral_centroid.mean": [0.3054155111312866], "lowlevel.spectral_contrast.mean": [[0.5057870149612427, 0.35076725482940674, 0.28949737548828125, 0.27506566047668457, 0.2704446315765381, 0.2449350357055664]], "lowlevel.dissonance.mean": [0.42836833000183105], "lowlevel.hfc.mean": [0.4652835428714752], "lowlevel.mfcc.mean": [[0.17570018768310547, 0.39929813146591187, 0.6918908357620239, 0.7344436645507812, 0.8471792936325073, 0.7764501571655273, 0.7632881999015808, 0.7073378562927246, 0.7075493335723877, 0.6163637638092041, 0.5630457997322083, 0.522615373134613, 0.4629644453525543]], "sfx.logattacktime.mean": [0.4748193621635437], "sfx.inharmonicity.mean": [0.19000038504600525]}