{"lowlevel.spectral_centroid.mean": [0.32747793197631836], "lowlevel.spectral_contrast.mean": [[0.3796956539154053, 0.8354471921920776, 0.48361241817474365, 0.23940610885620117, 0.20408344268798828, 0.2633473873138428]], "lowlevel.dissonance.mean": [-0.2708899974822998], "lowlevel.hfc.mean": [0.4654772877693176], "lowlevel.mfcc.mean": [[0.19867324829101562, 0.4716079831123352, 0.7423431873321533, 0.589874804019928, 0.5037129521369934, 0.4233243465423584, 0.41606929898262024, 0.3724055290222168, 0.37632492184638977, 0.2523578107357025, 0.26793909072875977, 0.31566548347473145, 0.44192585349082947]], "sfx.logattacktime.mean": [0.23247778415679932], "sfx.inharmonicity.mean": [0.29460573196411133]}