{"lowlevel.spectral_centroid.mean": [0.3377075791358948], "lowlevel.spectral_contrast.mean": [[0.5188999176025391, 0.280501127243042, 0.6165902614593506, 0.5042304992675781, 0.4340634346008301, 0.4163026809692383]], "lowlevel.dissonance.mean": [0.5341949462890625], "lowlevel.hfc.mean": [0.4786507785320282], "lowlevel.mfcc.mean": [[0.24108755588531494, 0.38034558296203613, 0.6079103946685791, 0.5640211701393127, 0.5829207897186279, 0.6548266410827637, 0.8133989572525024, 0.992219090461731, 0.9943633079528809, 0.7349139451980591, 0.380543053150177, 0.19187793135643005, 0.6225607991218567]], "sfx.logattacktime.mean": [0.2874467670917511], "sfx.inharmonicity.mean": [0.2881072163581848]}