{"lowlevel.spectral_centroid.mean": [0.3374328017234802], "lowlevel.spectral_contrast.mean": [[1.063711166381836, 1.4309237003326416, 0.7994917631149292, 0.4750397205352783, 0.23128437995910645, 0.2830979824066162]], "lowlevel.dissonance.mean": [-0.846355676651001], "lowlevel.hfc.mean": [0.4765079617500305], "lowlevel.mfcc.mean": [[0.37940967082977295, 0.9733271598815918, 1.1125062704086304, 0.5001924633979797, 0.0702584981918335, -0.15035885572433472, -0.18066996335983276, -0.2588450312614441, -0.16642630100250244, 0.018240541219711304, 0.3111945390701294, 0.42335939407348633, 0.3914802372455597]], "sfx.logattacktime.mean": [0.2412676215171814], "sfx.inharmonicity.mean": [0.2946421205997467]}