{"lowlevel.spectral_centroid.mean": [0.36008989810943604], "lowlevel.spectral_contrast.mean": [[0.8089995980262756, 0.7347186803817749, 0.693895697593689, 0.48559069633483887, 0.42256760597229004, 0.3408937454223633]], "lowlevel.dissonance.mean": [0.1507488489151001], "lowlevel.hfc.mean": [0.4687759578227997], "lowlevel.mfcc.mean": [[0.3847578763961792, 0.8119615316390991, 0.41998526453971863, 0.40702664852142334, 0.27949821949005127, 0.032965004444122314, 0.04974523186683655, -0.06462764739990234, -0.10291236639022827, -0.03366953134536743, 0.0663658082485199, 0.09472796320915222, 0.3109162449836731]], "sfx.logattacktime.mean": [0.6889470815658569], "sfx.inharmonicity.mean": [0.6070761680603027]}