{"lowlevel.spectral_centroid.mean": [0.3488905429840088], "lowlevel.spectral_contrast.mean": [[0.28631651401519775, 0.5511921644210815, 0.3633425235748291, 0.3131401538848877, 0.27605700492858887, 0.252849817276001]], "lowlevel.dissonance.mean": [0.25574934482574463], "lowlevel.hfc.mean": [0.466366708278656], "lowlevel.mfcc.mean": [[0.16666829586029053, 0.4188067615032196, 0.6799076795578003, 0.5339696407318115, 0.4960367679595947, 0.3436587452888489, 0.3169475197792053, 0.29817110300064087, 0.37503373622894287, 0.4431399405002594, 0.5285123586654663, 0.48882731795310974, 0.36655324697494507]], "sfx.logattacktime.mean": [0.16440561413764954], "sfx.inharmonicity.mean": [0.34820935130119324]}