{"lowlevel.spectral_centroid.mean": [0.41267967224121094], "lowlevel.spectral_contrast.mean": [[0.8530910015106201, 1.1318879127502441, 1.4593749046325684, 0.5746397972106934, 0.34117913246154785, 0.40048837661743164]], "lowlevel.dissonance.mean": [-0.18819117546081543], "lowlevel.hfc.mean": [0.4921419620513916], "lowlevel.mfcc.mean": [[0.6841108798980713, 0.4629245400428772, 0.5882877111434937, -0.18580478429794312, -0.4669691324234009, -0.1767907738685608, 0.25912103056907654, 0.5650891661643982, 0.4831911623477936, 0.29522475600242615, 0.07114431262016296, -0.04015392065048218, -0.11480015516281128]], "sfx.logattacktime.mean": [0.3877352476119995], "sfx.inharmonicity.mean": [0.36305946111679077]}