{"lowlevel.spectral_centroid.mean": [0.34353581070899963], "lowlevel.spectral_contrast.mean": [[0.6894602179527283, 0.869888186454773, 0.718963623046875, 0.3920786380767822, 0.248856782913208, 0.27756643295288086]], "lowlevel.dissonance.mean": [0.029792189598083496], "lowlevel.hfc.mean": [0.468528687953949], "lowlevel.mfcc.mean": [[0.38523566722869873, 0.9855611324310303, 1.145845890045166, 0.6611623764038086, 0.38237959146499634, 0.2360842376947403, 0.2792332172393799, 0.2845284342765808, 0.3495619595050812, 0.3598766326904297, 0.4193420112133026, 0.4023973345756531, 0.3869782090187073]], "sfx.logattacktime.mean": [0.8961561918258667], "sfx.inharmonicity.mean": [0.30703550577163696]}