{"lowlevel.spectral_centroid.mean": [0.32976996898651123], "lowlevel.spectral_contrast.mean": [[0.4284844398498535, 0.6018741130828857, 0.6228760480880737, 0.420457124710083, 0.3074486255645752, 0.21888327598571777]], "lowlevel.dissonance.mean": [0.023682117462158203], "lowlevel.hfc.mean": [0.465082585811615], "lowlevel.mfcc.mean": [[0.05030488967895508, 0.6658207178115845, 0.8509571552276611, 0.5647724866867065, 0.5112271904945374, 0.37357956171035767, 0.37222710251808167, 0.40537548065185547, 0.42271170020103455, 0.2773064374923706, 0.1982245147228241, 0.1320364773273468, 0.21831339597702026]], "sfx.logattacktime.mean": [0.2750965654850006], "sfx.inharmonicity.mean": [0.5867691040039062]}