{"lowlevel.spectral_centroid.mean": [0.4185136556625366], "lowlevel.spectral_contrast.mean": [[0.5628870725631714, 0.5747202634811401, 0.748917818069458, 0.8958268165588379, 0.7420957088470459, 0.7385990619659424]], "lowlevel.dissonance.mean": [0.36064743995666504], "lowlevel.hfc.mean": [0.4654857814311981], "lowlevel.mfcc.mean": [[0.32599174976348877, 0.5077003240585327, 0.31439143419265747, 0.2177184671163559, 0.45414844155311584, 0.749076247215271, 1.0459866523742676, 0.8959917426109314, 0.6424257755279541, 0.5634781122207642, 0.784202516078949, 0.7546775341033936, 1.0099821090698242]], "sfx.logattacktime.mean": [0.5402112603187561], "sfx.inharmonicity.mean": [0.49388277530670166]}