{"lowlevel.spectral_centroid.mean": [0.5520187616348267], "lowlevel.spectral_contrast.mean": [[0.14487433433532715, 1.2047138214111328, 0.6790097951889038, 0.8374742269515991, 0.8058872222900391, 0.6973025798797607]], "lowlevel.dissonance.mean": [0.032937049865722656], "lowlevel.hfc.mean": [0.4738596975803375], "lowlevel.mfcc.mean": [[0.2664388418197632, 0.19431109726428986, 0.268718957901001, 0.37110409140586853, 0.12877199053764343, -0.04497295618057251, -0.072207510471344, 0.1262303590774536, 0.4634774625301361, 0.7934353351593018, 1.0805259943008423, 1.2491793632507324, 1.3913706541061401]], "sfx.logattacktime.mean": [0.38040629029273987], "sfx.inharmonicity.mean": [0.4540185332298279]}