{"lowlevel.spectral_centroid.mean": [0.5770113468170166], "lowlevel.spectral_contrast.mean": [[0.23975014686584473, 0.46636295318603516, 0.35253190994262695, 0.29552698135375977, 0.27072858810424805, 0.3164665699005127]], "lowlevel.dissonance.mean": [0.5726337432861328], "lowlevel.hfc.mean": [0.4652198851108551], "lowlevel.mfcc.mean": [[0.2822650671005249, 0.42303112149238586, 0.6329605579376221, 0.4704839289188385, 0.3971933424472809, 0.26777946949005127, 0.2801666259765625, 0.2954361140727997, 0.3559565544128418, 0.47534117102622986, 0.6302237510681152, 0.6441308259963989, 0.6037521958351135]], "sfx.logattacktime.mean": [0.3551238775253296], "sfx.inharmonicity.mean": [0.34861332178115845]}