{"lowlevel.spectral_centroid.mean": [0.7620531320571899], "lowlevel.spectral_contrast.mean": [[0.4953843355178833, 0.19678854942321777, 0.24254822731018066, 0.28074026107788086, 0.7074379920959473, 0.8003993034362793]], "lowlevel.dissonance.mean": [0.709808349609375], "lowlevel.hfc.mean": [0.574295699596405], "lowlevel.mfcc.mean": [[0.1988685131072998, 0.13163167238235474, 0.5430319905281067, 0.6068755984306335, 0.8225083351135254, 0.7511128783226013, 0.349955677986145, 1.3223652839660645, 0.6909992098808289, 0.5659215450286865, 0.6595225930213928, 0.9425058364868164, 1.028260350227356]], "sfx.logattacktime.mean": [0.6218938827514648], "sfx.inharmonicity.mean": [0.4364994466304779]}