{"lowlevel.spectral_centroid.mean": [0.5304793119430542], "lowlevel.spectral_contrast.mean": [[0.47615814208984375, 0.5863662958145142, 0.3539011478424072, 0.27225685119628906, 0.24226617813110352, 0.2528340816497803]], "lowlevel.dissonance.mean": [0.13449084758758545], "lowlevel.hfc.mean": [0.4650839865207672], "lowlevel.mfcc.mean": [[0.1278386116027832, 0.3144252598285675, 0.5216553807258606, 0.3518027365207672, 0.36399754881858826, 0.2397223263978958, 0.2614578604698181, 0.27130359411239624, 0.3874075412750244, 0.4616522490978241, 0.49419063329696655, 0.4033510088920593, 0.3283756375312805]], "sfx.logattacktime.mean": [0.3033303916454315], "sfx.inharmonicity.mean": [0.4167708456516266]}