{"lowlevel.spectral_centroid.mean": [0.3260059654712677], "lowlevel.spectral_contrast.mean": [[0.9253369569778442, 0.5061635971069336, 0.3447451591491699, 0.31498265266418457, 0.3812429904937744, 0.36353445053100586]], "lowlevel.dissonance.mean": [0.29081177711486816], "lowlevel.hfc.mean": [0.4728052318096161], "lowlevel.mfcc.mean": [[0.36502575874328613, 0.659112811088562, 0.8061408996582031, 1.0393351316452026, 0.9837833046913147, 0.7972909212112427, 0.7187739014625549, 0.6244692206382751, 0.697270929813385, 0.6839410662651062, 0.5776355266571045, 0.3870847821235657, 0.36754024028778076]], "sfx.logattacktime.mean": [0.41946297883987427], "sfx.inharmonicity.mean": [0.2030394971370697]}