{"lowlevel.spectral_centroid.mean": [0.34780314564704895], "lowlevel.spectral_contrast.mean": [[0.8933833241462708, 0.8846224546432495, 0.9251784086227417, 0.7602568864822388, 0.5060222148895264, 0.31577491760253906]], "lowlevel.dissonance.mean": [-0.08621793985366821], "lowlevel.hfc.mean": [0.4663522243499756], "lowlevel.mfcc.mean": [[0.25823700428009033, 0.9046967029571533, 0.5124519467353821, -0.12671583890914917, -0.25565993785858154, -0.28845757246017456, -0.26750922203063965, -0.34686267375946045, -0.20755839347839355, 0.005373775959014893, 0.17862549424171448, 0.13404005765914917, 0.27354755997657776]], "sfx.logattacktime.mean": [0.815186619758606], "sfx.inharmonicity.mean": [0.8248069286346436]}