{"lowlevel.spectral_centroid.mean": [0.39924558997154236], "lowlevel.spectral_contrast.mean": [[0.2484806776046753, 0.3259568214416504, 0.34128499031066895, 0.3423750400543213, 0.3918130397796631, 0.40160036087036133]], "lowlevel.dissonance.mean": [0.6821260452270508], "lowlevel.hfc.mean": [0.4651612937450409], "lowlevel.mfcc.mean": [[0.5456945896148682, 0.5233311057090759, 0.5209445953369141, 0.5222283601760864, 0.598246157169342, 0.5403017997741699, 0.34467488527297974, 0.39136403799057007, 0.6061673760414124, 0.47354966402053833, 0.5412358045578003, 0.49667981266975403, 0.48445644974708557]], "sfx.logattacktime.mean": [0.7552832365036011], "sfx.inharmonicity.mean": [0.3910679221153259]}