{"lowlevel.spectral_centroid.mean": [0.3280390799045563], "lowlevel.spectral_contrast.mean": [[0.42583513259887695, 0.48503053188323975, 0.38135290145874023, 0.3932962417602539, 0.39166259765625, 0.40044665336608887]], "lowlevel.dissonance.mean": [0.6137627363204956], "lowlevel.hfc.mean": [0.4657221734523773], "lowlevel.mfcc.mean": [[0.6173348426818848, 0.7650654315948486, 0.5610161423683167, 0.592750072479248, 0.5985569953918457, 0.6222512125968933, 0.541231632232666, 0.4471016526222229, 0.4766586422920227, 0.4407902956008911, 0.46681392192840576, 0.3645406663417816, 0.5812562704086304]], "sfx.logattacktime.mean": [0.5460296869277954], "sfx.inharmonicity.mean": [0.2578519582748413]}