{"lowlevel.spectral_centroid.mean": [0.3507130444049835], "lowlevel.spectral_contrast.mean": [[0.6259384751319885, 0.9875112771987915, 0.7426028251647949, 0.6875271797180176, 0.6205511093139648, 0.959770679473877]], "lowlevel.dissonance.mean": [0.3111051321029663], "lowlevel.hfc.mean": [0.46623343229293823], "lowlevel.mfcc.mean": [[0.5952267646789551, 0.7720242738723755, 0.14784371852874756, 0.6066880226135254, 0.21882474422454834, -0.07000988721847534, 0.26369577646255493, -0.19240474700927734, 0.1553015410900116, 0.1433984637260437, 0.1538492739200592, 0.40220314264297485, 0.34051066637039185]], "sfx.logattacktime.mean": [0.602519690990448], "sfx.inharmonicity.mean": [0.669950008392334]}