{"lowlevel.spectral_centroid.mean": [0.3829543888568878], "lowlevel.spectral_contrast.mean": [[0.9740096926689148, 0.5715802907943726, 0.4042245149612427, 0.4369540214538574, 0.40470075607299805, 0.4108998775482178]], "lowlevel.dissonance.mean": [0.1540437936782837], "lowlevel.hfc.mean": [0.4749528169631958], "lowlevel.mfcc.mean": [[0.4020282030105591, 0.6142228841781616, 0.7123293876647949, 0.9196229577064514, 0.7893209457397461, 0.6150694489479065, 0.5060684680938721, 0.46674415469169617, 0.5975257158279419, 0.6471312642097473, 0.5391350388526917, 0.3737870752811432, 0.3668675422668457]], "sfx.logattacktime.mean": [0.7474083304405212], "sfx.inharmonicity.mean": [0.28485363721847534]}