{"lowlevel.spectral_centroid.mean": [0.592074990272522], "lowlevel.spectral_contrast.mean": [[0.46452653408050537, 0.3786536455154419, 0.5750734806060791, 1.0450838804244995, 1.115128755569458, 0.98824143409729]], "lowlevel.dissonance.mean": [0.7072492837905884], "lowlevel.hfc.mean": [0.4888041317462921], "lowlevel.mfcc.mean": [[0.7252129316329956, 0.362613707780838, 0.26858919858932495, 0.5063754320144653, 0.34523093700408936, 0.7782614231109619, 0.7373777627944946, 0.6579446196556091, -0.046503663063049316, 0.5027349591255188, 1.5350911617279053, 0.41570186614990234, 0.021954357624053955]], "sfx.logattacktime.mean": [0.40228772163391113], "sfx.inharmonicity.mean": [0.6802042722702026]}