{"lowlevel.spectral_centroid.mean": [0.3081198036670685], "lowlevel.spectral_contrast.mean": [[0.5423943996429443, 0.3244277238845825, 0.2193007469177246, 0.1684284210205078, 0.16781258583068848, 0.21861958503723145]], "lowlevel.dissonance.mean": [0.2093430757522583], "lowlevel.hfc.mean": [0.46531590819358826], "lowlevel.mfcc.mean": [[0.14774560928344727, 0.39290764927864075, 0.7665215730667114, 0.7945279479026794, 0.8808906078338623, 0.8277885913848877, 0.7970379590988159, 0.709057092666626, 0.6968050599098206, 0.5886058211326599, 0.5225563049316406, 0.4144161641597748, 0.362475723028183]], "sfx.logattacktime.mean": [0.15347781777381897], "sfx.inharmonicity.mean": [0.19514776766300201]}