{"lowlevel.spectral_centroid.mean": [0.3158808648586273], "lowlevel.spectral_contrast.mean": [[0.5082439184188843, 0.5433522462844849, 0.517906665802002, 0.3679380416870117, 0.24999237060546875, 0.260509729385376]], "lowlevel.dissonance.mean": [0.3769204616546631], "lowlevel.hfc.mean": [0.4670736789703369], "lowlevel.mfcc.mean": [[0.2877911329269409, 0.7327251434326172, 0.957628071308136, 0.6987625360488892, 0.6372422575950623, 0.5552162528038025, 0.5955398082733154, 0.5902632474899292, 0.591425359249115, 0.5532958507537842, 0.5903514623641968, 0.6184871196746826, 0.6172841787338257]], "sfx.logattacktime.mean": [0.2901550829410553], "sfx.inharmonicity.mean": [0.2352096140384674]}