{"lowlevel.spectral_centroid.mean": [0.34063881635665894], "lowlevel.spectral_contrast.mean": [[0.9167221784591675, 0.9594869613647461, 0.9447289705276489, 0.7155358791351318, 0.9237823486328125, 0.5156385898590088]], "lowlevel.dissonance.mean": [0.26391780376434326], "lowlevel.hfc.mean": [0.4877225160598755], "lowlevel.mfcc.mean": [[0.689921498298645, 0.9442142248153687, 0.5167638063430786, 0.34230130910873413, 0.8609487414360046, -0.13704490661621094, 0.01653236150741577, 0.5030255317687988, 0.1540730595588684, 0.49660971760749817, 0.20121771097183228, 0.11674901843070984, 0.09508401155471802]], "sfx.logattacktime.mean": [0.7675785422325134], "sfx.inharmonicity.mean": [0.3838525116443634]}