{"lowlevel.spectral_centroid.mean": [0.43620312213897705], "lowlevel.spectral_contrast.mean": [[0.19785618782043457, 0.8905508518218994, 0.9509404897689819, 0.9891979694366455, 0.9020521640777588, 0.5715739727020264]], "lowlevel.dissonance.mean": [0.5098320245742798], "lowlevel.hfc.mean": [0.47056707739830017], "lowlevel.mfcc.mean": [[0.48293745517730713, 0.3585110306739807, 0.18334656953811646, 0.48183467984199524, 0.37821346521377563, 0.13527294993400574, 0.274214506149292, 0.29865947365760803, 0.09860590100288391, 0.11350533366203308, 0.27825677394866943, 0.41851723194122314, 0.6523900032043457]], "sfx.logattacktime.mean": [0.5859871506690979], "sfx.inharmonicity.mean": [0.8151631355285645]}