{"lowlevel.spectral_centroid.mean": [0.30461791157722473], "lowlevel.spectral_contrast.mean": [[0.269400954246521, 0.39368653297424316, 0.38510286808013916, 0.29227137565612793, 0.2644519805908203, 0.26764774322509766]], "lowlevel.dissonance.mean": [0.14862596988677979], "lowlevel.hfc.mean": [0.4650934934616089], "lowlevel.mfcc.mean": [[0.2442241907119751, 0.6763961315155029, 1.007056474685669, 0.788758397102356, 0.6636435985565186, 0.5616081357002258, 0.5965550541877747, 0.5452467799186707, 0.5235717296600342, 0.46123141050338745, 0.4861755967140198, 0.4829314947128296, 0.5064370632171631]], "sfx.logattacktime.mean": [0.3810172975063324], "sfx.inharmonicity.mean": [0.25723034143447876]}