{"lowlevel.spectral_centroid.mean": [0.3686016798019409], "lowlevel.spectral_contrast.mean": [[0.9407846927642822, 1.1570570468902588, 0.6420007944107056, 0.6500904560089111, 0.9390163421630859, 0.2861447334289551]], "lowlevel.dissonance.mean": [0.5915311574935913], "lowlevel.hfc.mean": [0.4749988913536072], "lowlevel.mfcc.mean": [[0.6062833070755005, 0.8676110506057739, -0.09036418795585632, 0.09784075617790222, 0.5726817846298218, -0.265633225440979, -0.09524714946746826, -0.08013337850570679, -0.1457785964012146, 0.36356455087661743, 0.2234209179878235, -0.043350160121917725, 0.32245850563049316]], "sfx.logattacktime.mean": [0.6670459508895874], "sfx.inharmonicity.mean": [0.47878506779670715]}