{"lowlevel.spectral_centroid.mean": [0.31815579533576965], "lowlevel.spectral_contrast.mean": [[0.6988667845726013, 0.6714608669281006, 0.5924310684204102, 0.6673771142959595, 0.4916226863861084, 0.359447717666626]], "lowlevel.dissonance.mean": [0.28288042545318604], "lowlevel.hfc.mean": [0.46541455388069153], "lowlevel.mfcc.mean": [[0.4012235403060913, 0.931645393371582, 0.8818870186805725, 0.4337756037712097, 0.5078679919242859, 0.49056652188301086, 0.4928991198539734, 0.5103780031204224, 0.5542635917663574, 0.47105804085731506, 0.46398836374282837, 0.4277461767196655, 0.38379329442977905]], "sfx.logattacktime.mean": [0.38781097531318665], "sfx.inharmonicity.mean": [0.20819373428821564]}