{"lowlevel.spectral_centroid.mean": [0.44789010286331177], "lowlevel.spectral_contrast.mean": [[0.2526247501373291, 0.23121213912963867, 0.24689531326293945, 0.2583503723144531, 0.5207109451293945, 0.39806509017944336]], "lowlevel.dissonance.mean": [0.6341763734817505], "lowlevel.hfc.mean": [0.4715636670589447], "lowlevel.mfcc.mean": [[0.14255809783935547, 0.30719923973083496, 0.7339486479759216, 0.7096260786056519, 0.6948975324630737, 0.5722237825393677, 0.7883958220481873, 0.652916431427002, 0.49492213129997253, 0.684524416923523, 0.60193932056427, 0.2156246304512024, 0.7020931839942932]], "sfx.logattacktime.mean": [0.8258710503578186], "sfx.inharmonicity.mean": [0.4632430672645569]}