{"lowlevel.spectral_centroid.mean": [0.5432132482528687], "lowlevel.spectral_contrast.mean": [[0.5471374988555908, 0.27498888969421387, 1.2507041692733765, 1.2009494304656982, 1.1917262077331543, 1.0963597297668457]], "lowlevel.dissonance.mean": [0.5325379371643066], "lowlevel.hfc.mean": [0.4918768107891083], "lowlevel.mfcc.mean": [[0.5263699293136597, 0.07263828814029694, 0.34256231784820557, 0.5655925273895264, 0.19010743498802185, 0.6398345232009888, 0.8539242148399353, 0.8924447298049927, 0.9595191478729248, 0.3103984296321869, 0.02215227484703064, -0.08405470848083496, 1.3774690628051758]], "sfx.logattacktime.mean": [0.5855861306190491], "sfx.inharmonicity.mean": [0.3171688914299011]}