{"lowlevel.spectral_centroid.mean": [0.5808076858520508], "lowlevel.spectral_contrast.mean": [[0.35288381576538086, 0.17777574062347412, 0.1938612461090088, 1.0670897960662842, 0.6859235763549805, 0.42568492889404297]], "lowlevel.dissonance.mean": [0.686686635017395], "lowlevel.hfc.mean": [0.49168550968170166], "lowlevel.mfcc.mean": [[0.12451159954071045, 0.11664296686649323, 0.3964129388332367, 0.39203521609306335, 0.6102114319801331, 0.6215928792953491, 0.5084936022758484, 0.1455433964729309, 0.5389654040336609, 1.127516746520996, 0.45452091097831726, -0.03472810983657837, 0.7410204410552979]], "sfx.logattacktime.mean": [0.40421223640441895], "sfx.inharmonicity.mean": [0.6162651181221008]}