{"lowlevel.spectral_centroid.mean": [0.3042837083339691], "lowlevel.spectral_contrast.mean": [[0.6091192960739136, 0.5279245376586914, 0.314877986907959, 0.15709614753723145, 0.14104604721069336, 0.1900331974029541]], "lowlevel.dissonance.mean": [0.2580009698867798], "lowlevel.hfc.mean": [0.46620073914527893], "lowlevel.mfcc.mean": [[0.19022107124328613, 0.5558876395225525, 0.9686146974563599, 0.925246000289917, 0.8889544010162354, 0.7254469990730286, 0.6694903373718262, 0.6070055365562439, 0.6418963074684143, 0.6313097476959229, 0.6537165641784668, 0.6183045506477356, 0.6142371296882629]], "sfx.logattacktime.mean": [0.31106171011924744], "sfx.inharmonicity.mean": [0.19645731151103973]}