{"lowlevel.spectral_centroid.mean": [0.309425950050354], "lowlevel.spectral_contrast.mean": [[0.7023902535438538, 0.45127809047698975, 0.655760645866394, 0.3432753086090088, 0.2801527976989746, 0.3353850841522217]], "lowlevel.dissonance.mean": [0.47269439697265625], "lowlevel.hfc.mean": [0.4678354263305664], "lowlevel.mfcc.mean": [[0.4217529296875, 0.9660794734954834, 1.0239412784576416, 0.7360026836395264, 0.5510880351066589, 0.5746036767959595, 0.60181725025177, 0.6894517540931702, 0.7186270952224731, 0.6787412166595459, 0.44703659415245056, 0.32873982191085815, 0.3148655891418457]], "sfx.logattacktime.mean": [0.7976807355880737], "sfx.inharmonicity.mean": [0.37791770696640015]}