{"lowlevel.spectral_centroid.mean": [0.3908652663230896], "lowlevel.spectral_contrast.mean": [[0.6412050127983093, 0.38509130477905273, 0.4386942386627197, 0.42421579360961914, 0.4479200839996338, 0.5034103393554688]], "lowlevel.dissonance.mean": [0.6658220291137695], "lowlevel.hfc.mean": [0.47614461183547974], "lowlevel.mfcc.mean": [[0.8393508195877075, 0.507012665271759, 0.653793215751648, 0.7226681113243103, 0.5864052772521973, 0.6422584056854248, 0.6849704384803772, 0.686353325843811, 0.6255536079406738, 0.6125099658966064, 0.64177006483078, 0.6316664218902588, 0.5460776090621948]], "sfx.logattacktime.mean": [0.8846421241760254], "sfx.inharmonicity.mean": [0.7230710983276367]}