{"lowlevel.spectral_centroid.mean": [0.5087884664535522], "lowlevel.spectral_contrast.mean": [[0.43030989170074463, 0.42185723781585693, 0.5321893692016602, 0.5150291919708252, 0.3181002140045166, 0.27969813346862793]], "lowlevel.dissonance.mean": [0.261141300201416], "lowlevel.hfc.mean": [0.46514397859573364], "lowlevel.mfcc.mean": [[0.17351388931274414, 0.34240373969078064, 0.40489596128463745, 0.17379780113697052, 0.25363460183143616, 0.248290553689003, 0.29507672786712646, 0.3504529595375061, 0.3577498197555542, 0.24750427901744843, 0.2522828280925751, 0.3176943063735962, 0.5237616300582886]], "sfx.logattacktime.mean": [0.5639122128486633], "sfx.inharmonicity.mean": [0.8768436908721924]}