{"lowlevel.spectral_centroid.mean": [0.3500705063343048], "lowlevel.spectral_contrast.mean": [[0.7436634302139282, 0.9708757400512695, 0.5625220537185669, 0.5941729545593262, 0.6071658134460449, 0.6520824432373047]], "lowlevel.dissonance.mean": [0.5474836826324463], "lowlevel.hfc.mean": [0.5366699695587158], "lowlevel.mfcc.mean": [[1.0816950798034668, 0.7416810989379883, 0.49365851283073425, 0.7300060987472534, 0.5570405721664429, 0.5568968057632446, 0.3517642021179199, 0.3516272306442261, 0.3295442759990692, 0.41043928265571594, 0.4350224435329437, 0.49727827310562134, 0.48728570342063904]], "sfx.logattacktime.mean": [0.453975647687912], "sfx.inharmonicity.mean": [0.36062389612197876]}