{"lowlevel.spectral_centroid.mean": [0.4815443158149719], "lowlevel.spectral_contrast.mean": [[0.32471954822540283, 0.5998828411102295, 0.8238070011138916, 0.8373762369155884, 0.7676563262939453, 0.29299187660217285]], "lowlevel.dissonance.mean": [0.6645026206970215], "lowlevel.hfc.mean": [0.4719133675098419], "lowlevel.mfcc.mean": [[0.37163496017456055, 0.43624401092529297, -0.218712717294693, -0.23199737071990967, 0.6421160101890564, 0.5006979703903198, 0.485268235206604, 0.47029435634613037, 0.5088962316513062, 0.7586190104484558, 0.2251511514186859, -0.12025618553161621, 0.6914070844650269]], "sfx.logattacktime.mean": [0.22575724124908447], "sfx.inharmonicity.mean": [0.7570562362670898]}