{"lowlevel.spectral_centroid.mean": [0.46682801842689514], "lowlevel.spectral_contrast.mean": [[0.5218030214309692, 0.46957600116729736, 0.7271691560745239, 0.8779785633087158, 0.7587800025939941, 0.5571269989013672]], "lowlevel.dissonance.mean": [0.5590559244155884], "lowlevel.hfc.mean": [0.5086901187896729], "lowlevel.mfcc.mean": [[0.34188079833984375, 0.23636499047279358, 0.25345921516418457, 0.40565139055252075, 0.5451349020004272, 0.6700038313865662, 0.7122936844825745, 0.5880563855171204, 0.950649619102478, 1.5172923803329468, 1.2211580276489258, 0.7090275883674622, 0.44115692377090454]], "sfx.logattacktime.mean": [0.5353262424468994], "sfx.inharmonicity.mean": [1.0948264598846436]}