{"lowlevel.spectral_centroid.mean": [0.5584973096847534], "lowlevel.spectral_contrast.mean": [[0.5028393268585205, 0.31924688816070557, 0.5017112493515015, 1.4716253280639648, 1.0903264284133911, 1.0509564876556396]], "lowlevel.dissonance.mean": [0.675482988357544], "lowlevel.hfc.mean": [0.5041844844818115], "lowlevel.mfcc.mean": [[0.7023062705993652, 0.2968137860298157, 0.2739725708961487, 0.32822999358177185, 0.47430548071861267, 0.6862626671791077, 0.6104958057403564, 0.4348496198654175, 0.3101499676704407, 1.0125536918640137, 0.974950909614563, -0.3999806046485901, 0.8066982626914978]], "sfx.logattacktime.mean": [0.46795621514320374], "sfx.inharmonicity.mean": [0.704886794090271]}