{"lowlevel.spectral_centroid.mean": [0.3696480989456177], "lowlevel.spectral_contrast.mean": [[0.6725670099258423, 0.5810424089431763, 0.6189550161361694, 0.6006605625152588, 0.32422327995300293, 0.6581497192382812]], "lowlevel.dissonance.mean": [0.01567220687866211], "lowlevel.hfc.mean": [0.4722861051559448], "lowlevel.mfcc.mean": [[0.5301002264022827, 0.959140419960022, 0.7096495032310486, 0.48045212030410767, 0.39114710688591003, 0.5536218285560608, 0.44583821296691895, 0.41638892889022827, 0.34282854199409485, 0.41898322105407715, 0.5301579236984253, 0.3411971926689148, 0.4413652718067169]], "sfx.logattacktime.mean": [0.608217716217041], "sfx.inharmonicity.mean": [0.33658745884895325]}