{"lowlevel.spectral_centroid.mean": [0.33009272813796997], "lowlevel.spectral_contrast.mean": [[0.803226113319397, 0.43016672134399414, 0.35092806816101074, 0.25340747833251953, 0.16825509071350098, 0.19506382942199707]], "lowlevel.dissonance.mean": [-0.3220204710960388], "lowlevel.hfc.mean": [0.4683205187320709], "lowlevel.mfcc.mean": [[0.19427776336669922, 0.5389292240142822, 0.8721960186958313, 0.7688707709312439, 0.7991167902946472, 0.7117604613304138, 0.6337752938270569, 0.4694201648235321, 0.4002186357975006, 0.3003385066986084, 0.2541882395744324, 0.19714373350143433, 0.29376912117004395]], "sfx.logattacktime.mean": [0.243035227060318], "sfx.inharmonicity.mean": [0.3493291735649109]}