{"lowlevel.spectral_centroid.mean": [0.3467017412185669], "lowlevel.spectral_contrast.mean": [[0.7857493758201599, 0.9029744863510132, 0.50295090675354, 0.3517882823944092, 0.1663506031036377, 0.19662094116210938]], "lowlevel.dissonance.mean": [-0.11090725660324097], "lowlevel.hfc.mean": [0.4684103727340698], "lowlevel.mfcc.mean": [[0.20690643787384033, 0.5580077767372131, 0.8438043594360352, 0.6653965711593628, 0.6838445067405701, 0.7000516653060913, 0.7970550060272217, 0.7596890926361084, 0.7496869564056396, 0.6891930103302002, 0.6454920768737793, 0.5995619893074036, 0.6774545311927795]], "sfx.logattacktime.mean": [0.2378709614276886], "sfx.inharmonicity.mean": [0.19217996299266815]}