{"lowlevel.spectral_centroid.mean": [0.39753565192222595], "lowlevel.spectral_contrast.mean": [[0.8068340420722961, 1.0577356815338135, 0.8102606534957886, 0.637610912322998, 0.6276023387908936, 1.198185682296753]], "lowlevel.dissonance.mean": [0.4920421838760376], "lowlevel.hfc.mean": [0.5314286351203918], "lowlevel.mfcc.mean": [[0.9186325073242188, 0.8629179000854492, 0.171431303024292, 1.018059492111206, 0.20673856139183044, 0.2687813639640808, 0.22620636224746704, 0.12452313303947449, 0.4370729625225067, 0.46762657165527344, 0.3271467089653015, 0.38110679388046265, 0.1607782244682312]], "sfx.logattacktime.mean": [0.4466606080532074], "sfx.inharmonicity.mean": [0.6073452234268188]}