{"lowlevel.spectral_centroid.mean": [0.44893506169319153], "lowlevel.spectral_contrast.mean": [[0.11335337162017822, 0.551494836807251, 0.8849103450775146, 0.2182178497314453, 0.22927021980285645, 0.26781392097473145]], "lowlevel.dissonance.mean": [0.5700064897537231], "lowlevel.hfc.mean": [0.46741411089897156], "lowlevel.mfcc.mean": [[0.18635261058807373, 0.4574398398399353, 0.5058455467224121, -0.18519490957260132, -0.4197121858596802, -0.06792575120925903, 0.7891902923583984, 1.3440923690795898, 1.2383078336715698, 0.5635374784469604, 0.03483942151069641, 0.009870082139968872, 0.4701611399650574]], "sfx.logattacktime.mean": [0.2823190987110138], "sfx.inharmonicity.mean": [0.4142976403236389]}