{"lowlevel.spectral_centroid.mean": [0.3850801885128021], "lowlevel.spectral_contrast.mean": [[0.19792985916137695, 1.1613545417785645, 1.1168230772018433, 1.072109341621399, 0.8677680492401123, 0.6251356601715088]], "lowlevel.dissonance.mean": [0.306674599647522], "lowlevel.hfc.mean": [0.47787123918533325], "lowlevel.mfcc.mean": [[0.5340689420700073, 0.39344292879104614, 0.18411177396774292, 0.3827457129955292, 0.27129220962524414, 0.09166035056114197, 0.11166331171989441, 0.1415213644504547, 0.14819633960723877, 0.2555692195892334, 0.28502798080444336, 0.6728823184967041, 0.879497230052948]], "sfx.logattacktime.mean": [0.542779803276062], "sfx.inharmonicity.mean": [0.3508899211883545]}