{"lowlevel.spectral_centroid.mean": [0.3642333745956421], "lowlevel.spectral_contrast.mean": [[0.35520172119140625, 0.42601919174194336, 0.6286044120788574, 0.8005530834197998, 0.6440489292144775, 0.30627870559692383]], "lowlevel.dissonance.mean": [0.5382575988769531], "lowlevel.hfc.mean": [0.4700770378112793], "lowlevel.mfcc.mean": [[0.17180359363555908, 0.6364213228225708, 0.4197160303592682, 0.4398075044155121, 0.7389994859695435, 0.5225539803504944, 0.2317214012145996, 0.32458585500717163, 0.5569460988044739, 0.6788100004196167, 0.5282164812088013, 0.38637369871139526, 0.3937787711620331]], "sfx.logattacktime.mean": [0.2664954662322998], "sfx.inharmonicity.mean": [1.0626100301742554]}