{"lowlevel.spectral_centroid.mean": [0.4308537542819977], "lowlevel.spectral_contrast.mean": [[0.22353506088256836, 1.067659854888916, 1.3966095447540283, 0.7692854404449463, 0.3319106101989746, 0.385282039642334]], "lowlevel.dissonance.mean": [0.02923429012298584], "lowlevel.hfc.mean": [0.48467981815338135], "lowlevel.mfcc.mean": [[0.6314358711242676, 0.41820523142814636, 0.4134345054626465, -0.3531498312950134, -0.31712400913238525, 0.23655609786510468, 0.5665668249130249, 0.4775552749633789, 0.10259845852851868, -0.06054455041885376, -0.037422895431518555, 0.1762286126613617, 0.4444485604763031]], "sfx.logattacktime.mean": [0.21758237481117249], "sfx.inharmonicity.mean": [0.6537831425666809]}