{"lowlevel.spectral_centroid.mean": [0.5525140762329102], "lowlevel.spectral_contrast.mean": [[0.5102825164794922, 0.3012038469314575, 0.37908267974853516, 0.3963742256164551, 0.3719806671142578, 0.4067816734313965]], "lowlevel.dissonance.mean": [0.6946734189987183], "lowlevel.hfc.mean": [0.4663040041923523], "lowlevel.mfcc.mean": [[0.5054473876953125, 0.436349481344223, 0.49909451603889465, 0.6038540601730347, 0.6234607696533203, 0.7553697824478149, 0.748753011226654, 0.6583567261695862, 0.6555678844451904, 0.571179986000061, 0.7332950234413147, 0.5696601271629333, 0.5921227335929871]], "sfx.logattacktime.mean": [0.6778237819671631], "sfx.inharmonicity.mean": [0.511608362197876]}