{"lowlevel.spectral_centroid.mean": [0.4777410626411438], "lowlevel.spectral_contrast.mean": [[0.23816275596618652, 0.2608046531677246, 0.6766389608383179, 1.1098852157592773, 0.27877092361450195, 0.33881092071533203]], "lowlevel.dissonance.mean": [0.3539947271347046], "lowlevel.hfc.mean": [0.4816100597381592], "lowlevel.mfcc.mean": [[0.3990938663482666, 0.4361516237258911, 0.3898184597492218, 0.11952942609786987, 0.5736322999000549, 0.9027228355407715, 0.7083395719528198, 0.34139227867126465, 0.41056162118911743, 0.5763625502586365, 0.36561423540115356, 0.025779247283935547, 0.2186894416809082]], "sfx.logattacktime.mean": [0.5344433188438416], "sfx.inharmonicity.mean": [0.5996407270431519]}