{"lowlevel.spectral_centroid.mean": [0.33255189657211304], "lowlevel.spectral_contrast.mean": [[0.7796694040298462, 0.5880213975906372, 0.4915398359298706, 0.5281801223754883, 0.6120345592498779, 0.4444751739501953]], "lowlevel.dissonance.mean": [0.4447288513183594], "lowlevel.hfc.mean": [0.46926915645599365], "lowlevel.mfcc.mean": [[0.5259191989898682, 0.901263952255249, 0.44977858662605286, 0.4522920250892639, 0.4878526031970978, 0.15272566676139832, 0.36765050888061523, 0.20228025317192078, 0.04398199915885925, 0.22810041904449463, 0.20120206475257874, -0.060218751430511475, 0.2622224688529968]], "sfx.logattacktime.mean": [0.6279680132865906], "sfx.inharmonicity.mean": [0.3074690103530884]}