{"lowlevel.spectral_centroid.mean": [0.5341806411743164], "lowlevel.spectral_contrast.mean": [[0.6738109588623047, 0.4447612762451172, 0.5875402688980103, 0.49832582473754883, 0.38736581802368164, 0.32552385330200195]], "lowlevel.dissonance.mean": [0.3706315755844116], "lowlevel.hfc.mean": [0.4651619791984558], "lowlevel.mfcc.mean": [[0.26141929626464844, 0.5268691182136536, 0.467504620552063, 0.24547351896762848, 0.38314011693000793, 0.26236242055892944, 0.2374088168144226, 0.12807676196098328, 0.17231905460357666, 0.1697680652141571, 0.11683782935142517, 0.12893915176391602, 0.19079512357711792]], "sfx.logattacktime.mean": [0.5542903542518616], "sfx.inharmonicity.mean": [0.5899174809455872]}