{"lowlevel.spectral_centroid.mean": [0.474037230014801], "lowlevel.spectral_contrast.mean": [[0.4246605634689331, 0.31843721866607666, 0.4692065715789795, 1.6652748584747314, 1.399129867553711, 1.080169439315796]], "lowlevel.dissonance.mean": [0.48029863834381104], "lowlevel.hfc.mean": [0.5105606317520142], "lowlevel.mfcc.mean": [[0.6331385374069214, 0.24079635739326477, 0.25703269243240356, 0.3039734959602356, 0.31057512760162354, 0.7176351547241211, 0.83775395154953, 1.175257921218872, -0.10779070854187012, -0.4319700002670288, 0.5543765425682068, 1.9166725873947144, 1.6598182916641235]], "sfx.logattacktime.mean": [0.5348513722419739], "sfx.inharmonicity.mean": [0.5342568755149841]}