{"lowlevel.spectral_centroid.mean": [0.3287474811077118], "lowlevel.spectral_contrast.mean": [[1.092409610748291, 1.200210690498352, 1.0389021635055542, 0.936802864074707, 1.069766640663147, 0.6830990314483643]], "lowlevel.dissonance.mean": [0.24980854988098145], "lowlevel.hfc.mean": [0.48484697937965393], "lowlevel.mfcc.mean": [[0.762305736541748, 1.0591356754302979, 0.26194143295288086, 0.4909757971763611, 0.5553572773933411, 0.33213120698928833, 0.16021811962127686, 0.5263404846191406, 0.20526814460754395, -0.2688509225845337, 0.07501465082168579, 0.02114620804786682, -0.10036611557006836]], "sfx.logattacktime.mean": [0.5804452896118164], "sfx.inharmonicity.mean": [0.8803694248199463]}