{"lowlevel.spectral_centroid.mean": [0.3085184693336487], "lowlevel.spectral_contrast.mean": [[0.6559509038925171, 0.6449735164642334, 0.7839702367782593, 0.5754058361053467, 0.32741785049438477, 0.18880581855773926]], "lowlevel.dissonance.mean": [0.17868459224700928], "lowlevel.hfc.mean": [0.4719480872154236], "lowlevel.mfcc.mean": [[0.4220311641693115, 1.372796654701233, 0.9900803565979004, 0.3620958924293518, 0.5509871244430542, 0.6627057790756226, 0.6454715132713318, 0.5234326124191284, 0.5062738656997681, 0.45875298976898193, 0.5065821409225464, 0.6321218609809875, 0.7376229763031006]], "sfx.logattacktime.mean": [0.4249575138092041], "sfx.inharmonicity.mean": [0.6173681020736694]}