{"lowlevel.spectral_centroid.mean": [0.4205385446548462], "lowlevel.spectral_contrast.mean": [[0.7186732292175293, 1.0340172052383423, 0.8886955976486206, 0.9408503770828247, 0.9027609825134277, 1.2993800640106201]], "lowlevel.dissonance.mean": [0.62811279296875], "lowlevel.hfc.mean": [0.6597290635108948], "lowlevel.mfcc.mean": [[1.1517918109893799, 0.682479977607727, 0.08455953001976013, 0.7723938226699829, 0.18662512302398682, 0.6704391241073608, -0.015089333057403564, 0.180167555809021, 0.54517662525177, 0.17338061332702637, 0.4052446186542511, 0.41270071268081665, 0.37132295966148376]], "sfx.logattacktime.mean": [0.7252997159957886], "sfx.inharmonicity.mean": [0.6270262002944946]}