{"lowlevel.spectral_centroid.mean": [0.3777610659599304], "lowlevel.spectral_contrast.mean": [[0.8327125906944275, 0.31152868270874023, 0.27217745780944824, 0.2892262935638428, 0.3256697654724121, 0.3915281295776367]], "lowlevel.dissonance.mean": [0.5392011404037476], "lowlevel.hfc.mean": [0.4694855511188507], "lowlevel.mfcc.mean": [[0.5257189273834229, 0.2985929548740387, 0.9503560066223145, 1.0709794759750366, 1.1081191301345825, 1.0292044878005981, 0.8506132960319519, 0.7224201560020447, 0.5177903771400452, 0.3947211503982544, 0.2525288760662079, 0.18100598454475403, 0.0885341465473175]], "sfx.logattacktime.mean": [0.24326097965240479], "sfx.inharmonicity.mean": [0.2646643817424774]}