{"lowlevel.spectral_centroid.mean": [0.43392208218574524], "lowlevel.spectral_contrast.mean": [[0.31276702880859375, 0.3183077573776245, 0.3944985866546631, 0.3754415512084961, 0.41634249687194824, 1.1238512992858887]], "lowlevel.dissonance.mean": [0.7067464590072632], "lowlevel.hfc.mean": [0.4657953083515167], "lowlevel.mfcc.mean": [[0.6611133813858032, 0.628072202205658, 0.2098694145679474, 0.8888534307479858, 0.1524503231048584, 0.7877910733222961, 0.31381845474243164, 0.5473971962928772, 0.3609231114387512, 0.2425747662782669, 0.39968007802963257, 0.2100180685520172, 0.613501787185669]], "sfx.logattacktime.mean": [0.281904399394989], "sfx.inharmonicity.mean": [1.1525315046310425]}