{"lowlevel.spectral_centroid.mean": [0.4840049147605896], "lowlevel.spectral_contrast.mean": [[0.49585723876953125, 0.8025871515274048, 0.41456687450408936, 0.6897001266479492, 0.7156534194946289, 0.4557056427001953]], "lowlevel.dissonance.mean": [0.4718663692474365], "lowlevel.hfc.mean": [0.48824530839920044], "lowlevel.mfcc.mean": [[0.6787756681442261, 0.6143389940261841, 0.3573437035083771, 0.30467817187309265, 0.31461384892463684, 0.1378622055053711, 0.3505406379699707, 0.121705561876297, 0.07383060455322266, 0.41413700580596924, 0.8926551342010498, 0.43076086044311523, 0.6478829383850098]], "sfx.logattacktime.mean": [0.378937691450119], "sfx.inharmonicity.mean": [0.38731473684310913]}