{"lowlevel.spectral_centroid.mean": [0.43676814436912537], "lowlevel.spectral_contrast.mean": [[0.2509193420410156, 0.48419129848480225, 0.7303297519683838, 0.6672950983047485, 0.7001476287841797, 0.5100705623626709]], "lowlevel.dissonance.mean": [0.5211225748062134], "lowlevel.hfc.mean": [0.46673256158828735], "lowlevel.mfcc.mean": [[0.5712460279464722, 0.6618434190750122, 0.16322457790374756, 0.44392821192741394, 0.404350221157074, 0.4143604338169098, 0.510740339756012, 0.6728997826576233, 0.678483247756958, 0.5231781005859375, 0.45237821340560913, 0.49907734990119934, 0.4474111795425415]], "sfx.logattacktime.mean": [0.9222133755683899], "sfx.inharmonicity.mean": [0.8580629825592041]}