{"lowlevel.spectral_centroid.mean": [0.3094666600227356], "lowlevel.spectral_contrast.mean": [[0.6473761796951294, 0.7066820859909058, 0.3238065242767334, 0.2187497615814209, 0.19104576110839844, 0.23296856880187988]], "lowlevel.dissonance.mean": [-0.2260844111442566], "lowlevel.hfc.mean": [0.4654850661754608], "lowlevel.mfcc.mean": [[0.18457698822021484, 0.46811017394065857, 0.7991949319839478, 0.7401105165481567, 0.7467759251594543, 0.6507854461669922, 0.5820639133453369, 0.4745650887489319, 0.49571555852890015, 0.44834765791893005, 0.48805156350135803, 0.47387948632240295, 0.48907557129859924]], "sfx.logattacktime.mean": [0.3066321909427643], "sfx.inharmonicity.mean": [0.18803991377353668]}