{"lowlevel.spectral_centroid.mean": [0.3407254219055176], "lowlevel.spectral_contrast.mean": [[0.4420032501220703, 0.6768350601196289, 0.5898454189300537, 0.6771359443664551, 0.4149312973022461, 0.32060718536376953]], "lowlevel.dissonance.mean": [-0.034894466400146484], "lowlevel.hfc.mean": [0.46624624729156494], "lowlevel.mfcc.mean": [[0.2897675037384033, 0.6808028221130371, 0.7284924983978271, 0.3300771415233612, 0.347343385219574, 0.40223225951194763, 0.48432883620262146, 0.40231987833976746, 0.3398987650871277, 0.3566594123840332, 0.6107851266860962, 0.7179481983184814, 0.5313484072685242]], "sfx.logattacktime.mean": [0.6443813443183899], "sfx.inharmonicity.mean": [0.30042728781700134]}