{"lowlevel.spectral_centroid.mean": [0.3189048767089844], "lowlevel.spectral_contrast.mean": [[0.6363924741744995, 0.6828327178955078, 0.6038540601730347, 0.6195778846740723, 0.48372650146484375, 0.36539793014526367]], "lowlevel.dissonance.mean": [0.1740872859954834], "lowlevel.hfc.mean": [0.46547335386276245], "lowlevel.mfcc.mean": [[0.40893590450286865, 0.9426193237304688, 0.8800075054168701, 0.4337475001811981, 0.48596590757369995, 0.4388296604156494, 0.47073057293891907, 0.5258476138114929, 0.5587936639785767, 0.4542958438396454, 0.43866410851478577, 0.40604060888290405, 0.39174532890319824]], "sfx.logattacktime.mean": [0.3884522318840027], "sfx.inharmonicity.mean": [0.2645920515060425]}