{"lowlevel.spectral_centroid.mean": [0.40281498432159424], "lowlevel.spectral_contrast.mean": [[0.36973071098327637, 0.3624110221862793, 0.44065189361572266, 0.4251978397369385, 0.4835078716278076, 0.6136882305145264]], "lowlevel.dissonance.mean": [0.7122794389724731], "lowlevel.hfc.mean": [0.4662311375141144], "lowlevel.mfcc.mean": [[0.6967533826828003, 0.557246744632721, 0.31413865089416504, 0.4965886175632477, 0.585985541343689, 0.8933819532394409, 0.5130786895751953, 0.668950080871582, 0.6080209016799927, 0.2635039985179901, 0.5095434784889221, 0.2698827385902405, 0.7471605539321899]], "sfx.logattacktime.mean": [0.6339560747146606], "sfx.inharmonicity.mean": [0.4907567799091339]}