{"lowlevel.spectral_centroid.mean": [0.3702825903892517], "lowlevel.spectral_contrast.mean": [[0.6295703649520874, 0.7341305017471313, 0.7344732284545898, 0.6390769481658936, 0.509692907333374, 0.37877464294433594]], "lowlevel.dissonance.mean": [0.16899394989013672], "lowlevel.hfc.mean": [0.46509331464767456], "lowlevel.mfcc.mean": [[0.2689744234085083, 0.5257984399795532, 0.4165947139263153, 0.16369283199310303, 0.2789286971092224, 0.09872636198997498, 0.13646718859672546, 0.23812739551067352, 0.4234115183353424, 0.3959594964981079, 0.18422916531562805, 0.10222595930099487, 0.2673335671424866]], "sfx.logattacktime.mean": [0.6094518303871155], "sfx.inharmonicity.mean": [0.5516002178192139]}