{"lowlevel.spectral_centroid.mean": [0.32045283913612366], "lowlevel.spectral_contrast.mean": [[0.47898197174072266, 0.4922887086868286, 0.5882012844085693, 0.39289116859436035, 0.37835025787353516, 0.4374353885650635]], "lowlevel.dissonance.mean": [0.3435729742050171], "lowlevel.hfc.mean": [0.46765169501304626], "lowlevel.mfcc.mean": [[0.35083329677581787, 1.0581105947494507, 0.6841513514518738, 0.4401099681854248, 0.550605058670044, 0.4925824701786041, 0.5290840268135071, 0.5688271522521973, 0.5145952105522156, 0.47077393531799316, 0.45691564679145813, 0.552242636680603, 0.7512226700782776]], "sfx.logattacktime.mean": [0.30586886405944824], "sfx.inharmonicity.mean": [0.8523900508880615]}