{"lowlevel.spectral_centroid.mean": [0.4066635072231293], "lowlevel.spectral_contrast.mean": [[0.342936635017395, 0.37799155712127686, 1.2034008502960205, 0.6246860027313232, 0.5711495876312256, 0.36316895484924316]], "lowlevel.dissonance.mean": [0.07635712623596191], "lowlevel.hfc.mean": [0.4882870614528656], "lowlevel.mfcc.mean": [[0.3191426992416382, 0.5285904407501221, 0.46605947613716125, 0.34943467378616333, 0.5187315940856934, 0.42969363927841187, 0.8016297221183777, 1.1452029943466187, 1.0101046562194824, 0.41927164793014526, -0.25633662939071655, -0.2972254753112793, -0.02734839916229248]], "sfx.logattacktime.mean": [0.30465275049209595], "sfx.inharmonicity.mean": [0.24090814590454102]}