{"lowlevel.spectral_centroid.mean": [0.4323819577693939], "lowlevel.spectral_contrast.mean": [[0.20439720153808594, 0.9781923294067383, 1.2522683143615723, 1.0237171649932861, 1.1015466451644897, 0.8067760467529297]], "lowlevel.dissonance.mean": [0.36601781845092773], "lowlevel.hfc.mean": [0.48552775382995605], "lowlevel.mfcc.mean": [[0.5491787195205688, 0.23188811540603638, 0.1753891110420227, 0.44700387120246887, 0.02982434630393982, 0.17219650745391846, 0.4045545756816864, 0.34604305028915405, 0.5326269268989563, 0.4235275685787201, 0.35821086168289185, 0.637079656124115, 1.3859102725982666]], "sfx.logattacktime.mean": [0.6200305819511414], "sfx.inharmonicity.mean": [0.43525880575180054]}