{"lowlevel.spectral_centroid.mean": [0.30793753266334534], "lowlevel.spectral_contrast.mean": [[0.8535030484199524, 0.6243554353713989, 0.5536500215530396, 0.5764260292053223, 0.3271811008453369, 0.3692958354949951]], "lowlevel.dissonance.mean": [0.3942747116088867], "lowlevel.hfc.mean": [0.4723164737224579], "lowlevel.mfcc.mean": [[0.5878866910934448, 1.0404170751571655, 0.9791855812072754, 0.552598237991333, 0.4087226688861847, 0.6613630056381226, 0.6778555512428284, 0.5640918016433716, 0.5682065486907959, 0.5819242000579834, 0.7457405924797058, 0.6238988637924194, 0.6055700778961182]], "sfx.logattacktime.mean": [0.6563356518745422], "sfx.inharmonicity.mean": [0.21611030399799347]}