{"lowlevel.spectral_centroid.mean": [0.45221418142318726], "lowlevel.spectral_contrast.mean": [[0.417507529258728, 0.5974575281143188, 0.9341241121292114, 0.9773330688476562, 0.9140963554382324, 0.6324474811553955]], "lowlevel.dissonance.mean": [0.4950094223022461], "lowlevel.hfc.mean": [0.48132336139678955], "lowlevel.mfcc.mean": [[0.5884164571762085, 0.5175965428352356, 0.063498854637146, 0.42059603333473206, 0.2847077250480652, 0.23479783535003662, 0.5143148303031921, 0.22583714127540588, 0.3575702905654907, 0.15731000900268555, 0.016737937927246094, 0.4542261064052582, 1.0127384662628174]], "sfx.logattacktime.mean": [0.5063960552215576], "sfx.inharmonicity.mean": [0.4084889888763428]}