{"lowlevel.spectral_centroid.mean": [0.6922707557678223], "lowlevel.spectral_contrast.mean": [[0.36367177963256836, 0.35369598865509033, 0.3658270835876465, 0.8499722480773926, 0.9381780624389648, 0.7980508804321289]], "lowlevel.dissonance.mean": [0.6910927295684814], "lowlevel.hfc.mean": [0.47464385628700256], "lowlevel.mfcc.mean": [[0.37771427631378174, 0.224476158618927, 0.5213945508003235, 0.4834311008453369, 0.5943437218666077, 0.6288352012634277, 0.8995766043663025, 0.06790119409561157, 0.18109428882598877, 1.032909631729126, 1.4944424629211426, -0.12719333171844482, 0.6761816740036011]], "sfx.logattacktime.mean": [0.5379969477653503], "sfx.inharmonicity.mean": [0.6278930902481079]}