{"lowlevel.spectral_centroid.mean": [0.4902503490447998], "lowlevel.spectral_contrast.mean": [[0.1399517059326172, 1.267479658126831, 0.6809124946594238, 0.7863948345184326, 0.7866785526275635, 0.6243636608123779]], "lowlevel.dissonance.mean": [-0.03245425224304199], "lowlevel.hfc.mean": [0.4694642424583435], "lowlevel.mfcc.mean": [[0.2831662893295288, 0.2967754602432251, 0.31175804138183594, 0.5009644627571106, 0.3155432641506195, 0.10685223340988159, -0.09257626533508301, -0.19457560777664185, -0.06720823049545288, 0.07604503631591797, 0.22559568285942078, 0.5234169363975525, 1.0392048358917236]], "sfx.logattacktime.mean": [0.38508570194244385], "sfx.inharmonicity.mean": [0.3858148753643036]}