{"lowlevel.spectral_centroid.mean": [0.3528063893318176], "lowlevel.spectral_contrast.mean": [[1.0188324451446533, 1.0592384338378906, 0.9391161203384399, 0.952705979347229, 0.8351938724517822, 0.5628786087036133]], "lowlevel.dissonance.mean": [0.30765438079833984], "lowlevel.hfc.mean": [0.4861842393875122], "lowlevel.mfcc.mean": [[0.725090503692627, 0.7532870769500732, 0.08407115936279297, 0.3599373698234558, 0.15939465165138245, 0.034719318151474, 0.23925691843032837, 0.20029175281524658, 0.3873794376850128, 0.11723852157592773, 0.16328945755958557, 0.5106570720672607, 0.28173086047172546]], "sfx.logattacktime.mean": [0.38915151357650757], "sfx.inharmonicity.mean": [0.29023319482803345]}