{"lowlevel.spectral_centroid.mean": [0.3760051429271698], "lowlevel.spectral_contrast.mean": [[0.7067500948905945, 0.3816955089569092, 0.27563023567199707, 0.4375486373901367, 0.34595513343811035, 0.30310797691345215]], "lowlevel.dissonance.mean": [0.4576627016067505], "lowlevel.hfc.mean": [0.4688599705696106], "lowlevel.mfcc.mean": [[0.20720672607421875, 0.4344727396965027, 0.6971044540405273, 0.7806982398033142, 0.8409978151321411, 0.7397717833518982, 0.6911041140556335, 0.6086472868919373, 0.6600890159606934, 0.6423863768577576, 0.5533225536346436, 0.4196348190307617, 0.4303104281425476]], "sfx.logattacktime.mean": [0.3867071270942688], "sfx.inharmonicity.mean": [0.29120883345603943]}