{"lowlevel.spectral_centroid.mean": [0.48732054233551025], "lowlevel.spectral_contrast.mean": [[0.4909247159957886, 0.35313713550567627, 0.6753562688827515, 1.5535520315170288, 1.232202172279358, 0.9494199752807617]], "lowlevel.dissonance.mean": [0.5922420024871826], "lowlevel.hfc.mean": [0.5388786196708679], "lowlevel.mfcc.mean": [[0.7316367626190186, 0.32646405696868896, 0.22658580541610718, 0.46757709980010986, 0.29303687810897827, 0.7037084102630615, 0.8873413801193237, 1.1396634578704834, 0.14314401149749756, -0.48415201902389526, 0.48547810316085815, 1.9647772312164307, 1.408780574798584]], "sfx.logattacktime.mean": [0.43012356758117676], "sfx.inharmonicity.mean": [0.6444764137268066]}