{"lowlevel.spectral_centroid.mean": [0.3083030581474304], "lowlevel.spectral_contrast.mean": [[0.6743715405464172, 0.53654944896698, 0.32546281814575195, 0.227097749710083, 0.15881085395812988, 0.2014753818511963]], "lowlevel.dissonance.mean": [0.07242608070373535], "lowlevel.hfc.mean": [0.46552038192749023], "lowlevel.mfcc.mean": [[0.18608415126800537, 0.5464876890182495, 0.9610592722892761, 0.9220044612884521, 0.9104843139648438, 0.7974578738212585, 0.7794061899185181, 0.6881223320960999, 0.6265268325805664, 0.5147881507873535, 0.5030832290649414, 0.5063051581382751, 0.5693769454956055]], "sfx.logattacktime.mean": [0.1867402195930481], "sfx.inharmonicity.mean": [0.20013105869293213]}