{"lowlevel.spectral_centroid.mean": [0.3075263202190399], "lowlevel.spectral_contrast.mean": [[0.7334338426589966, 0.5576002597808838, 0.39071929454803467, 0.1975841522216797, 0.17194151878356934, 0.21651124954223633]], "lowlevel.dissonance.mean": [-0.08376669883728027], "lowlevel.hfc.mean": [0.4653449058532715], "lowlevel.mfcc.mean": [[0.1693018674850464, 0.44049328565597534, 0.7642356753349304, 0.6739590167999268, 0.6897119283676147, 0.6417702436447144, 0.6603655815124512, 0.6288051009178162, 0.6634942889213562, 0.5832943916320801, 0.5573488473892212, 0.4918143153190613, 0.4839950501918793]], "sfx.logattacktime.mean": [0.2415548861026764], "sfx.inharmonicity.mean": [0.19336538016796112]}