{"lowlevel.spectral_centroid.mean": [0.5570645332336426], "lowlevel.spectral_contrast.mean": [[0.47160840034484863, 0.7059564590454102, 0.8507026433944702, 0.9461359977722168, 0.9684803485870361, 1.140007734298706]], "lowlevel.dissonance.mean": [0.7233359813690186], "lowlevel.hfc.mean": [0.579557478427887], "lowlevel.mfcc.mean": [[1.1348676681518555, 0.39558616280555725, 0.2948555648326874, 0.8604288697242737, 0.5186110734939575, 0.4852502644062042, -0.15846312046051025, 0.5400497317314148, 0.8393545150756836, 0.7001325488090515, 0.26542049646377563, 0.5648847222328186, 0.1552937924861908]], "sfx.logattacktime.mean": [0.4528951048851013], "sfx.inharmonicity.mean": [0.7057464122772217]}