{"lowlevel.spectral_centroid.mean": [0.49020645022392273], "lowlevel.spectral_contrast.mean": [[0.24952185153961182, 0.25241756439208984, 0.5844966173171997, 0.9579638242721558, 0.2905898094177246, 0.339815616607666]], "lowlevel.dissonance.mean": [0.4775277376174927], "lowlevel.hfc.mean": [0.48022985458374023], "lowlevel.mfcc.mean": [[0.39997828006744385, 0.44842728972435, 0.4381708800792694, 0.17463795840740204, 0.5198138952255249, 0.7996512651443481, 0.7258762121200562, 0.475285142660141, 0.46078842878341675, 0.508078932762146, 0.2922975420951843, 0.08729827404022217, 0.24688884615898132]], "sfx.logattacktime.mean": [0.5331021547317505], "sfx.inharmonicity.mean": [0.6060112714767456]}