{"lowlevel.spectral_centroid.mean": [0.33948034048080444], "lowlevel.spectral_contrast.mean": [[0.7250249981880188, 0.5487818717956543, 0.43587982654571533, 0.31910109519958496, 0.1842632293701172, 0.20354676246643066]], "lowlevel.dissonance.mean": [-0.16111308336257935], "lowlevel.hfc.mean": [0.46572452783584595], "lowlevel.mfcc.mean": [[0.19493114948272705, 0.5363485813140869, 0.8432763814926147, 0.6818450689315796, 0.6941983699798584, 0.6566295623779297, 0.6642512083053589, 0.5603876113891602, 0.47317758202552795, 0.30125707387924194, 0.22543564438819885, 0.20953473448753357, 0.315546452999115]], "sfx.logattacktime.mean": [0.2466941475868225], "sfx.inharmonicity.mean": [0.21286505460739136]}