{"lowlevel.spectral_centroid.mean": [0.5663859844207764], "lowlevel.spectral_contrast.mean": [[0.20987117290496826, 0.8293734788894653, 1.1958309412002563, 1.0609395503997803, 0.3703465461730957, 0.39666295051574707]], "lowlevel.dissonance.mean": [0.25862741470336914], "lowlevel.hfc.mean": [0.48756343126296997], "lowlevel.mfcc.mean": [[0.6157822608947754, 0.29018646478652954, 0.2896583676338196, -0.2747853398323059, -0.006137162446975708, 0.4880668818950653, 0.5654761791229248, 0.38066327571868896, 0.14535367488861084, 0.12411114573478699, 0.18442067503929138, 0.4731280207633972, 0.7432095408439636]], "sfx.logattacktime.mean": [0.37126976251602173], "sfx.inharmonicity.mean": [0.6018517017364502]}