{"lowlevel.spectral_centroid.mean": [0.41596993803977966], "lowlevel.spectral_contrast.mean": [[0.15646862983703613, 0.2222912311553955, 0.21520519256591797, 0.26935911178588867, 0.23160433769226074, 0.2370283603668213]], "lowlevel.dissonance.mean": [0.6548835039138794], "lowlevel.hfc.mean": [0.46510255336761475], "lowlevel.mfcc.mean": [[0.07527899742126465, 0.2205049693584442, 0.5367103219032288, 0.5070570707321167, 0.6333107352256775, 0.5504410862922668, 0.5187808275222778, 0.46949875354766846, 0.49409881234169006, 0.43253111839294434, 0.37429192662239075, 0.31534257531166077, 0.3991219103336334]], "sfx.logattacktime.mean": [0.24990421533584595], "sfx.inharmonicity.mean": [0.31827670335769653]}