{"lowlevel.spectral_centroid.mean": [0.6043031811714172], "lowlevel.spectral_contrast.mean": [[0.2397838830947876, 0.6484600305557251, 1.2781776189804077, 1.0376558303833008, 1.0630656480789185, 0.9641344547271729]], "lowlevel.dissonance.mean": [0.5455578565597534], "lowlevel.hfc.mean": [0.7086830139160156], "lowlevel.mfcc.mean": [[1.107336163520813, 0.08418629318475723, 0.2057763934135437, 0.2596004009246826, 0.22367843985557556, 0.3852498531341553, 0.5084266662597656, 0.8073391318321228, 0.709202229976654, 0.38949915766716003, 0.2594548165798187, 0.5114952921867371, 0.6144102811813354]], "sfx.logattacktime.mean": [0.28868722915649414], "sfx.inharmonicity.mean": [0.6522476673126221]}