{"lowlevel.spectral_centroid.mean": [0.45493030548095703], "lowlevel.spectral_contrast.mean": [[0.20483934879302979, 0.47631609439849854, 0.6803106069564819, 0.8173729181289673, 0.505190372467041, 0.5593357086181641]], "lowlevel.dissonance.mean": [0.6311389207839966], "lowlevel.hfc.mean": [0.4681592583656311], "lowlevel.mfcc.mean": [[0.3784520626068115, 0.37167495489120483, -0.08767780661582947, 0.009163051843643188, 0.02214968204498291, 0.4507827162742615, 0.960026741027832, 0.5307610034942627, 0.3513726592063904, 0.44974109530448914, 0.6584026217460632, 0.5885566473007202, 0.5462322235107422]], "sfx.logattacktime.mean": [0.46054986119270325], "sfx.inharmonicity.mean": [0.7589198350906372]}