{"lowlevel.spectral_centroid.mean": [0.6320606470108032], "lowlevel.spectral_contrast.mean": [[0.5891857147216797, 0.19511473178863525, 0.2497694492340088, 0.29311037063598633, 0.8237416744232178, 0.6316204071044922]], "lowlevel.dissonance.mean": [0.7159526348114014], "lowlevel.hfc.mean": [0.49197959899902344], "lowlevel.mfcc.mean": [[0.17599725723266602, 0.16203579306602478, 0.513654351234436, 0.6539117097854614, 0.8938031196594238, 0.7991183996200562, 0.3788711428642273, 1.2169523239135742, 1.0422520637512207, 0.49600210785865784, 0.6358842253684998, 0.9331026077270508, 1.1849182844161987]], "sfx.logattacktime.mean": [0.5889265537261963], "sfx.inharmonicity.mean": [0.5637328624725342]}