{"lowlevel.spectral_centroid.mean": [0.3412707448005676], "lowlevel.spectral_contrast.mean": [[0.7605271935462952, 0.5719113349914551, 0.4811643362045288, 0.5214004516601562, 0.36987805366516113, 0.4327967166900635]], "lowlevel.dissonance.mean": [0.48506617546081543], "lowlevel.hfc.mean": [0.46679356694221497], "lowlevel.mfcc.mean": [[0.49417412281036377, 0.8189632892608643, 0.5001763701438904, 0.3130260109901428, 0.15691417455673218, 0.33675602078437805, 0.017712831497192383, -0.032636046409606934, -0.15755635499954224, -0.01187625527381897, 0.2552393972873688, 0.30733779072761536, 0.42919987440109253]], "sfx.logattacktime.mean": [0.6701688766479492], "sfx.inharmonicity.mean": [0.42482227087020874]}