{"lowlevel.spectral_centroid.mean": [0.6853113770484924], "lowlevel.spectral_contrast.mean": [[0.5230845212936401, 0.20291340351104736, 0.250795841217041, 0.7567702531814575, 0.3457298278808594, 0.9406347274780273]], "lowlevel.dissonance.mean": [0.6725772619247437], "lowlevel.hfc.mean": [0.7189117670059204], "lowlevel.mfcc.mean": [[0.32244718074798584, 0.08165111392736435, 0.616579532623291, 0.4783647954463959, 0.7772576212882996, 1.1906319856643677, 0.876165509223938, 0.10353207588195801, 1.1162972450256348, 0.7977501153945923, 0.9960356950759888, 0.8132328391075134, -0.20310074090957642]], "sfx.logattacktime.mean": [0.5967429280281067], "sfx.inharmonicity.mean": [0.6060358285903931]}