{"lowlevel.spectral_centroid.mean": [0.5768814086914062], "lowlevel.spectral_contrast.mean": [[0.5220057964324951, 0.21266555786132812, 0.25061964988708496, 0.49846601486206055, 0.26195263862609863, 0.6334149837493896]], "lowlevel.dissonance.mean": [0.6865732669830322], "lowlevel.hfc.mean": [0.4693516194820404], "lowlevel.mfcc.mean": [[0.17234182357788086, 0.18332147598266602, 0.6702553033828735, 0.5624297857284546, 0.8186365365982056, 1.0089749097824097, 0.6373493671417236, 0.7289689779281616, 1.1160218715667725, 0.5829614400863647, 0.9100160002708435, 0.2781657874584198, 0.8440558910369873]], "sfx.logattacktime.mean": [0.5876194834709167], "sfx.inharmonicity.mean": [0.37578195333480835]}