{"lowlevel.spectral_centroid.mean": [0.5311434268951416], "lowlevel.spectral_contrast.mean": [[0.16753482818603516, 0.24621951580047607, 0.24442386627197266, 0.8363626003265381, 0.8796083927154541, 0.3818540573120117]], "lowlevel.dissonance.mean": [0.6674292087554932], "lowlevel.hfc.mean": [0.4665343463420868], "lowlevel.mfcc.mean": [[0.149694561958313, 0.2146352231502533, 0.36910897493362427, 0.5620282888412476, 0.7761831283569336, 0.497839093208313, 0.5219971537590027, 0.43436387181282043, 0.06718933582305908, 0.29381436109542847, 1.0213078260421753, 0.7721994519233704, -0.048500657081604004]], "sfx.logattacktime.mean": [0.18260419368743896], "sfx.inharmonicity.mean": [0.4249301254749298]}