{"lowlevel.spectral_centroid.mean": [0.30166423320770264], "lowlevel.spectral_contrast.mean": [[1.1190259456634521, 0.24996614456176758, 0.1681833267211914, 0.15051722526550293, 0.16476821899414062, 0.2199852466583252]], "lowlevel.dissonance.mean": [0.040317416191101074], "lowlevel.hfc.mean": [0.4735690951347351], "lowlevel.mfcc.mean": [[0.21021747589111328, 0.6085237264633179, 1.048026442527771, 1.1130235195159912, 1.2173738479614258, 1.140275478363037, 1.100682020187378, 1.0016015768051147, 0.9429065585136414, 0.8108417987823486, 0.7138787508010864, 0.5816448926925659, 0.48138606548309326]], "sfx.logattacktime.mean": [0.4085318446159363], "sfx.inharmonicity.mean": [0.18487684428691864]}