{"lowlevel.spectral_centroid.mean": [0.3079545497894287], "lowlevel.spectral_contrast.mean": [[0.3260509967803955, 0.46729040145874023, 0.44638562202453613, 0.35741353034973145, 0.3106379508972168, 0.2713899612426758]], "lowlevel.dissonance.mean": [0.3474200963973999], "lowlevel.hfc.mean": [0.4651237428188324], "lowlevel.mfcc.mean": [[0.28696882724761963, 0.7616745233535767, 1.012620210647583, 0.6990050077438354, 0.5886025428771973, 0.5345526933670044, 0.5566185116767883, 0.4774506092071533, 0.48004665970802307, 0.46803736686706543, 0.5077439546585083, 0.47251173853874207, 0.46744677424430847]], "sfx.logattacktime.mean": [0.3965151906013489], "sfx.inharmonicity.mean": [0.21640188992023468]}