{"lowlevel.spectral_centroid.mean": [0.34387069940567017], "lowlevel.spectral_contrast.mean": [[0.3271704912185669, 0.7956365346908569, 0.6579939126968384, 0.5552687644958496, 0.3601396083831787, 0.23491144180297852]], "lowlevel.dissonance.mean": [0.3083430528640747], "lowlevel.hfc.mean": [0.46515247225761414], "lowlevel.mfcc.mean": [[0.141632080078125, 0.3404165804386139, 0.5262536406517029, 0.3525892198085785, 0.41899555921554565, 0.3002859354019165, 0.17830225825309753, 0.03152737021446228, 0.06990599632263184, 0.12388697266578674, 0.2562577426433563, 0.3600844144821167, 0.5587092638015747]], "sfx.logattacktime.mean": [0.28669473528862], "sfx.inharmonicity.mean": [0.3115975260734558]}