{"lowlevel.spectral_centroid.mean": [0.8157955408096313], "lowlevel.spectral_contrast.mean": [[0.2264089584350586, 0.1557236909866333, 0.6567691564559937, 0.5243749618530273, 0.33586883544921875, 0.31192970275878906]], "lowlevel.dissonance.mean": [0.35026299953460693], "lowlevel.hfc.mean": [0.4973423480987549], "lowlevel.mfcc.mean": [[0.18829214572906494, 0.305571973323822, 0.31928810477256775, -0.0435829758644104, 0.36037829518318176, 0.5206201076507568, 0.719558596611023, 0.5430393815040588, 0.3486851453781128, 0.24799659848213196, 0.42774173617362976, 0.4533016085624695, 0.46225985884666443]], "sfx.logattacktime.mean": [0.26972025632858276], "sfx.inharmonicity.mean": [0.8282078504562378]}