{"lowlevel.spectral_centroid.mean": [0.685577929019928], "lowlevel.spectral_contrast.mean": [[0.48292768001556396, 0.19967949390411377, 0.24377942085266113, 0.2729072570800781, 0.9837677478790283, 0.9586043357849121]], "lowlevel.dissonance.mean": [0.7355396747589111], "lowlevel.hfc.mean": [0.47398841381073], "lowlevel.mfcc.mean": [[0.18710386753082275, 0.05881890654563904, 0.5283510088920593, 0.6926538944244385, 0.7464466094970703, 0.728148341178894, 0.3355346918106079, 1.4140326976776123, 0.8054784536361694, -0.06663477420806885, 1.515153408050537, 0.6138275861740112, 0.7400021553039551]], "sfx.logattacktime.mean": [0.5970569252967834], "sfx.inharmonicity.mean": [0.914659857749939]}