{"lowlevel.spectral_centroid.mean": [0.6403421759605408], "lowlevel.spectral_contrast.mean": [[0.580388069152832, 0.19235622882843018, 0.24938702583312988, 0.28071045875549316, 0.7865509986877441, 0.573115348815918]], "lowlevel.dissonance.mean": [0.7059007883071899], "lowlevel.hfc.mean": [0.48962467908859253], "lowlevel.mfcc.mean": [[0.17245280742645264, 0.16045977175235748, 0.5167322158813477, 0.6438531875610352, 0.8810176849365234, 0.801729142665863, 0.3834856450557709, 1.191827654838562, 1.0378772020339966, 0.5041970610618591, 0.62699294090271, 0.9190912246704102, 1.1947382688522339]], "sfx.logattacktime.mean": [0.5890584588050842], "sfx.inharmonicity.mean": [0.6087402105331421]}