{"lowlevel.spectral_centroid.mean": [0.3512164354324341], "lowlevel.spectral_contrast.mean": [[0.7536233067512512, 0.4462510347366333, 0.32230472564697266, 0.3204188346862793, 0.3689713478088379, 0.32042741775512695]], "lowlevel.dissonance.mean": [0.39474189281463623], "lowlevel.hfc.mean": [0.4682539105415344], "lowlevel.mfcc.mean": [[0.2548685073852539, 0.547149658203125, 0.8058342933654785, 0.9104108214378357, 0.9221301078796387, 0.7867031097412109, 0.7499538064002991, 0.6685514450073242, 0.7234536409378052, 0.7111330032348633, 0.6474006175994873, 0.5208079814910889, 0.5129682421684265]], "sfx.logattacktime.mean": [0.4128418564796448], "sfx.inharmonicity.mean": [0.254289448261261]}