{"lowlevel.spectral_centroid.mean": [0.3769853711128235], "lowlevel.spectral_contrast.mean": [[0.5140937566757202, 0.5482016801834106, 0.33647656440734863, 0.2313222885131836, 0.2416083812713623, 0.2160043716430664]], "lowlevel.dissonance.mean": [-0.1311863660812378], "lowlevel.hfc.mean": [0.4652072489261627], "lowlevel.mfcc.mean": [[0.16488218307495117, 0.43837830424308777, 0.7379593849182129, 0.6470324993133545, 0.6786056756973267, 0.5909885764122009, 0.5556826591491699, 0.44211915135383606, 0.36885231733322144, 0.22627705335617065, 0.20376157760620117, 0.20148444175720215, 0.24537509679794312]], "sfx.logattacktime.mean": [0.17536696791648865], "sfx.inharmonicity.mean": [0.19499549269676208]}