{"lowlevel.spectral_centroid.mean": [0.3409096598625183], "lowlevel.spectral_contrast.mean": [[0.7095888257026672, 0.6822413206100464, 0.6792852878570557, 0.7723476886749268, 0.7885682582855225, 0.7542262077331543]], "lowlevel.dissonance.mean": [0.43269503116607666], "lowlevel.hfc.mean": [0.4655858278274536], "lowlevel.mfcc.mean": [[0.5201005935668945, 0.8483889102935791, 0.368226557970047, 0.329424649477005, 0.39021462202072144, 0.17376753687858582, 0.08940386772155762, -0.012694388628005981, 0.10377287864685059, 0.12298274040222168, 0.35188162326812744, 0.28503432869911194, 0.2799861431121826]], "sfx.logattacktime.mean": [0.7160376310348511], "sfx.inharmonicity.mean": [0.7452195882797241]}