{"lowlevel.spectral_centroid.mean": [0.35433298349380493], "lowlevel.spectral_contrast.mean": [[0.881336510181427, 0.6686307191848755, 0.28770923614501953, 0.2998490333557129, 0.3455836772918701, 0.4096951484680176]], "lowlevel.dissonance.mean": [0.43007683753967285], "lowlevel.hfc.mean": [0.47294312715530396], "lowlevel.mfcc.mean": [[0.6166130304336548, 0.3695525527000427, 1.0200597047805786, 1.093550205230713, 1.019010066986084, 0.831200361251831, 0.5610421895980835, 0.3760908842086792, 0.17545273900032043, 0.07173967361450195, -0.042507052421569824, -0.0604938268661499, -0.06740796566009521]], "sfx.logattacktime.mean": [0.3226054906845093], "sfx.inharmonicity.mean": [0.29788023233413696]}