{"lowlevel.spectral_centroid.mean": [0.3259916305541992], "lowlevel.spectral_contrast.mean": [[0.3992018699645996, 0.5388336181640625, 0.5761923789978027, 0.3235936164855957, 0.18678522109985352, 0.23781943321228027]], "lowlevel.dissonance.mean": [0.6267344951629639], "lowlevel.hfc.mean": [0.46952804923057556], "lowlevel.mfcc.mean": [[0.3307762145996094, 0.7957576513290405, 0.9447799921035767, 0.7047497034072876, 0.5603858232498169, 0.3904874324798584, 0.4446565508842468, 0.39583098888397217, 0.4303026795387268, 0.4003538191318512, 0.41294437646865845, 0.44811493158340454, 0.4919740855693817]], "sfx.logattacktime.mean": [0.20444652438163757], "sfx.inharmonicity.mean": [0.4379624128341675]}