{"lowlevel.spectral_centroid.mean": [0.3844400644302368], "lowlevel.spectral_contrast.mean": [[0.6186480522155762, 0.21812021732330322, 0.7488212585449219, 0.31775665283203125, 0.9240503311157227, 0.4091494083404541]], "lowlevel.dissonance.mean": [0.4982738494873047], "lowlevel.hfc.mean": [0.4657122790813446], "lowlevel.mfcc.mean": [[0.17402911186218262, 0.2944806218147278, 0.4791640341281891, 0.6242194175720215, 0.5746473670005798, 0.3321225643157959, 0.9232805967330933, 1.5806825160980225, 1.1864982843399048, 0.5691261291503906, 1.0116198062896729, 0.42488956451416016, -0.32705384492874146]], "sfx.logattacktime.mean": [0.7020571231842041], "sfx.inharmonicity.mean": [0.5601756572723389]}