{"lowlevel.spectral_centroid.mean": [0.3021378815174103], "lowlevel.spectral_contrast.mean": [[0.8938748240470886, 0.36564695835113525, 0.24579811096191406, 0.14027857780456543, 0.1405959129333496, 0.19219255447387695]], "lowlevel.dissonance.mean": [0.3510091304779053], "lowlevel.hfc.mean": [0.466007262468338], "lowlevel.mfcc.mean": [[0.16988003253936768, 0.5054858326911926, 0.9351451992988586, 0.9587283730506897, 1.0153472423553467, 0.9291396141052246, 0.9210371375083923, 0.8658026456832886, 0.8759776949882507, 0.8398939371109009, 0.8358721137046814, 0.7818906903266907, 0.7479711771011353]], "sfx.logattacktime.mean": [0.279996782541275], "sfx.inharmonicity.mean": [0.1899152398109436]}