{"lowlevel.spectral_centroid.mean": [0.4381219148635864], "lowlevel.spectral_contrast.mean": [[0.7843270897865295, 1.0844365358352661, 1.1834596395492554, 1.1794341802597046, 0.8719089031219482, 0.5722005367279053]], "lowlevel.dissonance.mean": [0.4106285572052002], "lowlevel.hfc.mean": [0.47121885418891907], "lowlevel.mfcc.mean": [[0.5552740097045898, 0.6619924306869507, -0.20399847626686096, -0.06103008985519409, 0.12395963072776794, 0.07189947366714478, 0.24046099185943604, 0.025644779205322266, 0.15844246745109558, 0.07358396053314209, 0.2371601164340973, 0.20412248373031616, -0.031454503536224365]], "sfx.logattacktime.mean": [0.3286808133125305], "sfx.inharmonicity.mean": [0.5412130355834961]}