{"lowlevel.spectral_centroid.mean": [0.35755473375320435], "lowlevel.spectral_contrast.mean": [[0.22986435890197754, 0.4913451671600342, 0.35933780670166016, 0.2541773319244385, 0.2528061866760254, 0.2533268928527832]], "lowlevel.dissonance.mean": [0.364166259765625], "lowlevel.hfc.mean": [0.46555083990097046], "lowlevel.mfcc.mean": [[0.1380631923675537, 0.37080681324005127, 0.6806167364120483, 0.5685229897499084, 0.5232008695602417, 0.39861613512039185, 0.40862196683883667, 0.36085739731788635, 0.3893974721431732, 0.3865051865577698, 0.45044758915901184, 0.5213077664375305, 0.6090055704116821]], "sfx.logattacktime.mean": [0.19916486740112305], "sfx.inharmonicity.mean": [0.25692862272262573]}