{"lowlevel.spectral_centroid.mean": [0.4362751245498657], "lowlevel.spectral_contrast.mean": [[0.5328104496002197, 0.34256649017333984, 0.3011634349822998, 0.7039109468460083, 0.4943358898162842, 0.4437079429626465]], "lowlevel.dissonance.mean": [0.6874055862426758], "lowlevel.hfc.mean": [0.4711054265499115], "lowlevel.mfcc.mean": [[0.3284134864807129, 0.44501620531082153, 0.4118955135345459, 0.6434126496315002, 0.8578894138336182, 0.6422863006591797, 0.3915736973285675, 0.46770402789115906, 0.8146066665649414, 0.8036367893218994, 0.42065468430519104, 0.21707385778427124, 0.695148766040802]], "sfx.logattacktime.mean": [0.2953539490699768], "sfx.inharmonicity.mean": [0.4674697816371918]}