{"lowlevel.spectral_centroid.mean": [0.33750978112220764], "lowlevel.spectral_contrast.mean": [[0.47039711475372314, 0.48198044300079346, 0.5885450839996338, 0.5005862712860107, 0.5307393074035645, 0.5299813747406006]], "lowlevel.dissonance.mean": [0.5350619554519653], "lowlevel.hfc.mean": [0.46671026945114136], "lowlevel.mfcc.mean": [[0.712356686592102, 0.7044500112533569, 0.5654353499412537, 0.6326391696929932, 0.5266677141189575, 0.5098903775215149, 0.5093340873718262, 0.5922505855560303, 0.4946916699409485, 0.6097961068153381, 0.44533392786979675, 0.405429869890213, 0.305534303188324]], "sfx.logattacktime.mean": [0.8231775760650635], "sfx.inharmonicity.mean": [0.67232346534729]}