{"lowlevel.spectral_centroid.mean": [0.32301658391952515], "lowlevel.spectral_contrast.mean": [[0.46440088748931885, 0.5501512289047241, 0.4360525608062744, 0.34447669982910156, 0.2917323112487793, 0.2265610694885254]], "lowlevel.dissonance.mean": [0.295448899269104], "lowlevel.hfc.mean": [0.465779185295105], "lowlevel.mfcc.mean": [[0.13248109817504883, 0.831697940826416, 0.970352053642273, 0.6812115907669067, 0.5095073580741882, 0.22959931194782257, 0.08599409461021423, 0.04162690043449402, 0.153903990983963, 0.1874745488166809, 0.25772953033447266, 0.24541856348514557, 0.3378825783729553]], "sfx.logattacktime.mean": [0.300005704164505], "sfx.inharmonicity.mean": [0.6009049415588379]}