{"lowlevel.spectral_centroid.mean": [0.3548465967178345], "lowlevel.spectral_contrast.mean": [[0.9848105311393738, 0.30261170864105225, 0.2714235782623291, 0.29943227767944336, 0.33484911918640137, 0.4003424644470215]], "lowlevel.dissonance.mean": [0.6568049192428589], "lowlevel.hfc.mean": [0.467189222574234], "lowlevel.mfcc.mean": [[0.5322906970977783, 0.23104144632816315, 0.868707537651062, 1.0095648765563965, 1.133615255355835, 1.158951759338379, 1.083894968032837, 1.023463249206543, 0.8820198774337769, 0.792313814163208, 0.6528109908103943, 0.5935578942298889, 0.48281022906303406]], "sfx.logattacktime.mean": [0.2999116778373718], "sfx.inharmonicity.mean": [0.2221541702747345]}