{"lowlevel.spectral_centroid.mean": [0.4353777766227722], "lowlevel.spectral_contrast.mean": [[0.21762800216674805, 1.1869522333145142, 1.0736812353134155, 0.9031329154968262, 1.095289707183838, 0.9342410564422607]], "lowlevel.dissonance.mean": [0.24053943157196045], "lowlevel.hfc.mean": [0.4874781668186188], "lowlevel.mfcc.mean": [[0.5692400932312012, 0.20086504518985748, 0.20975607633590698, 0.4482862651348114, -0.022628426551818848, 0.046655625104904175, 0.08710300922393799, 0.4037921130657196, 0.6745262145996094, 0.6710360050201416, 1.0211007595062256, 1.3683807849884033, 0.8958396315574646]], "sfx.logattacktime.mean": [0.5543600916862488], "sfx.inharmonicity.mean": [0.3870939016342163]}