{"lowlevel.spectral_centroid.mean": [0.303913950920105], "lowlevel.spectral_contrast.mean": [[0.7647274732589722, 0.38044631481170654, 0.25930356979370117, 0.1849822998046875, 0.1651902198791504, 0.2024397850036621]], "lowlevel.dissonance.mean": [0.5283325910568237], "lowlevel.hfc.mean": [0.4654630124568939], "lowlevel.mfcc.mean": [[0.15911900997161865, 0.4764462411403656, 0.8965696096420288, 0.8999307155609131, 0.9494653940200806, 0.8736611008644104, 0.8809754252433777, 0.83097904920578, 0.8292577266693115, 0.7708056569099426, 0.7545864582061768, 0.7031776309013367, 0.6848787069320679]], "sfx.logattacktime.mean": [0.2706161439418793], "sfx.inharmonicity.mean": [0.20155376195907593]}