{"lowlevel.spectral_centroid.mean": [0.38329410552978516], "lowlevel.spectral_contrast.mean": [[0.5504550933837891, 0.37285423278808594, 0.5079898834228516, 0.49855971336364746, 0.49515318870544434, 0.5962824821472168]], "lowlevel.dissonance.mean": [0.6973023414611816], "lowlevel.hfc.mean": [0.4670826196670532], "lowlevel.mfcc.mean": [[0.8042399883270264, 0.5500677824020386, 0.34573298692703247, 0.6454675197601318, 0.2520517110824585, 0.47854000329971313, 0.6829382181167603, 0.3913162052631378, 0.6834664940834045, 0.7388726472854614, 0.802886962890625, 0.5175893306732178, 0.6931448578834534]], "sfx.logattacktime.mean": [0.7647587060928345], "sfx.inharmonicity.mean": [0.5061398148536682]}