{"lowlevel.spectral_centroid.mean": [0.31841397285461426], "lowlevel.spectral_contrast.mean": [[0.5692195892333984, 0.6411455869674683, 0.6401481628417969, 0.5265402793884277, 0.4449784755706787, 0.34584736824035645]], "lowlevel.dissonance.mean": [0.32251524925231934], "lowlevel.hfc.mean": [0.4682634770870209], "lowlevel.mfcc.mean": [[0.43982720375061035, 0.8801852464675903, 0.8038246631622314, 0.6353437900543213, 0.623957633972168, 0.5459326505661011, 0.575541615486145, 0.5315485596656799, 0.4971154034137726, 0.5632238984107971, 0.5521867275238037, 0.3315163850784302, 0.4649268388748169]], "sfx.logattacktime.mean": [0.6941999197006226], "sfx.inharmonicity.mean": [0.32535356283187866]}