{"lowlevel.spectral_centroid.mean": [0.40323805809020996], "lowlevel.spectral_contrast.mean": [[0.4254026412963867, 0.581191897392273, 0.6658034324645996, 0.6402623653411865, 0.527886152267456, 0.47692084312438965]], "lowlevel.dissonance.mean": [0.3349752426147461], "lowlevel.hfc.mean": [0.47817447781562805], "lowlevel.mfcc.mean": [[0.30559349060058594, 0.28552740812301636, 0.32476818561553955, 0.1945691555738449, 0.3806418180465698, 0.6289902925491333, 0.5895267724990845, 0.6694653034210205, 0.7312003970146179, 0.88909912109375, 0.7031024694442749, 0.7117411494255066, 0.7215273976325989]], "sfx.logattacktime.mean": [0.39822912216186523], "sfx.inharmonicity.mean": [0.44342300295829773]}