{"lowlevel.spectral_centroid.mean": [0.32904836535453796], "lowlevel.spectral_contrast.mean": [[1.1675630807876587, 0.9618222713470459, 0.5936427116394043, 0.4883246421813965, 0.46074748039245605, 0.6920576095581055]], "lowlevel.dissonance.mean": [0.28184032440185547], "lowlevel.hfc.mean": [0.4895275831222534], "lowlevel.mfcc.mean": [[0.7335159778594971, 1.0031764507293701, 0.45647767186164856, 0.8366707563400269, 0.32260459661483765, 0.15582576394081116, 0.3325378894805908, -0.07462126016616821, 0.11481976509094238, 0.18407964706420898, 0.02311304211616516, 0.0283338725566864, 0.12861371040344238]], "sfx.logattacktime.mean": [0.6006531119346619], "sfx.inharmonicity.mean": [0.24990354478359222]}