{"lowlevel.spectral_centroid.mean": [0.3417229652404785], "lowlevel.spectral_contrast.mean": [[0.6188420057296753, 0.7836638689041138, 1.025994062423706, 0.5848696231842041, 0.20610928535461426, 0.17158150672912598]], "lowlevel.dissonance.mean": [-0.19974154233932495], "lowlevel.hfc.mean": [0.4656287729740143], "lowlevel.mfcc.mean": [[0.24023950099945068, 0.64021897315979, 0.8765724897384644, 0.5112788677215576, 0.3103761076927185, 0.1826772391796112, 0.24992188811302185, 0.33563029766082764, 0.4940396547317505, 0.49501246213912964, 0.38457363843917847, 0.13499808311462402, 0.0021714866161346436]], "sfx.logattacktime.mean": [0.666264533996582], "sfx.inharmonicity.mean": [0.7053858041763306]}