{"lowlevel.spectral_centroid.mean": [0.5219732522964478], "lowlevel.spectral_contrast.mean": [[0.5190485715866089, 0.9363850355148315, 1.271401286125183, 0.9518769979476929, 1.0556403398513794, 0.8173694610595703]], "lowlevel.dissonance.mean": [0.05536067485809326], "lowlevel.hfc.mean": [0.4870365560054779], "lowlevel.mfcc.mean": [[0.4920048713684082, 0.3306151032447815, 0.21663203835487366, 0.37685641646385193, -0.0797722339630127, -0.21228760480880737, -0.04630303382873535, 0.4231593906879425, 0.8068628311157227, 0.6479808688163757, 0.2102563977241516, 0.12615430355072021, 0.3640732765197754]], "sfx.logattacktime.mean": [0.42047572135925293], "sfx.inharmonicity.mean": [0.7666325569152832]}