{"lowlevel.spectral_centroid.mean": [0.32510945200920105], "lowlevel.spectral_contrast.mean": [[0.9428982138633728, 0.42101192474365234, 0.38488686084747314, 0.412036657333374, 0.4059436321258545, 0.33822059631347656]], "lowlevel.dissonance.mean": [0.3844715356826782], "lowlevel.hfc.mean": [0.46895313262939453], "lowlevel.mfcc.mean": [[0.2963169813156128, 0.6461953520774841, 0.8399752378463745, 0.9311183094978333, 1.0744121074676514, 0.8526315689086914, 0.8778913021087646, 0.9284908771514893, 0.7955949306488037, 0.6497007012367249, 0.6120733022689819, 0.6386250257492065, 0.5231675505638123]], "sfx.logattacktime.mean": [0.2815258800983429], "sfx.inharmonicity.mean": [0.20407211780548096]}