{"lowlevel.spectral_centroid.mean": [0.3051578104496002], "lowlevel.spectral_contrast.mean": [[0.8298640251159668, 0.7014392614364624, 0.5309213399887085, 0.4252910614013672, 0.43953871726989746, 0.32628703117370605]], "lowlevel.dissonance.mean": [0.29616081714630127], "lowlevel.hfc.mean": [0.472297340631485], "lowlevel.mfcc.mean": [[0.5376005172729492, 1.1196051836013794, 0.9396066665649414, 0.7230520844459534, 0.7208219170570374, 0.5972814559936523, 0.5776544809341431, 0.5247570276260376, 0.5736190676689148, 0.509608805179596, 0.5395628213882446, 0.4827623963356018, 0.5074598789215088]], "sfx.logattacktime.mean": [0.58351069688797], "sfx.inharmonicity.mean": [0.24097107350826263]}