{"lowlevel.spectral_centroid.mean": [0.5033811330795288], "lowlevel.spectral_contrast.mean": [[0.577556848526001, 0.43160319328308105, 0.34856343269348145, 0.4595179557800293, 0.39253711700439453, 0.3304574489593506]], "lowlevel.dissonance.mean": [0.5181405544281006], "lowlevel.hfc.mean": [0.4703907370567322], "lowlevel.mfcc.mean": [[0.24848246574401855, 0.3838483989238739, 0.5199965834617615, 0.6125112771987915, 0.5928798913955688, 0.4298761188983917, 0.42530539631843567, 0.35580745339393616, 0.3655683100223541, 0.40386539697647095, 0.4119458496570587, 0.3563888967037201, 0.3531278967857361]], "sfx.logattacktime.mean": [0.3831457793712616], "sfx.inharmonicity.mean": [0.44428136944770813]}