{"lowlevel.spectral_centroid.mean": [0.46062904596328735], "lowlevel.spectral_contrast.mean": [[0.3227196931838989, 0.35259246826171875, 0.5112353563308716, 0.7729918956756592, 0.553084135055542, 0.45565104484558105]], "lowlevel.dissonance.mean": [0.5561097860336304], "lowlevel.hfc.mean": [0.5198825597763062], "lowlevel.mfcc.mean": [[0.3628746271133423, 0.2057427167892456, 0.20403951406478882, 0.24229151010513306, 0.6478171944618225, 0.8555397391319275, 0.7734112739562988, 0.6676965951919556, 0.4977625906467438, 0.8558073043823242, 0.9823358654975891, 0.5416564345359802, 0.2900342345237732]], "sfx.logattacktime.mean": [0.5181298851966858], "sfx.inharmonicity.mean": [0.5738651752471924]}