{"lowlevel.spectral_centroid.mean": [0.35340970754623413], "lowlevel.spectral_contrast.mean": [[0.9276326298713684, 1.2865748405456543, 1.1311148405075073, 1.1362535953521729, 1.0449016094207764, 0.6635379791259766]], "lowlevel.dissonance.mean": [0.24830663204193115], "lowlevel.hfc.mean": [0.4772793650627136], "lowlevel.mfcc.mean": [[0.7608619928359985, 0.8559439182281494, 0.05192884802818298, 0.42332229018211365, 0.20335569977760315, -0.12543648481369019, -0.09272158145904541, -0.011218756437301636, 0.12636810541152954, 0.16015836596488953, -0.04342073202133179, -0.08420073986053467, 0.2792283892631531]], "sfx.logattacktime.mean": [0.6774914860725403], "sfx.inharmonicity.mean": [0.7026723623275757]}