{"lowlevel.spectral_centroid.mean": [0.5189197659492493], "lowlevel.spectral_contrast.mean": [[0.6275491714477539, 0.5028785467147827, 0.5042048692703247, 0.581157922744751, 0.611081600189209, 0.6463069915771484]], "lowlevel.dissonance.mean": [0.6464308500289917], "lowlevel.hfc.mean": [0.47226405143737793], "lowlevel.mfcc.mean": [[0.6526621580123901, 0.3876526951789856, 0.07934167981147766, 0.3053057789802551, -0.014519155025482178, 0.03798756003379822, -0.01465219259262085, 0.032104164361953735, 0.016350895166397095, 0.12719684839248657, 0.1907181739807129, 0.22175800800323486, 0.46960288286209106]], "sfx.logattacktime.mean": [0.7569147944450378], "sfx.inharmonicity.mean": [0.6408253908157349]}