{"lowlevel.spectral_centroid.mean": [0.561998188495636], "lowlevel.spectral_contrast.mean": [[0.41571545600891113, 0.49592161178588867, 1.0498675107955933, 1.1883511543273926, 1.2918883562088013, 0.807528018951416]], "lowlevel.dissonance.mean": [0.6490954160690308], "lowlevel.hfc.mean": [0.5036923289299011], "lowlevel.mfcc.mean": [[0.8178859949111938, 0.24361686408519745, -0.24635258316993713, 0.41857635974884033, 0.3136477470397949, 0.02839559316635132, 0.35446637868881226, 0.3130291700363159, 0.06360217928886414, 0.33474498987197876, 0.16363775730133057, 0.1264338195323944, 0.5000512599945068]], "sfx.logattacktime.mean": [0.6594805717468262], "sfx.inharmonicity.mean": [0.68803870677948]}