{"lowlevel.spectral_centroid.mean": [0.3367012143135071], "lowlevel.spectral_contrast.mean": [[0.38902437686920166, 0.7508847713470459, 0.5807787179946899, 0.6486804485321045, 0.6846117973327637, 0.4128239154815674]], "lowlevel.dissonance.mean": [0.2802826166152954], "lowlevel.hfc.mean": [0.46554476022720337], "lowlevel.mfcc.mean": [[0.4231168031692505, 0.8574428558349609, 0.58376544713974, 0.27092641592025757, 0.5222845673561096, 0.30150213837623596, 0.2848338186740875, 0.3365023136138916, 0.23332488536834717, 0.24730148911476135, 0.44339874386787415, 0.42879021167755127, 0.5944520831108093]], "sfx.logattacktime.mean": [0.7389992475509644], "sfx.inharmonicity.mean": [0.35837647318840027]}