{"lowlevel.spectral_centroid.mean": [0.30827075242996216], "lowlevel.spectral_contrast.mean": [[0.4637092351913452, 0.30137860774993896, 0.2165677547454834, 0.18288874626159668, 0.18080925941467285, 0.22506380081176758]], "lowlevel.dissonance.mean": [0.20430195331573486], "lowlevel.hfc.mean": [0.465262234210968], "lowlevel.mfcc.mean": [[0.1373448371887207, 0.3712303638458252, 0.743172287940979, 0.7588136196136475, 0.846502423286438, 0.7963192462921143, 0.7667428255081177, 0.6879245638847351, 0.6824483275413513, 0.5846706628799438, 0.5402963161468506, 0.4482101798057556, 0.39646539092063904]], "sfx.logattacktime.mean": [0.15848785638809204], "sfx.inharmonicity.mean": [0.20966866612434387]}