{"lowlevel.spectral_centroid.mean": [0.36610710620880127], "lowlevel.spectral_contrast.mean": [[0.9469432234764099, 1.374772310256958, 0.3470494747161865, 0.30237269401550293, 0.34043192863464355, 0.4073340892791748]], "lowlevel.dissonance.mean": [-0.18469762802124023], "lowlevel.hfc.mean": [0.48022276163101196], "lowlevel.mfcc.mean": [[0.6480134725570679, 0.4597826898097992, 1.044935941696167, 0.931205689907074, 0.6429217457771301, 0.3069459795951843, 0.008737683296203613, -0.09945714473724365, -0.14663904905319214, -0.07299524545669556, 0.015163689851760864, 0.2039336860179901, 0.3591492772102356]], "sfx.logattacktime.mean": [0.3334042429924011], "sfx.inharmonicity.mean": [0.25638630986213684]}