{"lowlevel.spectral_centroid.mean": [0.35953792929649353], "lowlevel.spectral_contrast.mean": [[0.5688900947570801, 0.24678385257720947, 0.3005828857421875, 0.5990865230560303, 0.5052192211151123, 0.4530348777770996]], "lowlevel.dissonance.mean": [0.6401915550231934], "lowlevel.hfc.mean": [0.4752498269081116], "lowlevel.mfcc.mean": [[0.24718010425567627, 0.37091997265815735, 0.6361483335494995, 0.6072796583175659, 0.6972531676292419, 0.7943630218505859, 0.8119109869003296, 0.6997965574264526, 0.7427254319190979, 1.102118730545044, 0.8000192046165466, 0.19691038131713867, 0.7003811597824097]], "sfx.logattacktime.mean": [0.27267470955848694], "sfx.inharmonicity.mean": [0.4267512261867523]}