{"lowlevel.spectral_centroid.mean": [0.48781895637512207], "lowlevel.spectral_contrast.mean": [[0.4370468854904175, 0.20597898960113525, 0.24147844314575195, 0.7520049810409546, 0.6687710285186768, 0.42110180854797363]], "lowlevel.dissonance.mean": [0.587975025177002], "lowlevel.hfc.mean": [0.4660472273826599], "lowlevel.mfcc.mean": [[0.12081217765808105, 0.2343972623348236, 0.56475430727005, 0.5856889486312866, 0.7670938968658447, 0.9387314915657043, 0.9351533651351929, 0.33154672384262085, 0.8041203618049622, 1.1029162406921387, 0.7132976055145264, 0.7701367139816284, 0.27080559730529785]], "sfx.logattacktime.mean": [0.7456144094467163], "sfx.inharmonicity.mean": [0.37268418073654175]}