{"lowlevel.spectral_centroid.mean": [0.3053362965583801], "lowlevel.spectral_contrast.mean": [[0.4949699640274048, 0.4338921308517456, 0.3216571807861328, 0.25572800636291504, 0.23809313774108887, 0.2649660110473633]], "lowlevel.dissonance.mean": [0.4462844133377075], "lowlevel.hfc.mean": [0.4650798738002777], "lowlevel.mfcc.mean": [[0.1617567539215088, 0.41586798429489136, 0.7060319781303406, 0.6660528182983398, 0.7833514213562012, 0.7966447472572327, 0.8249176144599915, 0.7778926491737366, 0.8078935146331787, 0.68323814868927, 0.6048928499221802, 0.5503560900688171, 0.513289213180542]], "sfx.logattacktime.mean": [0.3266345262527466], "sfx.inharmonicity.mean": [0.21198618412017822]}