{"lowlevel.spectral_centroid.mean": [0.42686033248901367], "lowlevel.spectral_contrast.mean": [[0.29348742961883545, 0.27926909923553467, 0.364774227142334, 0.9324671030044556, 0.4932680130004883, 0.5383274555206299]], "lowlevel.dissonance.mean": [0.7023366689682007], "lowlevel.hfc.mean": [0.48038774728775024], "lowlevel.mfcc.mean": [[0.2998499870300293, 0.11106846481561661, 0.19015172123908997, 0.2578110694885254, 0.4017029404640198, 0.7424235343933105, 0.5339947938919067, 0.2684032917022705, 0.39418303966522217, 0.7172539830207825, 1.0818676948547363, 0.5058894157409668, 0.2086172103881836]], "sfx.logattacktime.mean": [0.6683231592178345], "sfx.inharmonicity.mean": [0.502366304397583]}