{"lowlevel.spectral_centroid.mean": [0.6652588844299316], "lowlevel.spectral_contrast.mean": [[0.42491960525512695, 0.23742389678955078, 0.23417448997497559, 0.7003650665283203, 0.3347320556640625, 0.9629044532775879]], "lowlevel.dissonance.mean": [0.6391253471374512], "lowlevel.hfc.mean": [0.4746183753013611], "lowlevel.mfcc.mean": [[0.20912480354309082, 0.17448453605175018, 0.7323838472366333, 0.5339522361755371, 0.9274203181266785, 1.077561855316162, 0.9733255505561829, 0.23709018528461456, 0.7288723587989807, 1.1069096326828003, 0.3232119679450989, 1.039597511291504, -0.2900236248970032]], "sfx.logattacktime.mean": [0.609497606754303], "sfx.inharmonicity.mean": [0.38780489563941956]}