{"lowlevel.spectral_centroid.mean": [0.3625551462173462], "lowlevel.spectral_contrast.mean": [[0.9855998754501343, 1.1151814460754395, 1.1442246437072754, 1.260659098625183, 1.1830285787582397, 0.24570965766906738]], "lowlevel.dissonance.mean": [0.20288968086242676], "lowlevel.hfc.mean": [0.46754974126815796], "lowlevel.mfcc.mean": [[0.4717874526977539, 0.7659131288528442, 0.0684187114238739, -0.06829342246055603, 0.6564698815345764, 0.08404308557510376, -0.21640849113464355, -0.010960042476654053, -0.15762931108474731, -0.03925997018814087, 0.3379004895687103, -0.06475824117660522, -0.22307801246643066]], "sfx.logattacktime.mean": [0.5448907613754272], "sfx.inharmonicity.mean": [0.27449893951416016]}