{"lowlevel.spectral_centroid.mean": [0.3822655975818634], "lowlevel.spectral_contrast.mean": [[0.3808654546737671, 0.3993421792984009, 0.35454583168029785, 0.36661529541015625, 0.3379232883453369, 0.42331409454345703]], "lowlevel.dissonance.mean": [0.646095871925354], "lowlevel.hfc.mean": [0.4657350182533264], "lowlevel.mfcc.mean": [[0.6012516021728516, 0.5333962440490723, 0.6861753463745117, 0.6938776969909668, 0.5272783041000366, 0.6739640235900879, 0.5955561399459839, 0.5264431238174438, 0.5029538869857788, 0.4509977400302887, 0.5709205865859985, 0.5563142895698547, 0.5348244905471802]], "sfx.logattacktime.mean": [0.912361204624176], "sfx.inharmonicity.mean": [0.3669259548187256]}