{"lowlevel.spectral_centroid.mean": [0.4075927734375], "lowlevel.spectral_contrast.mean": [[0.8062314987182617, 1.0259031057357788, 1.4487286806106567, 0.5287566184997559, 0.32280564308166504, 0.3774728775024414]], "lowlevel.dissonance.mean": [-0.21797317266464233], "lowlevel.hfc.mean": [0.4780345857143402], "lowlevel.mfcc.mean": [[0.5837353467941284, 0.4477423131465912, 0.6316078901290894, -0.07242631912231445, -0.4080967903137207, -0.2577551603317261, 0.0897587239742279, 0.44374799728393555, 0.5083920359611511, 0.4475429356098175, 0.23965764045715332, 0.09200841188430786, -0.06582760810852051]], "sfx.logattacktime.mean": [0.2523975670337677], "sfx.inharmonicity.mean": [0.40685760974884033]}