{"lowlevel.spectral_centroid.mean": [0.3286689519882202], "lowlevel.spectral_contrast.mean": [[0.3145177364349365, 0.7873170375823975, 0.5602599382400513, 0.3850886821746826, 0.21777939796447754, 0.23045587539672852]], "lowlevel.dissonance.mean": [-0.23996853828430176], "lowlevel.hfc.mean": [0.4658167064189911], "lowlevel.mfcc.mean": [[0.08337342739105225, 0.7620671987533569, 0.9850823879241943, 0.635433554649353, 0.39678412675857544, 0.19856175780296326, 0.1428934633731842, 0.07039088010787964, 0.146803081035614, 0.2499750554561615, 0.42642831802368164, 0.46006929874420166, 0.4282186031341553]], "sfx.logattacktime.mean": [0.27125099301338196], "sfx.inharmonicity.mean": [0.4196557402610779]}