{"lowlevel.spectral_centroid.mean": [0.541778564453125], "lowlevel.spectral_contrast.mean": [[0.24566411972045898, 0.5337376594543457, 0.5822561979293823, 0.5158607959747314, 0.43763232231140137, 0.4317598342895508]], "lowlevel.dissonance.mean": [0.6672556400299072], "lowlevel.hfc.mean": [0.46852874755859375], "lowlevel.mfcc.mean": [[0.49144017696380615, 0.2929152250289917, 0.12358617782592773, 0.09421548247337341, 0.2830559015274048, 0.49759727716445923, 0.45141178369522095, 0.44031766057014465, 0.38295531272888184, 0.4313235580921173, 0.6119055151939392, 0.5751550197601318, 0.5550536513328552]], "sfx.logattacktime.mean": [0.49953749775886536], "sfx.inharmonicity.mean": [0.6534623503684998]}