{"lowlevel.spectral_centroid.mean": [0.34372690320014954], "lowlevel.spectral_contrast.mean": [[0.5270702838897705, 0.9460628032684326, 0.8654918670654297, 0.7572137117385864, 0.7415480613708496, 0.8070120811462402]], "lowlevel.dissonance.mean": [0.41550397872924805], "lowlevel.hfc.mean": [0.475979208946228], "lowlevel.mfcc.mean": [[0.813392162322998, 0.9308329820632935, 0.3112262487411499, 0.6239799857139587, 0.15289080142974854, 0.3589761555194855, 0.2753142714500427, 0.3004130721092224, 0.21199575066566467, 0.4194585978984833, 0.33815866708755493, 0.349839985370636, 0.5226976871490479]], "sfx.logattacktime.mean": [0.936752200126648], "sfx.inharmonicity.mean": [0.526547908782959]}