{"lowlevel.spectral_centroid.mean": [0.6365021467208862], "lowlevel.spectral_contrast.mean": [[0.5487856864929199, 0.40192365646362305, 0.5684967041015625, 1.1084977388381958, 1.2689584493637085, 1.000481128692627]], "lowlevel.dissonance.mean": [0.7154750823974609], "lowlevel.hfc.mean": [0.553717851638794], "lowlevel.mfcc.mean": [[0.8261011838912964, 0.31718045473098755, 0.3265190124511719, 0.4352034032344818, 0.4701647162437439, 0.7392311096191406, 0.7758227586746216, 0.36002546548843384, 0.17608532309532166, 1.3080315589904785, 0.8622385263442993, -0.2569558024406433, 1.0270094871520996]], "sfx.logattacktime.mean": [0.7639142274856567], "sfx.inharmonicity.mean": [0.9177559614181519]}