{"lowlevel.spectral_centroid.mean": [0.40243589878082275], "lowlevel.spectral_contrast.mean": [[0.5782546997070312, 0.7465496063232422, 1.0700888633728027, 0.6673316955566406, 0.6480529308319092, 0.5033719539642334]], "lowlevel.dissonance.mean": [0.13231778144836426], "lowlevel.hfc.mean": [0.4936537742614746], "lowlevel.mfcc.mean": [[0.6165430545806885, 0.7876367568969727, 0.10791260004043579, 0.16399013996124268, 0.03383910655975342, 0.06508564949035645, 0.29463446140289307, 0.43034693598747253, 0.45655807852745056, 0.2805355489253998, 0.2425645887851715, 0.3764599859714508, 0.7073577642440796]], "sfx.logattacktime.mean": [0.7174469232559204], "sfx.inharmonicity.mean": [0.7281936407089233]}