{"lowlevel.spectral_centroid.mean": [0.32982346415519714], "lowlevel.spectral_contrast.mean": [[0.38986194133758545, 0.5644179582595825, 0.5021028518676758, 0.3331468105316162, 0.2658407688140869, 0.23308110237121582]], "lowlevel.dissonance.mean": [0.16094601154327393], "lowlevel.hfc.mean": [0.4652194380760193], "lowlevel.mfcc.mean": [[0.2503722906112671, 0.6672004461288452, 0.9354186058044434, 0.6657891869544983, 0.49367856979370117, 0.29328781366348267, 0.2686598300933838, 0.22229310870170593, 0.24706614017486572, 0.2647501230239868, 0.33345168828964233, 0.3173064589500427, 0.382835328578949]], "sfx.logattacktime.mean": [0.32715606689453125], "sfx.inharmonicity.mean": [0.2871178090572357]}