{"lowlevel.spectral_centroid.mean": [0.9422506093978882], "lowlevel.spectral_contrast.mean": [[-0.006265878677368164, 0.09905314445495605, 1.1396098136901855, 1.1619932651519775, 0.1724848747253418, 0.21279120445251465]], "lowlevel.dissonance.mean": [0.02189052104949951], "lowlevel.hfc.mean": [0.6000152230262756], "lowlevel.mfcc.mean": [[0.25713586807250977, 0.41039612889289856, 0.218240886926651, -0.21998828649520874, 0.10121762752532959, 0.623449981212616, 0.6515838503837585, 0.5526471734046936, 0.827515721321106, 0.9348571300506592, 0.9687952995300293, 0.04567024111747742, -0.75483238697052]], "sfx.logattacktime.mean": [0.36082783341407776], "sfx.inharmonicity.mean": [0.5956754684448242]}