{"lowlevel.spectral_centroid.mean": [0.42658695578575134], "lowlevel.spectral_contrast.mean": [[0.699943482875824, 0.8047606945037842, 0.8607202768325806, 0.8497096300125122, 0.5695643424987793, 0.42743778228759766]], "lowlevel.dissonance.mean": [0.46131646633148193], "lowlevel.hfc.mean": [0.46740207076072693], "lowlevel.mfcc.mean": [[0.46132707595825195, 0.5972988605499268, 0.0056993961334228516, 0.04366043210029602, 0.21712303161621094, 0.20745396614074707, 0.24002152681350708, 0.08425953984260559, 0.10860291123390198, -0.019752442836761475, 0.10414627194404602, 0.1890827715396881, 0.19140499830245972]], "sfx.logattacktime.mean": [0.4688814580440521], "sfx.inharmonicity.mean": [0.456304132938385]}