{"lowlevel.spectral_centroid.mean": [0.44125863909721375], "lowlevel.spectral_contrast.mean": [[0.28580617904663086, 0.7301883697509766, 1.081986427307129, 0.9112045764923096, 0.5371825695037842, 0.4788248538970947]], "lowlevel.dissonance.mean": [0.41580796241760254], "lowlevel.hfc.mean": [0.47119173407554626], "lowlevel.mfcc.mean": [[0.6181546449661255, 0.5085902214050293, 0.07217088341712952, -0.05372080206871033, 0.05725875496864319, 0.3944496214389801, 0.8643314242362976, 0.39484161138534546, 0.1057385802268982, 0.29649531841278076, 0.2478998303413391, 0.9822534322738647, 0.7166870832443237]], "sfx.logattacktime.mean": [0.4839499294757843], "sfx.inharmonicity.mean": [1.0671323537826538]}