{"lowlevel.spectral_centroid.mean": [0.6301196813583374], "lowlevel.spectral_contrast.mean": [[0.3829418420791626, 0.410652756690979, 0.4571232795715332, 0.43322205543518066, 0.43077945709228516, 0.7239375114440918]], "lowlevel.dissonance.mean": [0.6966854333877563], "lowlevel.hfc.mean": [0.47595643997192383], "lowlevel.mfcc.mean": [[0.8241457939147949, 0.3644905090332031, 0.4590834677219391, 0.5438123941421509, 0.143524169921875, 0.5220566987991333, 0.26865893602371216, 0.6151697039604187, 0.4046085774898529, 0.4770655930042267, 0.5375159978866577, 0.5192233324050903, 0.46370378136634827]], "sfx.logattacktime.mean": [0.3407215178012848], "sfx.inharmonicity.mean": [0.7116731405258179]}