{"lowlevel.spectral_centroid.mean": [0.30453383922576904], "lowlevel.spectral_contrast.mean": [[0.5038110017776489, 0.7230894565582275, 0.627650260925293, 0.22781038284301758, 0.2328934669494629, 0.26315855979919434]], "lowlevel.dissonance.mean": [-0.033036649227142334], "lowlevel.hfc.mean": [0.46532103419303894], "lowlevel.mfcc.mean": [[0.18745267391204834, 0.9346442222595215, 1.1424309015274048, 1.06257963180542, 0.8595512509346008, 0.6152632832527161, 0.6399155855178833, 0.5891391634941101, 0.5500845909118652, 0.38079679012298584, 0.20478790998458862, 0.1172977089881897, 0.22314202785491943]], "sfx.logattacktime.mean": [0.8494386672973633], "sfx.inharmonicity.mean": [0.5355643630027771]}