{"lowlevel.spectral_centroid.mean": [0.8559085130691528], "lowlevel.spectral_contrast.mean": [[-0.009427428245544434, 0.0983724594116211, 1.3202409744262695, 1.3182997703552246, 0.1751856803894043, 0.2213289737701416]], "lowlevel.dissonance.mean": [-0.19032758474349976], "lowlevel.hfc.mean": [0.5995887517929077], "lowlevel.mfcc.mean": [[0.26194751262664795, 0.46636736392974854, 0.30829358100891113, -0.323247492313385, -0.25443029403686523, 0.42009374499320984, 1.107716679573059, 1.1669806241989136, 0.7704845666885376, 0.1730504035949707, 0.3473181426525116, 0.5227863192558289, 0.194521963596344]], "sfx.logattacktime.mean": [0.3599395751953125], "sfx.inharmonicity.mean": [0.6480404138565063]}