{"lowlevel.spectral_centroid.mean": [0.336636483669281], "lowlevel.spectral_contrast.mean": [[0.9600189328193665, 1.434581995010376, 1.2871382236480713, 1.2442158460617065, 0.8970823287963867, 0.510004997253418]], "lowlevel.dissonance.mean": [-0.33246850967407227], "lowlevel.hfc.mean": [0.46694135665893555], "lowlevel.mfcc.mean": [[0.5025243759155273, 0.9608962535858154, 0.5015798211097717, 0.08982667326927185, 0.29613596200942993, 0.1640782654285431, 0.16904622316360474, 0.0683068335056305, -0.02099710702896118, -0.07523918151855469, -0.016306698322296143, 0.08576086163520813, 0.3157230317592621]], "sfx.logattacktime.mean": [0.37430596351623535], "sfx.inharmonicity.mean": [0.19086718559265137]}