{"lowlevel.spectral_centroid.mean": [0.3790796995162964], "lowlevel.spectral_contrast.mean": [[0.830544114112854, 0.7850850820541382, 0.8220541477203369, 0.8281573057174683, 0.7360608577728271, 0.6382293701171875]], "lowlevel.dissonance.mean": [0.4514819383621216], "lowlevel.hfc.mean": [0.4735344648361206], "lowlevel.mfcc.mean": [[0.6073378324508667, 0.5595304369926453, 0.19092008471488953, 0.3130444884300232, 0.09559875726699829, 0.010036259889602661, -0.03919893503189087, -0.1268864870071411, -0.06586289405822754, -0.050756096839904785, 0.037542760372161865, 0.1326950192451477, 0.1760883629322052]], "sfx.logattacktime.mean": [0.6926753520965576], "sfx.inharmonicity.mean": [0.8546638488769531]}