{"lowlevel.spectral_centroid.mean": [0.459344744682312], "lowlevel.spectral_contrast.mean": [[0.6196826100349426, 0.9572285413742065, 0.8712767362594604, 0.853300929069519, 0.7660598754882812, 0.5614614486694336]], "lowlevel.dissonance.mean": [0.27101659774780273], "lowlevel.hfc.mean": [0.467700332403183], "lowlevel.mfcc.mean": [[0.6378486156463623, 0.7949908971786499, 0.24181534349918365, 0.501910924911499, 0.4044135808944702, 0.3004148304462433, 0.24530091881752014, 0.3209768235683441, 0.2525240480899811, 0.48489993810653687, 0.3991793692111969, 0.20343217253684998, 0.25145772099494934]], "sfx.logattacktime.mean": [0.5267923474311829], "sfx.inharmonicity.mean": [0.5351070165634155]}