{"lowlevel.spectral_centroid.mean": [1.2621104717254639], "lowlevel.spectral_contrast.mean": [[0.27679431438446045, 0.5274288654327393, 0.5583546161651611, 0.617872953414917, 0.7889461517333984, 0.6878294944763184]], "lowlevel.dissonance.mean": [0.6225546598434448], "lowlevel.hfc.mean": [0.5041565299034119], "lowlevel.mfcc.mean": [[0.4654059410095215, 0.43596965074539185, 0.020502060651779175, 0.3508687913417816, 0.13773897290229797, 0.22504845261573792, 0.2981301546096802, 0.37182995676994324, 0.35795682668685913, 0.3087582588195801, 0.36347150802612305, 0.5222963094711304, 0.5086143016815186]], "sfx.logattacktime.mean": [0.7725613713264465], "sfx.inharmonicity.mean": [0.6519354581832886]}