{"lowlevel.spectral_centroid.mean": [1.0867457389831543], "lowlevel.spectral_contrast.mean": [[0.3860892057418823, 0.18853306770324707, 0.23398780822753906, 0.26568150520324707, 0.46375322341918945, 0.7572181224822998]], "lowlevel.dissonance.mean": [0.7296129465103149], "lowlevel.hfc.mean": [0.4735640287399292], "lowlevel.mfcc.mean": [[0.17414510250091553, 0.04952508956193924, 0.6451953053474426, 0.40356898307800293, 0.9657378196716309, 0.4151636064052582, 0.821823000907898, 0.840319812297821, 0.755208432674408, 0.5637047290802002, 0.7178678512573242, 0.9874372482299805, 0.31585419178009033]], "sfx.logattacktime.mean": [0.6351047158241272], "sfx.inharmonicity.mean": [0.763603687286377]}