{"lowlevel.spectral_centroid.mean": [0.5470798015594482], "lowlevel.spectral_contrast.mean": [[0.23399817943572998, 0.2518094778060913, 0.36072206497192383, 1.0964800119400024, 1.1129193305969238, 0.420637845993042]], "lowlevel.dissonance.mean": [0.6099216938018799], "lowlevel.hfc.mean": [0.5065789818763733], "lowlevel.mfcc.mean": [[0.5541738271713257, 0.37884098291397095, -0.09227851033210754, 0.25532960891723633, 1.1714842319488525, 0.7602828741073608, 0.2611582279205322, 0.5592742562294006, 0.7154245376586914, -0.04915428161621094, 0.43228837847709656, 1.04563570022583, 0.47449952363967896]], "sfx.logattacktime.mean": [0.4313449263572693], "sfx.inharmonicity.mean": [1.0405101776123047]}