{"lowlevel.spectral_centroid.mean": [0.3978530168533325], "lowlevel.spectral_contrast.mean": [[0.7740063667297363, 1.4226914644241333, 1.3439372777938843, 1.6375070810317993, 1.2097421884536743, 0.7065117359161377]], "lowlevel.dissonance.mean": [0.267134428024292], "lowlevel.hfc.mean": [0.5299663543701172], "lowlevel.mfcc.mean": [[0.8093403577804565, 0.5974313616752625, -0.11171510815620422, 0.2623530626296997, 0.2178087830543518, 0.20230507850646973, 0.2279684841632843, 0.5170080661773682, 0.35623520612716675, -0.07416766881942749, 0.16055849194526672, 0.5001350045204163, 0.6398215889930725]], "sfx.logattacktime.mean": [0.48044702410697937], "sfx.inharmonicity.mean": [0.30404365062713623]}