{"lowlevel.spectral_centroid.mean": [0.4567040205001831], "lowlevel.spectral_contrast.mean": [[0.23425328731536865, 0.7179950475692749, 0.6772902011871338, 0.6942925453186035, 0.6174509525299072, 0.46184325218200684]], "lowlevel.dissonance.mean": [0.2823183536529541], "lowlevel.hfc.mean": [0.467315137386322], "lowlevel.mfcc.mean": [[0.29873931407928467, 0.4799632728099823, 0.2941637933254242, 0.1954188495874405, 0.3022192120552063, 0.2655465006828308, 0.3794736862182617, 0.4871791899204254, 0.8486490249633789, 0.7704697847366333, 0.4647054374217987, 0.5561603307723999, 0.6056621074676514]], "sfx.logattacktime.mean": [0.5290567278862], "sfx.inharmonicity.mean": [0.502079963684082]}