{"lowlevel.spectral_centroid.mean": [0.42927131056785583], "lowlevel.spectral_contrast.mean": [[0.5252844095230103, 0.9190750122070312, 1.546236515045166, 1.246342658996582, 1.3504277467727661, 0.6798622608184814]], "lowlevel.dissonance.mean": [0.4473062753677368], "lowlevel.hfc.mean": [0.5806362628936768], "lowlevel.mfcc.mean": [[0.8023509979248047, 0.5296826958656311, -0.08042988181114197, 0.4792734980583191, 0.3467477560043335, 0.23142027854919434, 0.4582679271697998, 0.8769669532775879, 0.3857778012752533, 0.314807265996933, 0.4297516942024231, 0.7760584354400635, 0.7506359815597534]], "sfx.logattacktime.mean": [0.5317705273628235], "sfx.inharmonicity.mean": [0.40064454078674316]}