{"lowlevel.spectral_centroid.mean": [0.32611632347106934], "lowlevel.spectral_contrast.mean": [[1.0668840408325195, 0.8269346952438354, 0.5985572338104248, 0.5283453464508057, 0.6788320541381836, 0.7494282722473145]], "lowlevel.dissonance.mean": [0.38595056533813477], "lowlevel.hfc.mean": [0.4918459355831146], "lowlevel.mfcc.mean": [[0.7691586017608643, 1.0618072748184204, 0.3494185209274292, 0.9667488932609558, 0.7876189351081848, 0.5482532978057861, 0.6750428676605225, 0.4753040671348572, 0.617382287979126, 0.36153119802474976, 0.2688719928264618, 0.2773875594139099, 0.39777499437332153]], "sfx.logattacktime.mean": [0.5751858353614807], "sfx.inharmonicity.mean": [0.2785096764564514]}