{"lowlevel.spectral_centroid.mean": [0.3202437460422516], "lowlevel.spectral_contrast.mean": [[0.7299308180809021, 0.5498121976852417, 0.7001066207885742, 0.4991743564605713, 0.3444180488586426, 0.38066649436950684]], "lowlevel.dissonance.mean": [0.31145012378692627], "lowlevel.hfc.mean": [0.4739903509616852], "lowlevel.mfcc.mean": [[0.566696286201477, 0.8783038854598999, 0.8220702409744263, 0.5221177935600281, 0.5728013515472412, 0.6961395144462585, 0.6222789287567139, 0.6035553812980652, 0.5678840279579163, 0.5799977779388428, 0.3670298457145691, 0.18612301349639893, 0.22204914689064026]], "sfx.logattacktime.mean": [0.744313657283783], "sfx.inharmonicity.mean": [0.46024638414382935]}