{"lowlevel.spectral_centroid.mean": [0.9924037456512451], "lowlevel.spectral_contrast.mean": [[-0.008771181106567383, 0.09701383113861084, 1.076203465461731, 1.1310592889785767, 0.17426729202270508, 0.21770524978637695]], "lowlevel.dissonance.mean": [0.18691444396972656], "lowlevel.hfc.mean": [0.6064803004264832], "lowlevel.mfcc.mean": [[0.23546671867370605, 0.37503254413604736, 0.24333283305168152, -0.10435256361961365, 0.27045130729675293, 0.7126712799072266, 0.5539135932922363, 0.46199682354927063, 0.8975105881690979, 0.8886137008666992, 0.5396683216094971, -0.4548124074935913, -0.45685774087905884]], "sfx.logattacktime.mean": [0.3604266047477722], "sfx.inharmonicity.mean": [0.965226411819458]}