{"lowlevel.spectral_centroid.mean": [0.36873099207878113], "lowlevel.spectral_contrast.mean": [[1.0880005359649658, 0.7183094024658203, 0.5943197011947632, 0.4568367004394531, 0.5419435501098633, 0.8642528057098389]], "lowlevel.dissonance.mean": [0.36930668354034424], "lowlevel.hfc.mean": [0.5477259755134583], "lowlevel.mfcc.mean": [[0.8411115407943726, 0.9541357755661011, 0.37149733304977417, 1.1252217292785645, 0.598471462726593, 0.5166670680046082, 0.5488651394844055, 0.25599128007888794, 0.4102499783039093, 0.35980522632598877, 0.19809439778327942, 0.27606093883514404, 0.14389178156852722]], "sfx.logattacktime.mean": [0.4287380874156952], "sfx.inharmonicity.mean": [0.38863956928253174]}