{"lowlevel.spectral_centroid.mean": [0.32297226786613464], "lowlevel.spectral_contrast.mean": [[0.6355937719345093, 0.6315983533859253, 0.5318582057952881, 0.4241158962249756, 0.5204355716705322, 0.3454926013946533]], "lowlevel.dissonance.mean": [0.3053905963897705], "lowlevel.hfc.mean": [0.4653739631175995], "lowlevel.mfcc.mean": [[0.3816879987716675, 0.723779559135437, 0.6175339221954346, 0.6670794486999512, 0.7447785139083862, 0.4189406931400299, 0.6127645373344421, 0.7449179887771606, 0.4542839825153351, 0.25781524181365967, 0.1793222725391388, 0.026934832334518433, 0.20875275135040283]], "sfx.logattacktime.mean": [0.5717082023620605], "sfx.inharmonicity.mean": [0.2572314143180847]}