{"lowlevel.spectral_centroid.mean": [0.4195375442504883], "lowlevel.spectral_contrast.mean": [[0.1919628381729126, 0.531031608581543, 0.567977786064148, 0.5224382877349854, 0.5003740787506104, 0.43441057205200195]], "lowlevel.dissonance.mean": [0.48300278186798096], "lowlevel.hfc.mean": [0.46636900305747986], "lowlevel.mfcc.mean": [[0.26714491844177246, 0.26344698667526245, 0.4111396074295044, 0.4789890646934509, 0.3832095265388489, 0.37044402956962585, 0.45494934916496277, 0.49357661604881287, 0.5295250415802002, 0.5842711925506592, 0.6879044771194458, 0.8443467617034912, 0.7418795824050903]], "sfx.logattacktime.mean": [0.22175630927085876], "sfx.inharmonicity.mean": [0.42758387327194214]}