{"lowlevel.spectral_centroid.mean": [0.3592068552970886], "lowlevel.spectral_contrast.mean": [[0.768021821975708, 0.6923925876617432, 0.6534671783447266, 0.4739060401916504, 0.40799760818481445, 0.34453916549682617]], "lowlevel.dissonance.mean": [0.03676772117614746], "lowlevel.hfc.mean": [0.4709390103816986], "lowlevel.mfcc.mean": [[0.26029646396636963, 0.6005736589431763, 0.7162191867828369, 0.5252625942230225, 0.5687708258628845, 0.37700212001800537, 0.3747017979621887, 0.42236149311065674, 0.2840174734592438, 0.02557358145713806, 0.029838383197784424, -0.003527134656906128, -0.047070324420928955]], "sfx.logattacktime.mean": [0.24297872185707092], "sfx.inharmonicity.mean": [0.21629194915294647]}