{"lowlevel.spectral_centroid.mean": [0.6100521683692932], "lowlevel.spectral_contrast.mean": [[0.25591588020324707, 0.21679365634918213, 0.23346352577209473, 0.8585449457168579, 0.6976325511932373, 0.5236282348632812]], "lowlevel.dissonance.mean": [0.6701112985610962], "lowlevel.hfc.mean": [0.49403026700019836], "lowlevel.mfcc.mean": [[0.15484118461608887, 0.12004241347312927, 0.42883962392807007, 0.43217864632606506, 0.6183657050132751, 0.8469513654708862, 0.8241013288497925, 0.29862913489341736, 0.15467780828475952, 1.0665382146835327, 0.9191765189170837, 0.5421425700187683, 0.6840613484382629]], "sfx.logattacktime.mean": [0.42785048484802246], "sfx.inharmonicity.mean": [0.48347195982933044]}