{"lowlevel.spectral_centroid.mean": [0.47194617986679077], "lowlevel.spectral_contrast.mean": [[0.1951204538345337, 0.9859622716903687, 0.6696239709854126, 1.0805094242095947, 1.156109094619751, 0.7667803764343262]], "lowlevel.dissonance.mean": [0.546489953994751], "lowlevel.hfc.mean": [0.48348158597946167], "lowlevel.mfcc.mean": [[0.5066620111465454, 0.16447612643241882, 0.18516933917999268, 0.6350908875465393, 0.27599114179611206, 0.11046987771987915, 0.27333393692970276, 0.19133856892585754, 0.4483197331428528, 0.9647037386894226, 0.8485652804374695, 0.7646446228027344, 0.8008987307548523]], "sfx.logattacktime.mean": [0.5935271382331848], "sfx.inharmonicity.mean": [0.40253227949142456]}