{"lowlevel.spectral_centroid.mean": [0.3589945137500763], "lowlevel.spectral_contrast.mean": [[0.607879638671875, 0.8318779468536377, 1.132256031036377, 0.9765335321426392, 0.9197583198547363, 0.6942167282104492]], "lowlevel.dissonance.mean": [0.2076166868209839], "lowlevel.hfc.mean": [0.47588783502578735], "lowlevel.mfcc.mean": [[0.5780181884765625, 0.8043594360351562, 0.3462643027305603, 0.3419739305973053, 0.11566954851150513, 0.10779577493667603, 0.2926398515701294, 0.3606570065021515, 0.3858586847782135, 0.4030357599258423, 0.31097859144210815, 0.30748462677001953, 0.4778634309768677]], "sfx.logattacktime.mean": [0.5221385359764099], "sfx.inharmonicity.mean": [1.1550718545913696]}