{"lowlevel.spectral_centroid.mean": [0.36649370193481445], "lowlevel.spectral_contrast.mean": [[0.4586527347564697, 1.5302263498306274, 1.5503480434417725, 1.4772671461105347, 1.280210256576538, 0.6859748363494873]], "lowlevel.dissonance.mean": [0.2023470401763916], "lowlevel.hfc.mean": [0.5455567836761475], "lowlevel.mfcc.mean": [[0.7648663520812988, 0.5756139159202576, -0.09179189801216125, 0.4272775948047638, 0.21878278255462646, -0.04468858242034912, 0.024690866470336914, 0.6362754702568054, 0.2617519497871399, 0.1767978072166443, 0.4733331799507141, 0.913266122341156, 1.4088906049728394]], "sfx.logattacktime.mean": [0.485622763633728], "sfx.inharmonicity.mean": [0.2733501195907593]}