{"lowlevel.spectral_centroid.mean": [0.40096235275268555], "lowlevel.spectral_contrast.mean": [[0.8023777008056641, 1.0815752744674683, 1.408928394317627, 0.4449656009674072, 0.32001614570617676, 0.381650447845459]], "lowlevel.dissonance.mean": [-0.22666770219802856], "lowlevel.hfc.mean": [0.47661271691322327], "lowlevel.mfcc.mean": [[0.5989482402801514, 0.46400079131126404, 0.6657243967056274, -0.04125797748565674, -0.403938353061676, -0.2450374960899353, 0.10904344916343689, 0.4373178482055664, 0.46655595302581787, 0.39605912566185, 0.21329021453857422, 0.09362709522247314, -0.008476972579956055]], "sfx.logattacktime.mean": [0.2497462034225464], "sfx.inharmonicity.mean": [0.338858962059021]}