{"lowlevel.spectral_centroid.mean": [0.3479418456554413], "lowlevel.spectral_contrast.mean": [[0.40087568759918213, 0.7677104473114014, 0.7424945831298828, 0.5649979114532471, 0.3538510799407959, 0.30994105339050293]], "lowlevel.dissonance.mean": [-0.05412113666534424], "lowlevel.hfc.mean": [0.4652197062969208], "lowlevel.mfcc.mean": [[0.30993103981018066, 0.7078478336334229, 0.7833570241928101, 0.33957910537719727, 0.2078675627708435, 0.317829430103302, 0.5445234775543213, 0.5558106303215027, 0.3761754333972931, 0.22128286957740784, 0.34552305936813354, 0.5353513956069946, 0.6741386651992798]], "sfx.logattacktime.mean": [0.7658807635307312], "sfx.inharmonicity.mean": [0.36986804008483887]}