{"lowlevel.spectral_centroid.mean": [0.3177955150604248], "lowlevel.spectral_contrast.mean": [[0.3457157611846924, 0.4208141565322876, 0.4769221544265747, 0.40076160430908203, 0.2984499931335449, 0.2785470485687256]], "lowlevel.dissonance.mean": [0.38172709941864014], "lowlevel.hfc.mean": [0.46638596057891846], "lowlevel.mfcc.mean": [[0.2955728769302368, 0.6651085615158081, 0.735110878944397, 0.5055118203163147, 0.5610072612762451, 0.5035507082939148, 0.3979927897453308, 0.31473344564437866, 0.4586864709854126, 0.5227332711219788, 0.5316749215126038, 0.38376644253730774, 0.30483734607696533]], "sfx.logattacktime.mean": [0.4379308223724365], "sfx.inharmonicity.mean": [0.24256868660449982]}