{"lowlevel.spectral_centroid.mean": [0.3465677499771118], "lowlevel.spectral_contrast.mean": [[0.8431565761566162, 0.6513781547546387, 0.649834156036377, 0.46750807762145996, 0.3877146244049072, 0.3260681629180908]], "lowlevel.dissonance.mean": [0.04014086723327637], "lowlevel.hfc.mean": [0.4709763526916504], "lowlevel.mfcc.mean": [[0.2530602216720581, 0.6077563762664795, 0.7563599348068237, 0.5398203730583191, 0.5445303916931152, 0.39656564593315125, 0.39577940106391907, 0.37809011340141296, 0.24663811922073364, -0.005363523960113525, -0.020318031311035156, -0.03702026605606079, -0.0702105164527893]], "sfx.logattacktime.mean": [0.24815186858177185], "sfx.inharmonicity.mean": [0.28502148389816284]}