{"lowlevel.spectral_centroid.mean": [0.8864136934280396], "lowlevel.spectral_contrast.mean": [[0.2945612668991089, 0.3202381134033203, 0.40881848335266113, 0.5616128444671631, 0.8777034282684326, 0.2105848789215088]], "lowlevel.dissonance.mean": [0.7057262659072876], "lowlevel.hfc.mean": [0.5008871555328369], "lowlevel.mfcc.mean": [[0.4074054956436157, 0.5100918412208557, -0.06113055348396301, 0.37986674904823303, 0.7586095333099365, 0.09522572159767151, 0.6748641729354858, 0.6579549312591553, 0.06517508625984192, 0.37108877301216125, 0.5865674018859863, 0.5337026715278625, 0.5663487911224365]], "sfx.logattacktime.mean": [0.33172762393951416], "sfx.inharmonicity.mean": [0.7027509212493896]}