{"lowlevel.spectral_centroid.mean": [0.611239492893219], "lowlevel.spectral_contrast.mean": [[0.2858484983444214, 0.46426069736480713, 0.24283432960510254, 0.1976468563079834, 0.20547795295715332, 0.23354005813598633]], "lowlevel.dissonance.mean": [0.40627026557922363], "lowlevel.hfc.mean": [0.46553900837898254], "lowlevel.mfcc.mean": [[0.14781641960144043, 0.3412642478942871, 0.6458979249000549, 0.5987753868103027, 0.6588572859764099, 0.5866041779518127, 0.5565322041511536, 0.4792081415653229, 0.4486815333366394, 0.40797752141952515, 0.4699012041091919, 0.4893367886543274, 0.5368520617485046]], "sfx.logattacktime.mean": [0.15433108806610107], "sfx.inharmonicity.mean": [0.36249440908432007]}