{"lowlevel.spectral_centroid.mean": [0.4081481099128723], "lowlevel.spectral_contrast.mean": [[0.8881664872169495, 0.7328909635543823, 0.7965128421783447, 0.843889594078064, 0.7404389381408691, 0.7518515586853027]], "lowlevel.dissonance.mean": [0.6240510940551758], "lowlevel.hfc.mean": [0.48102235794067383], "lowlevel.mfcc.mean": [[0.7222295999526978, 0.6782965660095215, -0.26335325837135315, 0.020187020301818848, -0.3358687162399292, -0.046134352684020996, -0.08185207843780518, -0.31304478645324707, -0.20849263668060303, -0.17401927709579468, -0.03578001260757446, 0.023035913705825806, 0.2085866928100586]], "sfx.logattacktime.mean": [0.5727656483650208], "sfx.inharmonicity.mean": [0.9239566326141357]}