{"lowlevel.spectral_centroid.mean": [0.3280438780784607], "lowlevel.spectral_contrast.mean": [[0.5359435081481934, 0.6136915683746338, 0.7427592277526855, 0.5976266860961914, 0.6206941604614258, 0.2792229652404785]], "lowlevel.dissonance.mean": [0.1841965913772583], "lowlevel.hfc.mean": [0.4666922092437744], "lowlevel.mfcc.mean": [[0.3187483549118042, 1.0027779340744019, 0.5388965010643005, 0.248434916138649, 0.5731675624847412, 0.4286328852176666, 0.40252843499183655, 0.41844215989112854, 0.35853132605552673, 0.3159717917442322, 0.497944176197052, 0.5322165489196777, 0.45401889085769653]], "sfx.logattacktime.mean": [0.28095531463623047], "sfx.inharmonicity.mean": [0.49877387285232544]}