{"lowlevel.spectral_centroid.mean": [0.40220460295677185], "lowlevel.spectral_contrast.mean": [[0.38233137130737305, 0.49698102474212646, 0.525638222694397, 0.503760814666748, 0.588252067565918, 0.720914363861084]], "lowlevel.dissonance.mean": [0.5927932262420654], "lowlevel.hfc.mean": [0.4690448045730591], "lowlevel.mfcc.mean": [[0.5307283401489258, 0.5734001398086548, 0.46377936005592346, 0.7068533897399902, 0.2577536702156067, 0.6854743957519531, 0.6115319132804871, 0.4736005663871765, 0.5884903073310852, 0.48331418633461, 0.6077802181243896, 0.5451595187187195, 0.6847817897796631]], "sfx.logattacktime.mean": [0.6071603894233704], "sfx.inharmonicity.mean": [0.500290036201477]}