{"lowlevel.spectral_centroid.mean": [0.34075453877449036], "lowlevel.spectral_contrast.mean": [[0.6268823146820068, 1.0115718841552734, 1.0461301803588867, 0.8525782823562622, 0.7496552467346191, 0.51169753074646]], "lowlevel.dissonance.mean": [0.26231539249420166], "lowlevel.hfc.mean": [0.5057531595230103], "lowlevel.mfcc.mean": [[0.5433510541915894, 0.6566357612609863, 0.37468093633651733, 0.4745302200317383, 0.278451144695282, 0.2675494849681854, 0.4134097993373871, 0.5900958180427551, 0.8124762773513794, 0.5247375965118408, 0.44742852449417114, 0.5207560062408447, 0.5276072025299072]], "sfx.logattacktime.mean": [0.5742901563644409], "sfx.inharmonicity.mean": [0.2263658344745636]}