{"lowlevel.spectral_centroid.mean": [0.34211301803588867], "lowlevel.spectral_contrast.mean": [[1.0432562828063965, 1.431463360786438, 1.4749114513397217, 1.3638371229171753, 0.9868190288543701, 0.5472416877746582]], "lowlevel.dissonance.mean": [-0.15383565425872803], "lowlevel.hfc.mean": [0.46813836693763733], "lowlevel.mfcc.mean": [[0.5350930690765381, 0.9302017688751221, 0.3447916507720947, 0.07501360774040222, 0.28173771500587463, 0.07322534918785095, 0.05745229125022888, -0.10323923826217651, -0.08778136968612671, 0.011427223682403564, 0.24227622151374817, 0.42050302028656006, 0.28709733486175537]], "sfx.logattacktime.mean": [0.3691810667514801], "sfx.inharmonicity.mean": [0.19790121912956238]}