{"lowlevel.spectral_centroid.mean": [0.6321037411689758], "lowlevel.spectral_contrast.mean": [[0.5823386907577515, 0.20165526866912842, 0.25038743019104004, 0.37035202980041504, 0.2878854274749756, 0.7844915390014648]], "lowlevel.dissonance.mean": [0.7133500576019287], "lowlevel.hfc.mean": [0.48062634468078613], "lowlevel.mfcc.mean": [[0.13895952701568604, 0.14017322659492493, 0.6338463425636292, 0.5575088858604431, 0.6802059412002563, 0.8930079936981201, 0.8454310297966003, 0.5735923647880554, 1.0406057834625244, 0.7748308181762695, 0.7081298232078552, 1.074281930923462, 0.32121583819389343]], "sfx.logattacktime.mean": [0.4117748737335205], "sfx.inharmonicity.mean": [0.6179056167602539]}