{"lowlevel.spectral_centroid.mean": [0.35605841875076294], "lowlevel.spectral_contrast.mean": [[0.2401825189590454, 0.5895603895187378, 0.37676501274108887, 0.29691576957702637, 0.2578921318054199, 0.26063966751098633]], "lowlevel.dissonance.mean": [0.24488341808319092], "lowlevel.hfc.mean": [0.46586427092552185], "lowlevel.mfcc.mean": [[0.14266431331634521, 0.38038069009780884, 0.6876489520072937, 0.5661104321479797, 0.5266429781913757, 0.4070514142513275, 0.39020901918411255, 0.3260014057159424, 0.34247225522994995, 0.3487195074558258, 0.4363597333431244, 0.523489236831665, 0.6511850357055664]], "sfx.logattacktime.mean": [0.14387378096580505], "sfx.inharmonicity.mean": [0.270937979221344]}