{"lowlevel.spectral_centroid.mean": [0.5148067474365234], "lowlevel.spectral_contrast.mean": [[0.9106497764587402, 0.803398847579956, 0.8707042932510376, 0.7602189779281616, 0.8062186241149902, 0.6273126602172852]], "lowlevel.dissonance.mean": [0.10816609859466553], "lowlevel.hfc.mean": [0.47437772154808044], "lowlevel.mfcc.mean": [[0.35031652450561523, 0.3811928331851959, 0.3800898492336273, 0.42220672965049744, 0.23171481490135193, 0.10002574324607849, 0.06922513246536255, 0.1133970320224762, 0.17114847898483276, 0.14126738905906677, 0.026314646005630493, -0.08819013833999634, -0.02155458927154541]], "sfx.logattacktime.mean": [0.42515480518341064], "sfx.inharmonicity.mean": [0.37184885144233704]}