{"lowlevel.spectral_centroid.mean": [0.37407752871513367], "lowlevel.spectral_contrast.mean": [[0.5732473134994507, 0.5097054243087769, 0.3851311206817627, 0.23796296119689941, 0.19728422164916992, 0.23521947860717773]], "lowlevel.dissonance.mean": [0.08107483386993408], "lowlevel.hfc.mean": [0.46515417098999023], "lowlevel.mfcc.mean": [[0.16440832614898682, 0.41710856556892395, 0.730504035949707, 0.6248859167098999, 0.6208939552307129, 0.5692377090454102, 0.5752058029174805, 0.4773244559764862, 0.449186235666275, 0.3708513379096985, 0.2893398404121399, 0.30801910161972046, 0.2873619496822357]], "sfx.logattacktime.mean": [0.2535698711872101], "sfx.inharmonicity.mean": [0.20613543689250946]}