{"lowlevel.spectral_centroid.mean": [0.3451373875141144], "lowlevel.spectral_contrast.mean": [[0.7178552150726318, 0.7128037214279175, 0.7672315835952759, 0.7483150959014893, 0.3284921646118164, 0.29511499404907227]], "lowlevel.dissonance.mean": [-0.17740017175674438], "lowlevel.hfc.mean": [0.470605731010437], "lowlevel.mfcc.mean": [[0.41254115104675293, 0.8496780395507812, 0.7698588371276855, 0.41854673624038696, 0.30406248569488525, 0.3063563108444214, 0.372409462928772, 0.3794403672218323, 0.3839593529701233, 0.4300574064254761, 0.5651564002037048, 0.6401114463806152, 0.6464807391166687]], "sfx.logattacktime.mean": [0.22405296564102173], "sfx.inharmonicity.mean": [0.25369542837142944]}