{"lowlevel.spectral_centroid.mean": [0.32081034779548645], "lowlevel.spectral_contrast.mean": [[1.2442216873168945, 0.9148392677307129, 0.7612659931182861, 0.421893835067749, 0.27230048179626465, 0.2343909740447998]], "lowlevel.dissonance.mean": [0.03617584705352783], "lowlevel.hfc.mean": [0.4708269238471985], "lowlevel.mfcc.mean": [[0.352924108505249, 0.8925330638885498, 1.037819743156433, 0.571605384349823, 0.26275634765625, -0.043352723121643066, -0.1555371880531311, -0.21707695722579956, -0.21078795194625854, -0.28219372034072876, -0.20347446203231812, -0.09901660680770874, 0.10941335558891296]], "sfx.logattacktime.mean": [0.23484370112419128], "sfx.inharmonicity.mean": [0.3178791403770447]}