{"lowlevel.spectral_centroid.mean": [0.8428170680999756], "lowlevel.spectral_contrast.mean": [[0.2616957426071167, 0.1582050323486328, 0.5438857078552246, 0.2241673469543457, 0.9204583168029785, 0.8300161361694336]], "lowlevel.dissonance.mean": [0.6897516250610352], "lowlevel.hfc.mean": [0.509111762046814], "lowlevel.mfcc.mean": [[0.24344027042388916, -0.06695938110351562, 0.4909101128578186, 0.5218342542648315, 0.3091241121292114, 0.3790619969367981, 0.8505676984786987, 0.6913611888885498, 0.811333417892456, 0.4079173505306244, 0.2693193554878235, 0.5994146466255188, 0.3627951145172119]], "sfx.logattacktime.mean": [0.7581783533096313], "sfx.inharmonicity.mean": [0.7999101877212524]}