{"lowlevel.spectral_centroid.mean": [0.5761615633964539], "lowlevel.spectral_contrast.mean": [[0.4000765085220337, 0.5913734436035156, 0.9738620519638062, 0.7497559785842896, 0.7481963634490967, 0.7480823993682861]], "lowlevel.dissonance.mean": [0.6619749069213867], "lowlevel.hfc.mean": [0.6806505918502808], "lowlevel.mfcc.mean": [[1.203874111175537, 0.27785831689834595, 0.30117067694664, 0.31779974699020386, 0.2520703673362732, 0.4514015018939972, 0.5277987122535706, 0.6115983724594116, 0.47586432099342346, 0.34686657786369324, 0.253129780292511, 0.4049862027168274, 0.42923983931541443]], "sfx.logattacktime.mean": [0.3000369966030121], "sfx.inharmonicity.mean": [0.9317593574523926]}