{"lowlevel.spectral_centroid.mean": [0.3854168653488159], "lowlevel.spectral_contrast.mean": [[0.741668701171875, 1.3934741020202637, 1.358383059501648, 1.550013780593872, 1.2327765226364136, 0.7463350296020508]], "lowlevel.dissonance.mean": [0.31980133056640625], "lowlevel.hfc.mean": [0.5715029239654541], "lowlevel.mfcc.mean": [[0.779426097869873, 0.601018488407135, -0.029913514852523804, 0.3751734495162964, 0.26065707206726074, 0.24848636984825134, 0.32880696654319763, 0.6558195352554321, 0.32446861267089844, 0.0727483332157135, 0.19267472624778748, 0.6057722568511963, 0.5936495661735535]], "sfx.logattacktime.mean": [0.5774866938591003], "sfx.inharmonicity.mean": [0.3069295287132263]}