{"lowlevel.spectral_centroid.mean": [0.8789153099060059], "lowlevel.spectral_contrast.mean": [[0.48377323150634766, 0.2087465524673462, 0.23586273193359375, 0.23963689804077148, 0.8122153282165527, 1.047187089920044]], "lowlevel.dissonance.mean": [0.7180914878845215], "lowlevel.hfc.mean": [0.5071017146110535], "lowlevel.mfcc.mean": [[0.21705317497253418, 0.044776856899261475, 0.7072573900222778, 0.7014569640159607, 0.7577656507492065, 0.6639624238014221, 0.9333935976028442, 1.0226380825042725, 0.6637929677963257, 0.3632211685180664, 1.6572134494781494, -0.01578843593597412, 0.633852481842041]], "sfx.logattacktime.mean": [0.573697566986084], "sfx.inharmonicity.mean": [0.6206613183021545]}