{"lowlevel.spectral_centroid.mean": [0.5183752179145813], "lowlevel.spectral_contrast.mean": [[0.19986867904663086, 0.30526256561279297, 0.5985567569732666, 0.799689531326294, 0.7028849124908447, 0.6149797439575195]], "lowlevel.dissonance.mean": [0.6088322401046753], "lowlevel.hfc.mean": [0.48635655641555786], "lowlevel.mfcc.mean": [[0.37260866165161133, 0.2329523116350174, 0.3960385322570801, 0.41235846281051636, 0.38486355543136597, 0.5686196684837341, 0.5789059400558472, 0.45459485054016113, 0.5807598829269409, 0.6888120174407959, 0.5642505288124084, 0.3199286460876465, 0.31238895654678345]], "sfx.logattacktime.mean": [0.4402378499507904], "sfx.inharmonicity.mean": [0.6788536310195923]}