{"lowlevel.spectral_centroid.mean": [0.38020050525665283], "lowlevel.spectral_contrast.mean": [[0.6805839538574219, 0.7912685871124268, 1.0420981645584106, 0.9334585666656494, 0.8449399471282959, 0.7555434703826904]], "lowlevel.dissonance.mean": [0.3432199954986572], "lowlevel.hfc.mean": [0.4768265187740326], "lowlevel.mfcc.mean": [[0.6695499420166016, 0.9134163856506348, 0.06576603651046753, 0.0797179639339447, 0.026191413402557373, 0.0222398042678833, 0.24954596161842346, 0.23195865750312805, 0.3763006627559662, 0.3112677335739136, 0.2982274293899536, 0.25062400102615356, 0.2316390573978424]], "sfx.logattacktime.mean": [0.6121842861175537], "sfx.inharmonicity.mean": [0.8191922903060913]}