{"lowlevel.spectral_centroid.mean": [0.31471914052963257], "lowlevel.spectral_contrast.mean": [[0.7614492774009705, 0.6261601448059082, 0.5721951723098755, 0.4443333148956299, 0.4989950656890869, 0.34806132316589355]], "lowlevel.dissonance.mean": [0.307369589805603], "lowlevel.hfc.mean": [0.4679662883281708], "lowlevel.mfcc.mean": [[0.4768000841140747, 0.8745701313018799, 0.7512075304985046, 0.5727747678756714, 0.9530499577522278, 0.6253180503845215, 0.5718315839767456, 0.5447998642921448, 0.6471502780914307, 0.4672877788543701, 0.3583901524543762, 0.38838034868240356, 0.33612433075904846]], "sfx.logattacktime.mean": [0.7085704207420349], "sfx.inharmonicity.mean": [0.224464550614357]}