{"lowlevel.spectral_centroid.mean": [0.9262130260467529], "lowlevel.spectral_contrast.mean": [[0.07527685165405273, 0.14179277420043945, 0.17904400825500488, 0.6191055774688721, 0.4102492332458496, 0.39343714714050293]], "lowlevel.dissonance.mean": [0.7013816833496094], "lowlevel.hfc.mean": [0.4696362614631653], "lowlevel.mfcc.mean": [[-0.0824885368347168, 0.11730166524648666, 0.4289323091506958, 0.34572482109069824, 0.5346749424934387, 0.6135976314544678, 0.5758734941482544, 0.2767099142074585, 0.22361963987350464, 0.7172675132751465, 0.7009881734848022, 0.4006712734699249, 0.47838056087493896]], "sfx.logattacktime.mean": [0.40360358357429504], "sfx.inharmonicity.mean": [0.9094867706298828]}