{"lowlevel.spectral_centroid.mean": [0.3336855173110962], "lowlevel.spectral_contrast.mean": [[0.7509068250656128, 0.6998077630996704, 0.7385656833648682, 0.6416339874267578, 0.5428164005279541, 0.3954765796661377]], "lowlevel.dissonance.mean": [0.063254714012146], "lowlevel.hfc.mean": [0.46511080861091614], "lowlevel.mfcc.mean": [[0.3138488531112671, 0.6827526092529297, 0.6266388893127441, 0.3373435437679291, 0.5196268558502197, 0.39076927304267883, 0.284403920173645, 0.32850176095962524, 0.4282439649105072, 0.33280742168426514, 0.34373199939727783, 0.3315540552139282, 0.2631306052207947]], "sfx.logattacktime.mean": [0.6118068099021912], "sfx.inharmonicity.mean": [0.2794085443019867]}