{"lowlevel.spectral_centroid.mean": [0.3613754212856293], "lowlevel.spectral_contrast.mean": [[0.38731157779693604, 0.48998284339904785, 0.584399938583374, 0.5428402423858643, 0.5647895336151123, 0.39282727241516113]], "lowlevel.dissonance.mean": [0.5164792537689209], "lowlevel.hfc.mean": [0.4658271074295044], "lowlevel.mfcc.mean": [[0.5406235456466675, 0.8707478046417236, 0.31498315930366516, 0.4919523000717163, 0.5306050181388855, 0.399478018283844, 0.4399389624595642, 0.4696597456932068, 0.5261160135269165, 0.4738321602344513, 0.39203959703445435, 0.34763461351394653, 0.4428063631057739]], "sfx.logattacktime.mean": [0.9770445823669434], "sfx.inharmonicity.mean": [0.8487011194229126]}