{"lowlevel.spectral_centroid.mean": [0.4218592345714569], "lowlevel.spectral_contrast.mean": [[0.19679737091064453, 0.4455820322036743, 1.0269750356674194, 0.8724946975708008, 0.9740724563598633, 0.5603344440460205]], "lowlevel.dissonance.mean": [0.41706860065460205], "lowlevel.hfc.mean": [0.4719979763031006], "lowlevel.mfcc.mean": [[0.3964273929595947, 0.4456793963909149, -0.14955458045005798, -0.20338761806488037, 0.029896467924118042, 0.33669671416282654, 0.638738751411438, 0.8608318567276001, 1.009709119796753, 0.4921829104423523, 0.615467369556427, 0.7038950324058533, 0.3398599624633789]], "sfx.logattacktime.mean": [0.5008180737495422], "sfx.inharmonicity.mean": [1.3610285520553589]}