{"lowlevel.spectral_centroid.mean": [0.4535927176475525], "lowlevel.spectral_contrast.mean": [[0.4940997362136841, 0.6880718469619751, 0.7988991737365723, 0.87907874584198, 0.8727037906646729, 0.865105152130127]], "lowlevel.dissonance.mean": [0.611614465713501], "lowlevel.hfc.mean": [0.47795742750167847], "lowlevel.mfcc.mean": [[0.8565055131912231, 0.6433365345001221, -0.032211869955062866, 0.5228744745254517, 0.10619017481803894, 0.4018935561180115, 0.47404244542121887, 0.27949976921081543, 0.44010022282600403, 0.3984820246696472, 0.5144743919372559, 0.5273300409317017, 0.5050218105316162]], "sfx.logattacktime.mean": [0.8244677782058716], "sfx.inharmonicity.mean": [0.7661623954772949]}