{"lowlevel.spectral_centroid.mean": [0.36398613452911377], "lowlevel.spectral_contrast.mean": [[0.42973387241363525, 1.1615668535232544, 0.3993417024612427, 0.32369065284729004, 0.4251575469970703, 0.30139899253845215]], "lowlevel.dissonance.mean": [-0.0019574761390686035], "lowlevel.hfc.mean": [0.5438001155853271], "lowlevel.mfcc.mean": [[0.3025771379470825, 0.6145507097244263, 0.7099236249923706, 0.5195955038070679, 0.438864529132843, 0.0996188223361969, -0.09194236993789673, -0.06283468008041382, -0.3392964005470276, -0.39733290672302246, 0.04836127161979675, 0.5560663342475891, 0.8522554636001587]], "sfx.logattacktime.mean": [0.28373801708221436], "sfx.inharmonicity.mean": [0.26810422539711]}