{"lowlevel.spectral_centroid.mean": [0.4664425253868103], "lowlevel.spectral_contrast.mean": [[0.2191929817199707, 0.19372344017028809, 0.204087495803833, 0.7791693210601807, 0.4416840076446533, 0.31842613220214844]], "lowlevel.dissonance.mean": [0.6947087049484253], "lowlevel.hfc.mean": [0.4773404598236084], "lowlevel.mfcc.mean": [[0.10182929039001465, 0.17911702394485474, 0.44499117136001587, 0.446631520986557, 0.627037763595581, 0.8517211675643921, 0.6136963367462158, 0.21052056550979614, 0.5537066459655762, 0.9562610387802124, 0.7332938313484192, 0.36953333020210266, 0.25574618577957153]], "sfx.logattacktime.mean": [0.1537630558013916], "sfx.inharmonicity.mean": [0.4822911322116852]}