{"lowlevel.spectral_centroid.mean": [0.39119836688041687], "lowlevel.spectral_contrast.mean": [[0.3382679224014282, 0.3916991949081421, 0.40669023990631104, 0.3529036045074463, 0.3917815685272217, 0.3667922019958496]], "lowlevel.dissonance.mean": [0.6242629289627075], "lowlevel.hfc.mean": [0.46510013937950134], "lowlevel.mfcc.mean": [[0.32646799087524414, 0.527550458908081, 0.34216001629829407, 0.39378786087036133, 0.3966648578643799, 0.17238777875900269, 0.3770785927772522, 0.2689342200756073, 0.2628382444381714, 0.26838958263397217, 0.22081336379051208, 0.30874454975128174, 0.5408490300178528]], "sfx.logattacktime.mean": [0.508243978023529], "sfx.inharmonicity.mean": [0.4033532440662384]}