{"lowlevel.spectral_centroid.mean": [0.47623854875564575], "lowlevel.spectral_contrast.mean": [[0.18848097324371338, 0.20885062217712402, 0.2037348747253418, 0.9816931486129761, 0.49260759353637695, 0.333418607711792]], "lowlevel.dissonance.mean": [0.7202169895172119], "lowlevel.hfc.mean": [0.4761827290058136], "lowlevel.mfcc.mean": [[0.11551737785339355, 0.19978441298007965, 0.44830799102783203, 0.5021919012069702, 0.764694094657898, 0.93560791015625, 0.464213490486145, 0.16572749614715576, 0.8222337365150452, 1.0761232376098633, 0.46699845790863037, 0.12580379843711853, 0.3048062324523926]], "sfx.logattacktime.mean": [0.16504132747650146], "sfx.inharmonicity.mean": [0.6082445979118347]}