{"lowlevel.spectral_centroid.mean": [0.38537243008613586], "lowlevel.spectral_contrast.mean": [[0.7254776358604431, 1.1179416179656982, 0.5571441650390625, 0.5754938125610352, 0.6006927490234375, 1.2548472881317139]], "lowlevel.dissonance.mean": [0.48547375202178955], "lowlevel.hfc.mean": [0.537829577922821], "lowlevel.mfcc.mean": [[0.9712982177734375, 0.8551225662231445, 0.18651652336120605, 1.1539437770843506, 0.23257146775722504, 0.41561007499694824, 0.20054906606674194, -0.016748785972595215, 0.16112878918647766, 0.23329254984855652, 0.31679755449295044, 0.6561952233314514, 0.5703230500221252]], "sfx.logattacktime.mean": [0.7309000492095947], "sfx.inharmonicity.mean": [0.4998246729373932]}