{"lowlevel.spectral_centroid.mean": [0.3675481677055359], "lowlevel.spectral_contrast.mean": [[0.5092647075653076, 0.6222878694534302, 0.6084768772125244, 0.4718892574310303, 0.43912839889526367, 0.39902186393737793]], "lowlevel.dissonance.mean": [0.3939763307571411], "lowlevel.hfc.mean": [0.468031644821167], "lowlevel.mfcc.mean": [[0.39013004302978516, 0.7358509302139282, 0.5901334285736084, 0.3649452328681946, 0.3141477108001709, 0.30101725459098816, 0.45048320293426514, 0.6107213497161865, 0.8021022081375122, 0.8361528515815735, 0.8377362489700317, 0.797126054763794, 0.8013287782669067]], "sfx.logattacktime.mean": [0.6231127977371216], "sfx.inharmonicity.mean": [0.32268601655960083]}