{"lowlevel.spectral_centroid.mean": [0.39515039324760437], "lowlevel.spectral_contrast.mean": [[0.576484203338623, 0.5606573820114136, 0.3190114498138428, 0.39789867401123047, 0.3841376304626465, 0.33756041526794434]], "lowlevel.dissonance.mean": [0.3490675687789917], "lowlevel.hfc.mean": [0.46773195266723633], "lowlevel.mfcc.mean": [[0.18394386768341064, 0.41196367144584656, 0.7010955810546875, 0.7061174511909485, 0.6946137547492981, 0.5454163551330566, 0.4909871816635132, 0.43518325686454773, 0.5242806077003479, 0.59943026304245, 0.6707566380500793, 0.7018458843231201, 0.7747458219528198]], "sfx.logattacktime.mean": [0.3482860028743744], "sfx.inharmonicity.mean": [0.3224511742591858]}