{"lowlevel.spectral_centroid.mean": [0.3249792456626892], "lowlevel.spectral_contrast.mean": [[0.8628007173538208, 0.7977422475814819, 0.5426055192947388, 0.33233022689819336, 0.19296908378601074, 0.20805692672729492]], "lowlevel.dissonance.mean": [-0.31882649660110474], "lowlevel.hfc.mean": [0.46559229493141174], "lowlevel.mfcc.mean": [[0.20150423049926758, 0.5391982793807983, 0.7858833074569702, 0.5074907541275024, 0.4543950855731964, 0.41999292373657227, 0.4501773416996002, 0.3885994255542755, 0.4000828266143799, 0.33769750595092773, 0.28505560755729675, 0.20485788583755493, 0.2409079372882843]], "sfx.logattacktime.mean": [0.1907063126564026], "sfx.inharmonicity.mean": [0.21339298784732819]}