{"lowlevel.spectral_centroid.mean": [1.061476230621338], "lowlevel.spectral_contrast.mean": [[0.21593570709228516, 0.22764968872070312, 0.8389370441436768, 0.34653162956237793, 0.9733736515045166, 1.0494253635406494]], "lowlevel.dissonance.mean": [0.6047251224517822], "lowlevel.hfc.mean": [0.5227445960044861], "lowlevel.mfcc.mean": [[0.5575871467590332, -0.12665486335754395, 0.4212859570980072, 0.3044709861278534, 0.03798004984855652, 0.5215014219284058, 0.1773093044757843, 1.1734578609466553, 1.547562837600708, -0.004476636648178101, -0.24222654104232788, -0.01483812928199768, 1.0110646486282349]], "sfx.logattacktime.mean": [0.7471299171447754], "sfx.inharmonicity.mean": [1.0818471908569336]}