{"lowlevel.spectral_centroid.mean": [0.33117222785949707], "lowlevel.spectral_contrast.mean": [[0.8567366600036621, 0.6858222484588623, 0.5281244516372681, 0.46915197372436523, 0.4216582775115967, 0.3581273555755615]], "lowlevel.dissonance.mean": [0.1426067352294922], "lowlevel.hfc.mean": [0.4654395878314972], "lowlevel.mfcc.mean": [[0.3868215084075928, 0.7238901853561401, 0.5809750556945801, 0.3978997468948364, 0.2652784585952759, -0.04184478521347046, -0.05557066202163696, -0.1325581669807434, -0.0903395414352417, -0.02243626117706299, 0.07976537942886353, 0.09272682666778564, 0.21774554252624512]], "sfx.logattacktime.mean": [0.20808449387550354], "sfx.inharmonicity.mean": [0.36368823051452637]}