{"lowlevel.spectral_centroid.mean": [0.6155887246131897], "lowlevel.spectral_contrast.mean": [[0.3815375566482544, 0.2072436809539795, 0.25452113151550293, 0.8277891874313354, 0.8027594089508057, 0.6552858352661133]], "lowlevel.dissonance.mean": [0.7369325160980225], "lowlevel.hfc.mean": [0.5059121251106262], "lowlevel.mfcc.mean": [[0.17883312702178955, 0.15480123460292816, 0.43572545051574707, 0.4699353873729706, 0.7588226795196533, 1.0501612424850464, 0.6980785727500916, 0.2100435495376587, 0.8052639961242676, 1.3261520862579346, 0.36156490445137024, 0.9038220643997192, -0.025813758373260498]], "sfx.logattacktime.mean": [0.6318318843841553], "sfx.inharmonicity.mean": [0.7959566116333008]}