{"lowlevel.spectral_centroid.mean": [0.7047242522239685], "lowlevel.spectral_contrast.mean": [[0.4113248586654663, 0.43842124938964844, 0.41580867767333984, 0.41787147521972656, 0.4472818374633789, 0.5155940055847168]], "lowlevel.dissonance.mean": [0.7268754243850708], "lowlevel.hfc.mean": [0.4675883650779724], "lowlevel.mfcc.mean": [[0.7368576526641846, 0.09001860022544861, 0.08486482501029968, 0.01742762327194214, -0.14173293113708496, -0.08449608087539673, 0.10472115874290466, 0.12322816252708435, 0.3042205572128296, 0.36505255103111267, 0.4461861848831177, 0.46300208568573, 0.37754613161087036]], "sfx.logattacktime.mean": [0.5169447660446167], "sfx.inharmonicity.mean": [1.049475073814392]}