{"lowlevel.spectral_centroid.mean": [0.5500651597976685], "lowlevel.spectral_contrast.mean": [[0.3010892868041992, 1.2779948711395264, 0.6426935195922852, 0.7423737049102783, 0.87394118309021, 0.6145937442779541]], "lowlevel.dissonance.mean": [0.0612412691116333], "lowlevel.hfc.mean": [0.4761023223400116], "lowlevel.mfcc.mean": [[0.3532423973083496, 0.3153035640716553, 0.36738312244415283, 0.6509882211685181, 0.33278000354766846, 0.1555146872997284, -0.0003827810287475586, -0.19408780336380005, -0.23550623655319214, -0.10199767351150513, -0.034000277519226074, 0.15185105800628662, 0.7186216115951538]], "sfx.logattacktime.mean": [0.3255588114261627], "sfx.inharmonicity.mean": [0.4575190544128418]}