{"lowlevel.spectral_centroid.mean": [0.3679181933403015], "lowlevel.spectral_contrast.mean": [[0.7195951342582703, 0.898301362991333, 0.6215676069259644, 0.6973834037780762, 0.45992469787597656, 0.3751413822174072]], "lowlevel.dissonance.mean": [0.1782621145248413], "lowlevel.hfc.mean": [0.46958544850349426], "lowlevel.mfcc.mean": [[0.3756676912307739, 0.6229932904243469, 0.5274475812911987, 0.24667033553123474, 0.025732696056365967, -0.07099336385726929, -0.08376282453536987, -0.26813048124313354, -0.1119127869606018, 0.19151747226715088, 0.3618980944156647, 0.2560616731643677, 0.4674642086029053]], "sfx.logattacktime.mean": [0.8029298186302185], "sfx.inharmonicity.mean": [0.3740127682685852]}