{"lowlevel.spectral_centroid.mean": [0.33691540360450745], "lowlevel.spectral_contrast.mean": [[0.7020905613899231, 0.7773756980895996, 0.8667166233062744, 0.6976516246795654, 0.6958005428314209, 0.530768871307373]], "lowlevel.dissonance.mean": [0.06889688968658447], "lowlevel.hfc.mean": [0.47686317563056946], "lowlevel.mfcc.mean": [[0.6217061281204224, 1.1168853044509888, 0.8948439359664917, 0.27425044775009155, 0.3176603317260742, 0.06090247631072998, 0.5089689493179321, 0.6981714963912964, 0.43547171354293823, 0.028041094541549683, 0.4647815227508545, 0.5166677236557007, 0.4777407646179199]], "sfx.logattacktime.mean": [0.29852229356765747], "sfx.inharmonicity.mean": [0.2779262363910675]}