{"lowlevel.spectral_centroid.mean": [0.42210882902145386], "lowlevel.spectral_contrast.mean": [[0.287807822227478, 0.9168636798858643, 0.9991046190261841, 0.959213137626648, 0.7777354717254639, 0.558948278427124]], "lowlevel.dissonance.mean": [0.33287954330444336], "lowlevel.hfc.mean": [0.46515947580337524], "lowlevel.mfcc.mean": [[0.33792686462402344, 0.4332022964954376, 0.14991557598114014, 0.2063279151916504, 0.35605645179748535, 0.1386842131614685, 0.16795799136161804, 0.1897587776184082, 0.09542959928512573, 0.3447941243648529, 0.1978294849395752, 0.44980135560035706, 0.9091833829879761]], "sfx.logattacktime.mean": [0.7580892443656921], "sfx.inharmonicity.mean": [0.7636021375656128]}