{"lowlevel.spectral_centroid.mean": [0.6043415069580078], "lowlevel.spectral_contrast.mean": [[0.606320858001709, 0.5453547239303589, 0.7827161550521851, 0.9940361976623535, 1.1681735515594482, 0.7871057987213135]], "lowlevel.dissonance.mean": [0.6666113138198853], "lowlevel.hfc.mean": [0.5097099542617798], "lowlevel.mfcc.mean": [[0.8351465463638306, 0.3185637593269348, -0.17260786890983582, 0.5783425569534302, 0.2356313019990921, 0.06687334179878235, 0.15017518401145935, 0.3680775463581085, -0.013566851615905762, 0.17747873067855835, 0.19457799196243286, -0.020897328853607178, 0.516158938407898]], "sfx.logattacktime.mean": [0.561754047870636], "sfx.inharmonicity.mean": [1.053547739982605]}