{"lowlevel.spectral_centroid.mean": [0.33688703179359436], "lowlevel.spectral_contrast.mean": [[0.8222281336784363, 0.4662775993347168, 0.38619720935821533, 0.37313222885131836, 0.36663007736206055, 0.3150506019592285]], "lowlevel.dissonance.mean": [0.33403337001800537], "lowlevel.hfc.mean": [0.46875911951065063], "lowlevel.mfcc.mean": [[0.23408937454223633, 0.592229962348938, 0.8919786214828491, 0.8839461803436279, 0.9722159504890442, 0.816980242729187, 0.7686983942985535, 0.7800435423851013, 0.7254472970962524, 0.5474979281425476, 0.562903642654419, 0.5673683881759644, 0.46278494596481323]], "sfx.logattacktime.mean": [0.2491116225719452], "sfx.inharmonicity.mean": [0.20238345861434937]}