{"lowlevel.spectral_centroid.mean": [0.3702082633972168], "lowlevel.spectral_contrast.mean": [[0.3379359245300293, 0.4191598892211914, 0.38411736488342285, 0.35390472412109375, 0.21271228790283203, 0.2290802001953125]], "lowlevel.dissonance.mean": [-0.09964597225189209], "lowlevel.hfc.mean": [0.46510863304138184], "lowlevel.mfcc.mean": [[0.035032033920288086, 0.6762731075286865, 0.9861224889755249, 0.7703000903129578, 0.6955649852752686, 0.6047102212905884, 0.536670982837677, 0.30279260873794556, 0.12799519300460815, 0.0025467872619628906, 0.0741824209690094, 0.14730334281921387, 0.24920636415481567]], "sfx.logattacktime.mean": [0.44197407364845276], "sfx.inharmonicity.mean": [1.0078836679458618]}