{"lowlevel.spectral_centroid.mean": [0.4553460478782654], "lowlevel.spectral_contrast.mean": [[0.1783362627029419, 1.008408546447754, 1.034642219543457, 1.5800554752349854, 0.6209163665771484, 0.30634355545043945]], "lowlevel.dissonance.mean": [0.2616487741470337], "lowlevel.hfc.mean": [0.492536723613739], "lowlevel.mfcc.mean": [[0.4800090789794922, 0.7838760614395142, 0.033720046281814575, -0.4645598530769348, 0.14802011847496033, 0.574592113494873, 0.7388216257095337, 0.09508073329925537, -0.17402875423431396, 0.1470789611339569, 0.4219355583190918, 0.966307520866394, 1.1589224338531494]], "sfx.logattacktime.mean": [0.25879597663879395], "sfx.inharmonicity.mean": [0.40927618741989136]}