{"lowlevel.spectral_centroid.mean": [0.5841642022132874], "lowlevel.spectral_contrast.mean": [[0.5485268831253052, 0.38931047916412354, 0.5663999319076538, 1.3118925094604492, 1.1369147300720215, 0.9234991073608398]], "lowlevel.dissonance.mean": [0.7134742736816406], "lowlevel.hfc.mean": [0.6015909910202026], "lowlevel.mfcc.mean": [[0.8074933290481567, 0.3295019268989563, 0.2873881757259369, 0.36014002561569214, 0.48026666045188904, 0.5767205953598022, 0.617143988609314, 0.38977813720703125, 0.6494223475456238, 1.0760905742645264, 0.33745795488357544, -0.1546611785888672, 1.7116787433624268]], "sfx.logattacktime.mean": [0.5242618918418884], "sfx.inharmonicity.mean": [0.6019148826599121]}