{"lowlevel.spectral_centroid.mean": [0.34361228346824646], "lowlevel.spectral_contrast.mean": [[0.7597395777702332, 0.4611715078353882, 0.435316801071167, 0.4258232116699219, 0.39251065254211426, 0.3260080814361572]], "lowlevel.dissonance.mean": [0.29254090785980225], "lowlevel.hfc.mean": [0.46933093667030334], "lowlevel.mfcc.mean": [[0.25158536434173584, 0.6008908748626709, 0.8332127332687378, 0.8022675514221191, 0.8836984038352966, 0.6733410954475403, 0.6265299320220947, 0.6768953800201416, 0.633511483669281, 0.4317556917667389, 0.45297086238861084, 0.47267472743988037, 0.342172235250473]], "sfx.logattacktime.mean": [0.2579282224178314], "sfx.inharmonicity.mean": [0.2125607430934906]}