{"lowlevel.spectral_centroid.mean": [0.3428865373134613], "lowlevel.spectral_contrast.mean": [[0.29165756702423096, 0.4001072645187378, 0.5351452827453613, 0.26668763160705566, 0.185225248336792, 0.21718573570251465]], "lowlevel.dissonance.mean": [0.1518031358718872], "lowlevel.hfc.mean": [0.46507617831230164], "lowlevel.mfcc.mean": [[0.0027960538864135742, 0.5955463647842407, 0.9060584306716919, 0.6756441593170166, 0.5762556791305542, 0.5090909600257874, 0.5584546327590942, 0.4707905352115631, 0.36142170429229736, 0.18858352303504944, 0.15157225728034973, 0.18136024475097656, 0.34929901361465454]], "sfx.logattacktime.mean": [0.4133370816707611], "sfx.inharmonicity.mean": [0.4490151107311249]}