{"lowlevel.spectral_centroid.mean": [0.3480339050292969], "lowlevel.spectral_contrast.mean": [[0.41632187366485596, 0.7119830846786499, 0.4231358766555786, 0.46854257583618164, 0.35675930976867676, 0.30161452293395996]], "lowlevel.dissonance.mean": [0.1371767520904541], "lowlevel.hfc.mean": [0.46531277894973755], "lowlevel.mfcc.mean": [[0.21125292778015137, 0.4254341125488281, 0.46330195665359497, 0.28350526094436646, 0.2549169063568115, -0.009177237749099731, -0.05652385950088501, -0.11239749193191528, 0.023197591304779053, 0.2551480829715729, 0.49184635281562805, 0.5600019693374634, 0.7237098813056946]], "sfx.logattacktime.mean": [0.31735992431640625], "sfx.inharmonicity.mean": [0.28597891330718994]}