{"lowlevel.spectral_centroid.mean": [0.4508899450302124], "lowlevel.spectral_contrast.mean": [[0.4116506576538086, 0.5522252321243286, 0.7462880611419678, 0.5335903167724609, 0.48910975456237793, 0.4321632385253906]], "lowlevel.dissonance.mean": [0.3642232418060303], "lowlevel.hfc.mean": [0.48525354266166687], "lowlevel.mfcc.mean": [[0.31977033615112305, 0.3974021077156067, 0.43089550733566284, 0.13270077109336853, -0.13482779264450073, 0.3441540598869324, 0.594542384147644, 0.1499679684638977, 0.2878352999687195, 0.5607873201370239, 0.2999674081802368, 0.06797438859939575, 0.3940078318119049]], "sfx.logattacktime.mean": [0.38285407423973083], "sfx.inharmonicity.mean": [0.4469483494758606]}