{"lowlevel.spectral_centroid.mean": [0.3346806466579437], "lowlevel.spectral_contrast.mean": [[0.463096022605896, 0.6321736574172974, 0.5706448554992676, 0.5080757141113281, 0.2901647090911865, 0.25084924697875977]], "lowlevel.dissonance.mean": [0.20985651016235352], "lowlevel.hfc.mean": [0.4667888283729553], "lowlevel.mfcc.mean": [[0.317033052444458, 0.8016930818557739, 0.9367409944534302, 0.4919601082801819, 0.38402485847473145, 0.38717180490493774, 0.462683767080307, 0.40456390380859375, 0.37118181586265564, 0.3301275968551636, 0.4327327013015747, 0.5251477360725403, 0.6447038054466248]], "sfx.logattacktime.mean": [0.23360571265220642], "sfx.inharmonicity.mean": [0.29300251603126526]}