{"lowlevel.spectral_centroid.mean": [0.44710084795951843], "lowlevel.spectral_contrast.mean": [[0.4497276544570923, 0.31093573570251465, 1.544442892074585, 0.9749929904937744, 1.3086737394332886, 0.8156063556671143]], "lowlevel.dissonance.mean": [0.2974734306335449], "lowlevel.hfc.mean": [0.5249621868133545], "lowlevel.mfcc.mean": [[0.6122812032699585, 0.3549249768257141, 0.18518242239952087, 0.42099231481552124, 0.34620797634124756, 0.6460309624671936, 0.9866527318954468, 1.121922254562378, 0.5185226202011108, -0.6015825271606445, -0.13591313362121582, 1.6085693836212158, 2.2384305000305176]], "sfx.logattacktime.mean": [0.34102916717529297], "sfx.inharmonicity.mean": [0.5250959992408752]}