{"lowlevel.spectral_centroid.mean": [0.3409962058067322], "lowlevel.spectral_contrast.mean": [[0.9384568333625793, 0.7888736724853516, 0.7554751634597778, 0.6486775875091553, 0.32300877571105957, 0.24183893203735352]], "lowlevel.dissonance.mean": [-0.12418115139007568], "lowlevel.hfc.mean": [0.4673711657524109], "lowlevel.mfcc.mean": [[0.4509986639022827, 1.0710582733154297, 1.0135339498519897, 0.31641048192977905, 0.21975627541542053, 0.4323735237121582, 0.5692646503448486, 0.49019044637680054, 0.5855607986450195, 0.698196291923523, 0.6965116858482361, 0.5474037528038025, 0.5055974125862122]], "sfx.logattacktime.mean": [0.3352264165878296], "sfx.inharmonicity.mean": [0.24487368762493134]}