{"lowlevel.spectral_centroid.mean": [0.6253743171691895], "lowlevel.spectral_contrast.mean": [[0.5464324951171875, 0.22061359882354736, 0.26772093772888184, 0.748481035232544, 0.8457729816436768, 0.8186404705047607]], "lowlevel.dissonance.mean": [0.5396033525466919], "lowlevel.hfc.mean": [0.4700257182121277], "lowlevel.mfcc.mean": [[0.19045913219451904, 0.1874731183052063, 0.5732620358467102, 0.5192865133285522, 0.6607961058616638, 0.9823988080024719, 1.2330102920532227, 0.934228241443634, 0.21287229657173157, 0.3445948362350464, 1.431373119354248, 0.4492180049419403, 1.3464823961257935]], "sfx.logattacktime.mean": [0.7064847946166992], "sfx.inharmonicity.mean": [0.511824369430542]}