{"lowlevel.spectral_centroid.mean": [0.30785050988197327], "lowlevel.spectral_contrast.mean": [[0.6021741628646851, 0.6077378988265991, 0.6002674102783203, 0.40485262870788574, 0.3374629020690918, 0.1928575038909912]], "lowlevel.dissonance.mean": [0.3120070695877075], "lowlevel.hfc.mean": [0.46710026264190674], "lowlevel.mfcc.mean": [[0.4341214895248413, 1.0092110633850098, 1.011792778968811, 0.6280694007873535, 0.4285872280597687, 0.3019629120826721, 0.6785098910331726, 0.7433156967163086, 0.5746691823005676, 0.6416350603103638, 0.6757418513298035, 0.5062801837921143, 0.6120638847351074]], "sfx.logattacktime.mean": [0.7187319397926331], "sfx.inharmonicity.mean": [0.23316380381584167]}