{"lowlevel.spectral_centroid.mean": [0.5782676935195923], "lowlevel.spectral_contrast.mean": [[0.23566341400146484, 0.2887606620788574, 0.28363037109375, 1.0286380052566528, 1.155605435371399, 0.5044879913330078]], "lowlevel.dissonance.mean": [0.5852142572402954], "lowlevel.hfc.mean": [0.5345032811164856], "lowlevel.mfcc.mean": [[0.3895820379257202, 0.33473074436187744, 0.018910855054855347, 0.73945152759552, 0.8682435750961304, 0.5129643678665161, 0.5589799880981445, 0.40653616189956665, 0.24080431461334229, 0.2126767933368683, 0.31427502632141113, 0.7516809701919556, 0.6806151270866394]], "sfx.logattacktime.mean": [0.42087069153785706], "sfx.inharmonicity.mean": [0.799372673034668]}