{"lowlevel.spectral_centroid.mean": [0.3495873808860779], "lowlevel.spectral_contrast.mean": [[0.7974677085876465, 0.5932307243347168, 0.5146521329879761, 0.41460371017456055, 0.37331414222717285, 0.30699896812438965]], "lowlevel.dissonance.mean": [0.1259700059890747], "lowlevel.hfc.mean": [0.47016555070877075], "lowlevel.mfcc.mean": [[0.22295105457305908, 0.5618442296981812, 0.8016505241394043, 0.6411794424057007, 0.6129606366157532, 0.4464706480503082, 0.42309823632240295, 0.43250876665115356, 0.38753607869148254, 0.1910589337348938, 0.1649259626865387, 0.13561812043190002, 0.04074925184249878]], "sfx.logattacktime.mean": [0.2295989990234375], "sfx.inharmonicity.mean": [0.20538310706615448]}