{"lowlevel.spectral_centroid.mean": [0.42075878381729126], "lowlevel.spectral_contrast.mean": [[0.1634284257888794, 1.0500988960266113, 1.0699846744537354, 1.1987298727035522, 1.0161511898040771, 0.7863109111785889]], "lowlevel.dissonance.mean": [0.45551371574401855], "lowlevel.hfc.mean": [0.48702603578567505], "lowlevel.mfcc.mean": [[0.5372446775436401, 0.26187580823898315, 0.14639240503311157, 0.3649897277355194, 0.32451343536376953, 0.2642088234424591, 0.3062317371368408, 0.1906348466873169, 0.37037143111228943, 0.3544248938560486, 0.7572712898254395, 0.6714677810668945, 0.9109761714935303]], "sfx.logattacktime.mean": [0.5629379153251648], "sfx.inharmonicity.mean": [0.4047451317310333]}