{"lowlevel.spectral_centroid.mean": [0.3737741708755493], "lowlevel.spectral_contrast.mean": [[0.7701448798179626, 0.69005286693573, 0.9455280303955078, 0.904822826385498, 0.9341914653778076, 0.9965369701385498]], "lowlevel.dissonance.mean": [0.35419487953186035], "lowlevel.hfc.mean": [0.4693012237548828], "lowlevel.mfcc.mean": [[0.6104203462600708, 0.777323842048645, 0.4546906352043152, 0.42278775572776794, 0.08282917737960815, 0.4091629087924957, 0.47163769602775574, 0.20369985699653625, 0.4129892885684967, 0.43853846192359924, 0.3112335801124573, 0.35572221875190735, 0.37593287229537964]], "sfx.logattacktime.mean": [0.49925944209098816], "sfx.inharmonicity.mean": [0.4553896188735962]}