{"lowlevel.spectral_centroid.mean": [0.3058312237262726], "lowlevel.spectral_contrast.mean": [[0.7611392736434937, 0.5789278745651245, 0.4662196636199951, 0.44909167289733887, 0.41182804107666016, 0.31496763229370117]], "lowlevel.dissonance.mean": [0.40789568424224854], "lowlevel.hfc.mean": [0.46520447731018066], "lowlevel.mfcc.mean": [[0.3869818449020386, 0.8607960939407349, 0.7684777975082397, 0.45868271589279175, 0.7563408017158508, 0.757911205291748, 0.6091623306274414, 0.5130729675292969, 0.628500759601593, 0.6321018934249878, 0.5554639101028442, 0.54621422290802, 0.6965837478637695]], "sfx.logattacktime.mean": [0.3745812773704529], "sfx.inharmonicity.mean": [0.20643866062164307]}