{"lowlevel.spectral_centroid.mean": [0.3291150629520416], "lowlevel.spectral_contrast.mean": [[0.3949260711669922, 0.3927208185195923, 0.5773427486419678, 0.33428335189819336, 0.2792694568634033, 0.5736088752746582]], "lowlevel.dissonance.mean": [0.3533482551574707], "lowlevel.hfc.mean": [0.4654589295387268], "lowlevel.mfcc.mean": [[0.16545116901397705, 0.8159568309783936, 0.8123902678489685, 0.48125720024108887, 0.27089351415634155, 0.338911235332489, 0.5093874335289001, 0.36894744634628296, 0.47048884630203247, 0.33787429332733154, 0.014349907636642456, -0.1466764211654663, 0.0750945508480072]], "sfx.logattacktime.mean": [0.49582168459892273], "sfx.inharmonicity.mean": [0.5108522772789001]}