{"lowlevel.spectral_centroid.mean": [0.43538206815719604], "lowlevel.spectral_contrast.mean": [[0.3489649295806885, 1.0489418506622314, 1.2833058834075928, 1.307570457458496, 1.0936355590820312, 0.7154579162597656]], "lowlevel.dissonance.mean": [0.29172587394714355], "lowlevel.hfc.mean": [0.5169282555580139], "lowlevel.mfcc.mean": [[0.7261303663253784, 0.5666809678077698, 0.2163591980934143, 0.2492435872554779, 0.9784759283065796, -0.04786449670791626, 0.12330609560012817, 0.6223787665367126, 0.1984749436378479, 0.7211270332336426, 0.3412519693374634, 0.8628674745559692, 1.3247101306915283]], "sfx.logattacktime.mean": [0.6703198552131653], "sfx.inharmonicity.mean": [0.35927730798721313]}