{"lowlevel.spectral_centroid.mean": [0.35286015272140503], "lowlevel.spectral_contrast.mean": [[0.28127825260162354, 0.5074348449707031, 0.3698554039001465, 0.28492188453674316, 0.26918578147888184, 0.2594478130340576]], "lowlevel.dissonance.mean": [0.30048418045043945], "lowlevel.hfc.mean": [0.46553122997283936], "lowlevel.mfcc.mean": [[0.16459786891937256, 0.41551968455314636, 0.6912311315536499, 0.5666482448577881, 0.5242633819580078, 0.4004610776901245, 0.3749842047691345, 0.27189159393310547, 0.29300254583358765, 0.33026593923568726, 0.4117251932621002, 0.5028291344642639, 0.5587660074234009]], "sfx.logattacktime.mean": [0.1496906280517578], "sfx.inharmonicity.mean": [0.37854474782943726]}