{"lowlevel.spectral_centroid.mean": [0.4460924565792084], "lowlevel.spectral_contrast.mean": [[0.22551178932189941, 0.1947033405303955, 0.7241008281707764, 0.2077624797821045, 0.5049219131469727, 0.3110182285308838]], "lowlevel.dissonance.mean": [0.5147395133972168], "lowlevel.hfc.mean": [0.47449323534965515], "lowlevel.mfcc.mean": [[0.10896587371826172, 0.1895551085472107, 0.4521835148334503, 0.43070051074028015, 0.39363381266593933, 0.681576132774353, 1.0661588907241821, 0.6179758906364441, 0.4235287308692932, 0.38163015246391296, 0.26047998666763306, 0.7345938086509705, 0.9900643825531006]], "sfx.logattacktime.mean": [0.16579866409301758], "sfx.inharmonicity.mean": [0.40145114064216614]}