{"lowlevel.spectral_centroid.mean": [0.48892056941986084], "lowlevel.spectral_contrast.mean": [[0.28507769107818604, 0.5812900066375732, 0.5413252115249634, 0.5096306800842285, 0.3405940532684326, 0.28629422187805176]], "lowlevel.dissonance.mean": [0.41652369499206543], "lowlevel.hfc.mean": [0.46532049775123596], "lowlevel.mfcc.mean": [[0.23838138580322266, 0.4807584583759308, 0.43282631039619446, 0.07037082314491272, 0.16503244638442993, 0.19455504417419434, 0.17738580703735352, 0.18787911534309387, 0.23292678594589233, 0.28038984537124634, 0.3697739243507385, 0.3576880991458893, 0.6084476709365845]], "sfx.logattacktime.mean": [0.6575139164924622], "sfx.inharmonicity.mean": [1.45868980884552]}