{"lowlevel.spectral_centroid.mean": [0.48905932903289795], "lowlevel.spectral_contrast.mean": [[0.6381736993789673, 0.34356844425201416, 1.5387890338897705, 1.3339542150497437, 1.514721393585205, 0.9808406829833984]], "lowlevel.dissonance.mean": [0.44508445262908936], "lowlevel.hfc.mean": [0.5687775015830994], "lowlevel.mfcc.mean": [[0.7671365737915039, 0.20967812836170197, 0.3225540518760681, 0.5273767709732056, 0.2936735153198242, 0.5491923093795776, 0.7596689462661743, 1.3816237449645996, 0.6974964737892151, 0.08503812551498413, -0.3158552646636963, 0.6839624643325806, 2.1424131393432617]], "sfx.logattacktime.mean": [0.5037100315093994], "sfx.inharmonicity.mean": [0.5527387857437134]}