{"lowlevel.spectral_centroid.mean": [0.3047635555267334], "lowlevel.spectral_contrast.mean": [[0.9421212673187256, 0.6202185153961182, 0.35164856910705566, 0.26947855949401855, 0.2588541507720947, 0.25723958015441895]], "lowlevel.dissonance.mean": [0.27384352684020996], "lowlevel.hfc.mean": [0.46940404176712036], "lowlevel.mfcc.mean": [[0.28790783882141113, 0.7941292524337769, 1.1739604473114014, 1.0791633129119873, 1.014050006866455, 0.8447751998901367, 0.7609186172485352, 0.6480323076248169, 0.6317145824432373, 0.5846481919288635, 0.5857862830162048, 0.5383588075637817, 0.5227034687995911]], "sfx.logattacktime.mean": [0.3498126268386841], "sfx.inharmonicity.mean": [0.28208068013191223]}