{"lowlevel.spectral_centroid.mean": [0.49469566345214844], "lowlevel.spectral_contrast.mean": [[0.2728461027145386, 0.30432915687561035, 0.22518110275268555, 0.20108699798583984, 0.6627771854400635, 0.44399428367614746]], "lowlevel.dissonance.mean": [0.6458282470703125], "lowlevel.hfc.mean": [0.47659796476364136], "lowlevel.mfcc.mean": [[0.11449599266052246, 0.19199740886688232, 0.6364755034446716, 0.6693360805511475, 0.6910070776939392, 0.5562475323677063, 0.8153033256530762, 0.6116856336593628, 0.40112292766571045, 0.7308552265167236, 0.6569715738296509, 0.21378684043884277, 0.9056286811828613]], "sfx.logattacktime.mean": [0.2597035765647888], "sfx.inharmonicity.mean": [0.5707710385322571]}