{"lowlevel.spectral_centroid.mean": [0.5248540639877319], "lowlevel.spectral_contrast.mean": [[0.3212941884994507, 0.5342668294906616, 0.9798743724822998, 1.387312412261963, 1.3863849639892578, 0.9942574501037598]], "lowlevel.dissonance.mean": [0.48600339889526367], "lowlevel.hfc.mean": [0.5022067427635193], "lowlevel.mfcc.mean": [[0.6942566633224487, 0.15879128873348236, 0.15605345368385315, 0.20746076107025146, 0.26386454701423645, 0.45975133776664734, 0.36149054765701294, 0.5242103338241577, 0.4303472638130188, 0.09806010127067566, 0.6193998456001282, 0.9601529836654663, 0.8259648084640503]], "sfx.logattacktime.mean": [0.8314936757087708], "sfx.inharmonicity.mean": [0.7125874757766724]}