{"lowlevel.spectral_centroid.mean": [0.34473294019699097], "lowlevel.spectral_contrast.mean": [[1.2933158874511719, 1.40168297290802, 1.450361728668213, 1.3592329025268555, 1.038105845451355, 0.652620792388916]], "lowlevel.dissonance.mean": [0.1603832244873047], "lowlevel.hfc.mean": [0.5335197448730469], "lowlevel.mfcc.mean": [[0.8539549112319946, 0.7553285360336304, 0.011606961488723755, 0.30194583535194397, 0.005775868892669678, 0.06810122728347778, 0.16651514172554016, -0.03352302312850952, 0.3011414706707001, -0.011684238910675049, -0.008361876010894775, 0.3887450098991394, 0.29218095541000366]], "sfx.logattacktime.mean": [0.5553910136222839], "sfx.inharmonicity.mean": [0.2725599408149719]}