{"lowlevel.spectral_centroid.mean": [0.38365527987480164], "lowlevel.spectral_contrast.mean": [[0.43420493602752686, 0.748808741569519, 0.48561227321624756, 0.31359171867370605, 0.19986248016357422, 0.2095956802368164]], "lowlevel.dissonance.mean": [-0.26144129037857056], "lowlevel.hfc.mean": [0.4651508629322052], "lowlevel.mfcc.mean": [[0.17489302158355713, 0.4662405252456665, 0.740570068359375, 0.5616418719291687, 0.5605452060699463, 0.5037768483161926, 0.5056236386299133, 0.41711726784706116, 0.3871578276157379, 0.29547929763793945, 0.2969759702682495, 0.3436947464942932, 0.42652344703674316]], "sfx.logattacktime.mean": [0.270997554063797], "sfx.inharmonicity.mean": [0.2799113988876343]}