{"lowlevel.spectral_centroid.mean": [0.8147437572479248], "lowlevel.spectral_contrast.mean": [[0.5025930404663086, 0.18779754638671875, 1.0198299884796143, 1.0018149614334106, 1.3362058401107788, 1.3492814302444458]], "lowlevel.dissonance.mean": [0.1728072166442871], "lowlevel.hfc.mean": [0.5027499794960022], "lowlevel.mfcc.mean": [[0.40653419494628906, -0.16129842400550842, 0.2930813431739807, 0.41566458344459534, 0.03788548707962036, 0.735647976398468, 0.843187689781189, 1.7351593971252441, 0.6716552972793579, 0.3750520944595337, -0.21269583702087402, -0.2001100778579712, 0.9288153052330017]], "sfx.logattacktime.mean": [0.2307608723640442], "sfx.inharmonicity.mean": [0.3777378797531128]}