{"lowlevel.spectral_centroid.mean": [0.3196267783641815], "lowlevel.spectral_contrast.mean": [[0.5993390083312988, 0.5768392086029053, 0.5213133096694946, 0.5975420475006104, 0.3769795894622803, 0.33916282653808594]], "lowlevel.dissonance.mean": [0.20650839805603027], "lowlevel.hfc.mean": [0.46609625220298767], "lowlevel.mfcc.mean": [[0.38898706436157227, 0.8490082025527954, 0.8601189851760864, 0.49879002571105957, 0.571942150592804, 0.6342581510543823, 0.5595376491546631, 0.4165835976600647, 0.5307469964027405, 0.737464189529419, 0.752336323261261, 0.5959177613258362, 0.4751265048980713]], "sfx.logattacktime.mean": [0.6814396381378174], "sfx.inharmonicity.mean": [0.2684279680252075]}