{"lowlevel.spectral_centroid.mean": [0.3087748885154724], "lowlevel.spectral_contrast.mean": [[0.5764762163162231, 0.5207414627075195, 0.41525137424468994, 0.40743494033813477, 0.3860137462615967, 0.3481266498565674]], "lowlevel.dissonance.mean": [0.4849330186843872], "lowlevel.hfc.mean": [0.46528416872024536], "lowlevel.mfcc.mean": [[0.37597906589508057, 0.8500953912734985, 0.8180065155029297, 0.5337350368499756, 0.7043652534484863, 0.6348728537559509, 0.5546198487281799, 0.47142845392227173, 0.5064584016799927, 0.5109661817550659, 0.5308293700218201, 0.5137826204299927, 0.583142876625061]], "sfx.logattacktime.mean": [0.41623735427856445], "sfx.inharmonicity.mean": [0.20889684557914734]}