{"lowlevel.spectral_centroid.mean": [0.3045760691165924], "lowlevel.spectral_contrast.mean": [[0.5639464855194092, 0.4908132553100586, 0.3875114917755127, 0.3615305423736572, 0.3551051616668701, 0.31946611404418945]], "lowlevel.dissonance.mean": [0.49366581439971924], "lowlevel.hfc.mean": [0.4650934934616089], "lowlevel.mfcc.mean": [[0.2837268114089966, 0.7153135538101196, 0.8654337525367737, 0.5383679270744324, 0.6356600522994995, 0.7219279408454895, 0.6687108874320984, 0.512292742729187, 0.5868676900863647, 0.6224098205566406, 0.5646898150444031, 0.494829922914505, 0.6619741916656494]], "sfx.logattacktime.mean": [0.4243026673793793], "sfx.inharmonicity.mean": [0.1928936392068863]}