{"lowlevel.spectral_centroid.mean": [0.6768194437026978], "lowlevel.spectral_contrast.mean": [[0.5258225202560425, 0.20764660835266113, 0.25697994232177734, 0.7850677967071533, 0.3513772487640381, 1.0160675048828125]], "lowlevel.dissonance.mean": [0.6382526159286499], "lowlevel.hfc.mean": [0.7443041801452637], "lowlevel.mfcc.mean": [[0.328934907913208, 0.0896286815404892, 0.6099852323532104, 0.47237351536750793, 0.7823426127433777, 1.2038273811340332, 0.8945587873458862, 0.06715184450149536, 1.1260639429092407, 0.7891027927398682, 0.9945467114448547, 0.8392794132232666, -0.22523826360702515]], "sfx.logattacktime.mean": [0.571386456489563], "sfx.inharmonicity.mean": [0.6191438436508179]}