{"lowlevel.spectral_centroid.mean": [0.3893607556819916], "lowlevel.spectral_contrast.mean": [[0.46729564666748047, 1.3287633657455444, 1.2265238761901855, 1.0201350450515747, 1.0945264101028442, 0.6847794055938721]], "lowlevel.dissonance.mean": [0.16911101341247559], "lowlevel.hfc.mean": [0.5172325968742371], "lowlevel.mfcc.mean": [[0.7132375240325928, 0.5173057913780212, 0.08495920896530151, 0.32951781153678894, 0.1385715901851654, 0.1450691819190979, 0.22243821620941162, 0.6304198503494263, 0.8053565621376038, 0.8663842082023621, 0.8514760732650757, 1.5385221242904663, 1.2837584018707275]], "sfx.logattacktime.mean": [0.38930070400238037], "sfx.inharmonicity.mean": [0.4138736128807068]}