{"lowlevel.spectral_centroid.mean": [1.3066422939300537], "lowlevel.spectral_contrast.mean": [[0.2642592191696167, 0.40345466136932373, 0.34191131591796875, 0.38326454162597656, 0.5234811305999756, 0.5475659370422363]], "lowlevel.dissonance.mean": [0.7497680187225342], "lowlevel.hfc.mean": [0.47672027349472046], "lowlevel.mfcc.mean": [[0.6153839826583862, -0.22359907627105713, 0.14526233077049255, 0.09669426083564758, 0.07000395655632019, 0.30544644594192505, 0.6277977228164673, 0.5659096837043762, 0.8361690640449524, 0.697541356086731, 0.6350592970848083, 0.5190920829772949, 0.49754050374031067]], "sfx.logattacktime.mean": [0.5747808814048767], "sfx.inharmonicity.mean": [1.1591116189956665]}