{"lowlevel.spectral_centroid.mean": [0.48136311769485474], "lowlevel.spectral_contrast.mean": [[0.20830249786376953, 0.6999907493591309, 1.2298295497894287, 1.2136420011520386, 1.2790619134902954, 0.800612211227417]], "lowlevel.dissonance.mean": [0.4705793857574463], "lowlevel.hfc.mean": [0.4893225431442261], "lowlevel.mfcc.mean": [[0.40259063243865967, 0.2896893620491028, -0.2947446405887604, 0.2568010091781616, 0.1594032347202301, 0.3110663890838623, 0.84735107421875, 0.4675224721431732, 0.5531612038612366, 0.3000890016555786, 0.5916558504104614, 0.8533942699432373, 1.1593835353851318]], "sfx.logattacktime.mean": [0.6990963220596313], "sfx.inharmonicity.mean": [0.5214711427688599]}