{"lowlevel.spectral_centroid.mean": [0.3451671600341797], "lowlevel.spectral_contrast.mean": [[1.2349660396575928, 0.7471864223480225, 0.8452845811843872, 0.7026948928833008, 0.6336202621459961, 0.6044964790344238]], "lowlevel.dissonance.mean": [0.049381136894226074], "lowlevel.hfc.mean": [0.47955387830734253], "lowlevel.mfcc.mean": [[0.5787155628204346, 0.6477536559104919, 0.49271562695503235, 0.9336600303649902, 0.6236487627029419, 0.41356292366981506, 0.2151278853416443, 0.1212412416934967, 0.19440066814422607, 0.14560240507125854, -0.05888158082962036, -0.22042953968048096, -0.10445988178253174]], "sfx.logattacktime.mean": [0.45001712441444397], "sfx.inharmonicity.mean": [0.26319363713264465]}