{"lowlevel.spectral_centroid.mean": [0.33614417910575867], "lowlevel.spectral_contrast.mean": [[0.5010890960693359, 0.4967385530471802, 0.481381893157959, 0.4478452205657959, 0.4466702938079834, 0.3725137710571289]], "lowlevel.dissonance.mean": [0.5567879676818848], "lowlevel.hfc.mean": [0.47008830308914185], "lowlevel.mfcc.mean": [[0.21607649326324463, 0.3191438913345337, 0.47911790013313293, 0.5557233095169067, 0.5874828100204468, 0.5129426717758179, 0.6021401882171631, 0.7244281768798828, 0.6957365870475769, 0.6853650808334351, 0.8707892894744873, 0.9556278586387634, 0.8929393291473389]], "sfx.logattacktime.mean": [0.27358490228652954], "sfx.inharmonicity.mean": [0.28079545497894287]}