{"lowlevel.spectral_centroid.mean": [0.331007719039917], "lowlevel.spectral_contrast.mean": [[0.5986613035202026, 0.3075443506240845, 0.2718226909637451, 0.278533935546875, 0.28519654273986816, 0.30628132820129395]], "lowlevel.dissonance.mean": [0.6474223136901855], "lowlevel.hfc.mean": [0.46551513671875], "lowlevel.mfcc.mean": [[0.23986601829528809, 0.5077527761459351, 0.7963631749153137, 0.763318657875061, 0.8593572378158569, 0.8249542713165283, 0.8416094183921814, 0.813348650932312, 0.7135921120643616, 0.6780700087547302, 0.6860576868057251, 0.6797927618026733, 0.6512088775634766]], "sfx.logattacktime.mean": [0.7643471956253052], "sfx.inharmonicity.mean": [0.2181585729122162]}