{"lowlevel.spectral_centroid.mean": [0.4686783254146576], "lowlevel.spectral_contrast.mean": [[0.6570830345153809, 0.22320985794067383, 0.2568042278289795, 0.2988615036010742, 0.3149268627166748, 0.548602819442749]], "lowlevel.dissonance.mean": [0.6892915964126587], "lowlevel.hfc.mean": [0.5103988647460938], "lowlevel.mfcc.mean": [[0.19614911079406738, 0.2638436555862427, 0.6120519042015076, 0.686562180519104, 0.6238044500350952, 0.8997671604156494, 0.922155499458313, 0.6928967833518982, 1.008783221244812, 0.7361984252929688, 0.7363244295120239, 0.9458104968070984, 0.5708410739898682]], "sfx.logattacktime.mean": [0.5341333150863647], "sfx.inharmonicity.mean": [0.45839908719062805]}