{"lowlevel.spectral_centroid.mean": [0.5125489234924316], "lowlevel.spectral_contrast.mean": [[0.7191458940505981, 0.7232366800308228, 0.6846917867660522, 0.6172783374786377, 0.47321629524230957, 1.148669719696045]], "lowlevel.dissonance.mean": [0.4862396717071533], "lowlevel.hfc.mean": [0.46714138984680176], "lowlevel.mfcc.mean": [[0.43845677375793457, 0.5175141096115112, 0.32107847929000854, 0.5589518547058105, 0.32893794775009155, 0.6213932037353516, 0.2702457904815674, 0.4281991720199585, 0.4851725697517395, 0.17427337169647217, 0.5415377020835876, 0.15977001190185547, 0.4248606562614441]], "sfx.logattacktime.mean": [0.324834942817688], "sfx.inharmonicity.mean": [0.5857701301574707]}