{"lowlevel.spectral_centroid.mean": [0.39680081605911255], "lowlevel.spectral_contrast.mean": [[0.46720457077026367, 1.3838269710540771, 1.3868783712387085, 1.5188121795654297, 1.3430520296096802, 0.7207672595977783]], "lowlevel.dissonance.mean": [0.3224223852157593], "lowlevel.hfc.mean": [0.5341759920120239], "lowlevel.mfcc.mean": [[0.843252420425415, 0.5870574712753296, -0.09362354874610901, 0.3413372337818146, 0.2723531126976013, 0.2742859125137329, 0.20247891545295715, 0.30012190341949463, 0.17032107710838318, 0.1507105529308319, 0.35879796743392944, 0.7831544876098633, 0.5646754503250122]], "sfx.logattacktime.mean": [0.5216696858406067], "sfx.inharmonicity.mean": [0.3143104910850525]}