{"lowlevel.spectral_centroid.mean": [0.3774730861186981], "lowlevel.spectral_contrast.mean": [[0.5176061391830444, 0.6155492067337036, 0.4913027286529541, 0.5447366237640381, 0.6046366691589355, 0.514751672744751]], "lowlevel.dissonance.mean": [0.5776568651199341], "lowlevel.hfc.mean": [0.4665132164955139], "lowlevel.mfcc.mean": [[0.5895802974700928, 0.8579604625701904, 0.13717100024223328, 0.5657336115837097, 0.6877177357673645, -0.05613863468170166, 0.4784955680370331, 0.24518753588199615, 0.2332334816455841, 0.7689239978790283, 0.22948259115219116, 0.2377115935087204, 0.8732972145080566]], "sfx.logattacktime.mean": [0.7943024039268494], "sfx.inharmonicity.mean": [0.47723206877708435]}