{"lowlevel.spectral_centroid.mean": [0.3128117620944977], "lowlevel.spectral_contrast.mean": [[1.0126298666000366, 0.3095005750656128, 0.18655681610107422, 0.13699007034301758, 0.14424967765808105, 0.19274497032165527]], "lowlevel.dissonance.mean": [0.4627101421356201], "lowlevel.hfc.mean": [0.46605899930000305], "lowlevel.mfcc.mean": [[0.14565527439117432, 0.4426708221435547, 0.871404767036438, 0.9115896821022034, 1.0106050968170166, 0.9668263792991638, 0.989769458770752, 0.9556865096092224, 0.9808187484741211, 0.9611498713493347, 0.9694357514381409, 0.9248456954956055, 0.8869883418083191]], "sfx.logattacktime.mean": [0.3369934558868408], "sfx.inharmonicity.mean": [0.190823033452034]}