{"lowlevel.spectral_centroid.mean": [0.3782791495323181], "lowlevel.spectral_contrast.mean": [[0.7600893378257751, 1.3133745193481445, 0.8005485534667969, 0.323486328125, 0.3132445812225342, 0.37781357765197754]], "lowlevel.dissonance.mean": [-0.28268665075302124], "lowlevel.hfc.mean": [0.47511377930641174], "lowlevel.mfcc.mean": [[0.5910979509353638, 0.5171983242034912, 0.9209753274917603, 0.4503503739833832, -0.043228089809417725, -0.3262457251548767, -0.3810851573944092, -0.1699879765510559, 0.04299226403236389, 0.273205041885376, 0.35202449560165405, 0.3747505247592926, 0.32909807562828064]], "sfx.logattacktime.mean": [0.2747310400009155], "sfx.inharmonicity.mean": [0.8928117752075195]}