{"lowlevel.spectral_centroid.mean": [0.38937607407569885], "lowlevel.spectral_contrast.mean": [[0.7541518211364746, 0.9345943927764893, 0.6422600746154785, 0.5522122383117676, 0.5055801868438721, 0.505734920501709]], "lowlevel.dissonance.mean": [0.4495224952697754], "lowlevel.hfc.mean": [0.4706994891166687], "lowlevel.mfcc.mean": [[0.6409304141998291, 0.47154220938682556, 0.2579829692840576, 0.22580714523792267, 0.01754671335220337, -0.03384086489677429, -0.18749761581420898, -0.21120208501815796, -0.3013652563095093, -0.07531476020812988, 0.07658112049102783, 0.11503085494041443, 0.35493922233581543]], "sfx.logattacktime.mean": [0.7926254868507385], "sfx.inharmonicity.mean": [0.8458130359649658]}