{"lowlevel.spectral_centroid.mean": [0.2936710715293884], "lowlevel.spectral_contrast.mean": [[1.234960675239563, 0.14768636226654053, 0.11420679092407227, 0.07105374336242676, 0.06689238548278809, 0.10290741920471191]], "lowlevel.dissonance.mean": [0.5074208974838257], "lowlevel.hfc.mean": [0.46780094504356384], "lowlevel.mfcc.mean": [[0.17436444759368896, 0.5121175050735474, 0.9341681599617004, 0.9737221598625183, 1.0861380100250244, 1.0798323154449463, 1.1423006057739258, 1.1184780597686768, 1.125104308128357, 1.0766055583953857, 1.052238941192627, 0.9829466342926025, 0.9278883337974548]], "sfx.logattacktime.mean": [0.47018036246299744], "sfx.inharmonicity.mean": [0.18812616169452667]}