{"lowlevel.spectral_centroid.mean": [0.6451417207717896], "lowlevel.spectral_contrast.mean": [[0.574856162071228, 0.19927525520324707, 0.2467801570892334, 0.36055874824523926, 0.24941277503967285, 0.7153522968292236]], "lowlevel.dissonance.mean": [0.7234715223312378], "lowlevel.hfc.mean": [0.47908875346183777], "lowlevel.mfcc.mean": [[0.1367650032043457, 0.1393154412508011, 0.6308781504631042, 0.5511885285377502, 0.6808317303657532, 0.8844679594039917, 0.8287334442138672, 0.5800816416740417, 1.0252158641815186, 0.7634793519973755, 0.7214207053184509, 1.0519317388534546, 0.32902956008911133]], "sfx.logattacktime.mean": [0.4118240773677826], "sfx.inharmonicity.mean": [0.6369177103042603]}