{"lowlevel.spectral_centroid.mean": [0.5508469343185425], "lowlevel.spectral_contrast.mean": [[0.46793389320373535, 0.21928513050079346, 0.8377183675765991, 0.31281495094299316, 0.8477494716644287, 0.6685807704925537]], "lowlevel.dissonance.mean": [0.5255404710769653], "lowlevel.hfc.mean": [0.5548372268676758], "lowlevel.mfcc.mean": [[0.24615919589996338, 0.11918239295482635, 0.5104256868362427, 0.6138327121734619, 0.41943755745887756, 0.7947298884391785, 1.3015222549438477, 1.1072856187820435, 0.47160667181015015, 0.361807644367218, 0.6068129539489746, 0.4893749952316284, 1.2811390161514282]], "sfx.logattacktime.mean": [0.4402671754360199], "sfx.inharmonicity.mean": [0.684024453163147]}