{"lowlevel.spectral_centroid.mean": [0.7452471852302551], "lowlevel.spectral_contrast.mean": [[0.10923993587493896, 0.15825068950653076, 0.21341371536254883, 0.195997953414917, 0.20088791847229004, 0.2515597343444824]], "lowlevel.dissonance.mean": [0.7277997732162476], "lowlevel.hfc.mean": [0.46507200598716736], "lowlevel.mfcc.mean": [[-0.1588602066040039, 0.1589205414056778, 0.456611692905426, 0.37671470642089844, 0.47953125834465027, 0.4672960937023163, 0.5127418637275696, 0.4660070836544037, 0.48367583751678467, 0.47025859355926514, 0.5099666714668274, 0.486900269985199, 0.49486637115478516]], "sfx.logattacktime.mean": [1.0097256898880005], "sfx.inharmonicity.mean": [1.3627475500106812]}