{"lowlevel.spectral_centroid.mean": [0.5016345977783203], "lowlevel.spectral_contrast.mean": [[0.8695807456970215, 0.7604798078536987, 0.6042625904083252, 0.4909343719482422, 0.4659252166748047, 0.5509381294250488]], "lowlevel.dissonance.mean": [0.36080360412597656], "lowlevel.hfc.mean": [0.4758215844631195], "lowlevel.mfcc.mean": [[0.6365476846694946, 0.8587877750396729, 0.4603841304779053, 0.7601211667060852, 0.4766286611557007, 0.3022271394729614, 0.4546886086463928, 0.36193281412124634, 0.3765202462673187, 0.39604100584983826, 0.3211938142776489, 0.23565064370632172, 0.27448564767837524]], "sfx.logattacktime.mean": [0.31069791316986084], "sfx.inharmonicity.mean": [0.35722237825393677]}