{"lowlevel.spectral_centroid.mean": [0.4547649621963501], "lowlevel.spectral_contrast.mean": [[0.5029149055480957, 0.5417591333389282, 0.622745156288147, 0.6963971853256226, 0.7630352973937988, 0.6590509414672852]], "lowlevel.dissonance.mean": [0.6774382591247559], "lowlevel.hfc.mean": [0.49426549673080444], "lowlevel.mfcc.mean": [[0.7108011245727539, 0.5461452007293701, 0.04977768659591675, -0.13177752494812012, 0.5284389853477478, 0.47617849707603455, 0.5307751893997192, -0.003773510456085205, 0.752814531326294, 0.11355346441268921, 0.3504053056240082, 0.22557884454727173, 0.2451063096523285]], "sfx.logattacktime.mean": [0.4015464782714844], "sfx.inharmonicity.mean": [0.8091042041778564]}