{"lowlevel.spectral_centroid.mean": [0.32786861062049866], "lowlevel.spectral_contrast.mean": [[0.47423648834228516, 0.36963140964508057, 0.49806880950927734, 0.2804601192474365, 0.23659873008728027, 0.26581454277038574]], "lowlevel.dissonance.mean": [0.482372522354126], "lowlevel.hfc.mean": [0.46512046456336975], "lowlevel.mfcc.mean": [[0.23187458515167236, 0.6252698302268982, 0.9381999969482422, 0.7366006374359131, 0.5467572808265686, 0.3572356700897217, 0.4079079031944275, 0.4664892554283142, 0.5961484909057617, 0.6146559715270996, 0.6155251264572144, 0.5032902359962463, 0.41205817461013794]], "sfx.logattacktime.mean": [0.3715837001800537], "sfx.inharmonicity.mean": [0.2107357680797577]}