{"lowlevel.spectral_centroid.mean": [0.3126024603843689], "lowlevel.spectral_contrast.mean": [[0.7861968874931335, 0.4300251007080078, 0.30402350425720215, 0.18857789039611816, 0.17885589599609375, 0.22110700607299805]], "lowlevel.dissonance.mean": [-0.11749893426895142], "lowlevel.hfc.mean": [0.4655451476573944], "lowlevel.mfcc.mean": [[0.15125024318695068, 0.3854731321334839, 0.714912474155426, 0.6724381446838379, 0.697685956954956, 0.6142743825912476, 0.5611101388931274, 0.45415186882019043, 0.41206270456314087, 0.2493966668844223, 0.15781369805335999, 0.007224172353744507, -0.028351902961730957]], "sfx.logattacktime.mean": [0.22273731231689453], "sfx.inharmonicity.mean": [0.19245870411396027]}