{"lowlevel.spectral_centroid.mean": [0.3264543116092682], "lowlevel.spectral_contrast.mean": [[1.126361608505249, 0.6353727579116821, 0.690587043762207, 0.6949886083602905, 0.8109760284423828, 0.7745563983917236]], "lowlevel.dissonance.mean": [0.4830693006515503], "lowlevel.hfc.mean": [0.5097413659095764], "lowlevel.mfcc.mean": [[0.8071850538253784, 1.0422837734222412, 0.22571703791618347, 0.9617894887924194, 0.7131931781768799, 0.4965079128742218, 0.686995267868042, 0.3751757740974426, 0.4696958661079407, 0.12922048568725586, 0.00617218017578125, 0.007139623165130615, 0.08596855401992798]], "sfx.logattacktime.mean": [0.5810611248016357], "sfx.inharmonicity.mean": [0.30620160698890686]}