{"lowlevel.spectral_centroid.mean": [0.454977810382843], "lowlevel.spectral_contrast.mean": [[0.3737459182739258, 0.36622560024261475, 0.4059169292449951, 0.39889001846313477, 0.35131311416625977, 0.659914493560791]], "lowlevel.dissonance.mean": [0.6644772291183472], "lowlevel.hfc.mean": [0.4654349386692047], "lowlevel.mfcc.mean": [[0.6127216815948486, 0.48774316906929016, 0.5816988348960876, 0.7381066083908081, 0.19361186027526855, 0.6265341639518738, 0.38413548469543457, 0.6736931800842285, 0.4382025897502899, 0.4676312506198883, 0.5570041537284851, 0.5909149050712585, 0.4691804051399231]], "sfx.logattacktime.mean": [0.738334596157074], "sfx.inharmonicity.mean": [0.4259710907936096]}