{"lowlevel.spectral_centroid.mean": [0.594900906085968], "lowlevel.spectral_contrast.mean": [[0.2974507808685303, 0.7492594718933105, 0.4693892002105713, 0.45298099517822266, 0.41201114654541016, 0.3879547119140625]], "lowlevel.dissonance.mean": [0.1271977424621582], "lowlevel.hfc.mean": [0.46833762526512146], "lowlevel.mfcc.mean": [[0.20427310466766357, 0.26341739296913147, 0.3662043511867523, 0.326450914144516, 0.23831699788570404, 0.11992231011390686, 0.160360187292099, 0.21011778712272644, 0.385943740606308, 0.5265851616859436, 0.6836758255958557, 0.8060310482978821, 0.8090744018554688]], "sfx.logattacktime.mean": [0.29163509607315063], "sfx.inharmonicity.mean": [0.42398563027381897]}