{"lowlevel.spectral_centroid.mean": [0.3981472849845886], "lowlevel.spectral_contrast.mean": [[0.41715288162231445, 1.2081397771835327, 1.298667550086975, 1.0645179748535156, 0.9213078022003174, 0.5320491790771484]], "lowlevel.dissonance.mean": [0.15001559257507324], "lowlevel.hfc.mean": [0.4753491282463074], "lowlevel.mfcc.mean": [[0.5626994371414185, 0.7306298017501831, -0.10832121968269348, -0.11798763275146484, -0.21854352951049805, -0.573581874370575, -0.1578739881515503, 0.05356776714324951, 0.5478963255882263, 0.8775894641876221, 0.8104143142700195, 0.6189243793487549, 0.4278721511363983]], "sfx.logattacktime.mean": [0.6184066534042358], "sfx.inharmonicity.mean": [0.9615300893783569]}