{"lowlevel.spectral_centroid.mean": [0.3184840977191925], "lowlevel.spectral_contrast.mean": [[0.8369157910346985, 0.8212169408798218, 0.7528361082077026, 0.6907148361206055, 0.5420641899108887, 0.36748671531677246]], "lowlevel.dissonance.mean": [0.2852768898010254], "lowlevel.hfc.mean": [0.46554505825042725], "lowlevel.mfcc.mean": [[0.4857363700866699, 0.9596627950668335, 0.6304721832275391, 0.4486024081707001, 0.7558666467666626, 0.4867449402809143, 0.41461724042892456, 0.3781988322734833, 0.4834012985229492, 0.6603085398674011, 0.4506443738937378, 0.14166679978370667, 0.4102407693862915]], "sfx.logattacktime.mean": [0.6056390404701233], "sfx.inharmonicity.mean": [0.2215028554201126]}