{"lowlevel.spectral_centroid.mean": [0.5104629397392273], "lowlevel.spectral_contrast.mean": [[0.42970550060272217, 0.49128496646881104, 0.5299367904663086, 0.37744975090026855, 0.1619865894317627, 0.19057703018188477]], "lowlevel.dissonance.mean": [0.30255067348480225], "lowlevel.hfc.mean": [0.4652312695980072], "lowlevel.mfcc.mean": [[0.23113203048706055, 0.6330153942108154, 0.9168156385421753, 0.5912431478500366, 0.37698274850845337, 0.27214106917381287, 0.400210976600647, 0.4550529718399048, 0.46165961027145386, 0.34325453639030457, 0.292629212141037, 0.24669131636619568, 0.30145442485809326]], "sfx.logattacktime.mean": [0.410336971282959], "sfx.inharmonicity.mean": [0.3851984143257141]}