{"lowlevel.spectral_centroid.mean": [0.371942937374115], "lowlevel.spectral_contrast.mean": [[0.48893654346466064, 0.4975775480270386, 0.6481688022613525, 0.6175258159637451, 0.6783726215362549, 0.4909021854400635]], "lowlevel.dissonance.mean": [0.5500670671463013], "lowlevel.hfc.mean": [0.4669724106788635], "lowlevel.mfcc.mean": [[0.6283259391784668, 0.864897608757019, 0.2341032773256302, 0.4845491051673889, 0.467205286026001, 0.46803948283195496, 0.48201626539230347, 0.4908932149410248, 0.5128156542778015, 0.34968698024749756, 0.3148532211780548, 0.3001677989959717, 0.32787811756134033]], "sfx.logattacktime.mean": [0.9459449648857117], "sfx.inharmonicity.mean": [0.8930783271789551]}