{"lowlevel.spectral_centroid.mean": [0.34967541694641113], "lowlevel.spectral_contrast.mean": [[0.8806062936782837, 1.0361098051071167, 0.7718250751495361, 0.7104474306106567, 0.6303927898406982, 0.4907410144805908]], "lowlevel.dissonance.mean": [0.2974891662597656], "lowlevel.hfc.mean": [0.46840396523475647], "lowlevel.mfcc.mean": [[0.6297006607055664, 0.8219081163406372, 0.152351975440979, 0.47754907608032227, 0.3724159598350525, 0.09427019953727722, 0.15371733903884888, 0.15825772285461426, 0.2941281199455261, 0.36217331886291504, 0.2511877417564392, 0.16983380913734436, 0.5779348611831665]], "sfx.logattacktime.mean": [0.6076614260673523], "sfx.inharmonicity.mean": [0.6065735816955566]}