{"lowlevel.spectral_centroid.mean": [0.5012695789337158], "lowlevel.spectral_contrast.mean": [[0.23548173904418945, 0.7825647592544556, 0.32602882385253906, 0.2882378101348877, 0.2715778350830078, 0.3297574520111084]], "lowlevel.dissonance.mean": [0.08163750171661377], "lowlevel.hfc.mean": [0.465583473443985], "lowlevel.mfcc.mean": [[0.3794211149215698, 0.47662538290023804, 0.6039814949035645, 0.29376763105392456, 0.19238018989562988, 0.14170679450035095, 0.24438321590423584, 0.44263944029808044, 0.7207013368606567, 0.8770089149475098, 0.8660944700241089, 0.7287693619728088, 0.5523701906204224]], "sfx.logattacktime.mean": [0.5925345420837402], "sfx.inharmonicity.mean": [0.40326428413391113]}