{"lowlevel.spectral_centroid.mean": [0.4046184718608856], "lowlevel.spectral_contrast.mean": [[0.22840797901153564, 0.20561695098876953, 0.8035355806350708, 0.5264096260070801, 0.27785706520080566, 0.24753594398498535]], "lowlevel.dissonance.mean": [0.21788787841796875], "lowlevel.hfc.mean": [0.46519577503204346], "lowlevel.mfcc.mean": [[0.10599827766418457, 0.2551535665988922, 0.46354249119758606, 0.33894938230514526, 0.4665018916130066, 0.45291271805763245, 0.5562646389007568, 0.7768458724021912, 1.1194989681243896, 1.037079095840454, 0.48340904712677, 0.0434952974319458, 0.24583029747009277]], "sfx.logattacktime.mean": [0.25152185559272766], "sfx.inharmonicity.mean": [0.42627763748168945]}