{"lowlevel.spectral_centroid.mean": [0.37395039200782776], "lowlevel.spectral_contrast.mean": [[0.4070625305175781, 1.5059194564819336, 1.3945426940917969, 1.5778288841247559, 1.1641935110092163, 0.6978123188018799]], "lowlevel.dissonance.mean": [0.19894838333129883], "lowlevel.hfc.mean": [0.52931809425354], "lowlevel.mfcc.mean": [[0.8230081796646118, 0.575210452079773, -0.07969501614570618, 0.4147816002368927, 0.18075239658355713, 0.21786929666996002, 0.2574993669986725, 0.3049550950527191, -0.08666789531707764, 0.08580011129379272, 0.6579157114028931, 1.0220763683319092, 1.0856894254684448]], "sfx.logattacktime.mean": [0.5570471882820129], "sfx.inharmonicity.mean": [0.2733755111694336]}