{"lowlevel.spectral_centroid.mean": [0.3539906144142151], "lowlevel.spectral_contrast.mean": [[1.025747299194336, 1.3556069135665894, 0.5542606115341187, 0.68199622631073, 0.6875514984130859, 0.4755971431732178]], "lowlevel.dissonance.mean": [-0.29967302083969116], "lowlevel.hfc.mean": [0.47283852100372314], "lowlevel.mfcc.mean": [[0.3333052396774292, 0.4695931375026703, 0.5026620030403137, 0.5621646642684937, 0.4202847480773926, 0.1515078842639923, -0.09262228012084961, -0.2521854639053345, -0.2865176796913147, -0.28045594692230225, -0.3411427140235901, -0.39772742986679077, -0.03458946943283081]], "sfx.logattacktime.mean": [0.6436885595321655], "sfx.inharmonicity.mean": [0.2785576283931732]}