{"lowlevel.spectral_centroid.mean": [0.40131694078445435], "lowlevel.spectral_contrast.mean": [[0.451213002204895, 1.1304597854614258, 1.3525902032852173, 0.8887524604797363, 1.1254196166992188, 0.6153466701507568]], "lowlevel.dissonance.mean": [0.333354115486145], "lowlevel.hfc.mean": [0.501420259475708], "lowlevel.mfcc.mean": [[0.768631100654602, 0.6406700611114502, -0.04401072859764099, 0.422749787569046, 0.24983321130275726, 0.09223145246505737, 0.32826489210128784, 0.6007930040359497, 0.22409403324127197, 0.09974300861358643, 0.45938271284103394, 0.8966356515884399, 0.789294421672821]], "sfx.logattacktime.mean": [0.35362571477890015], "sfx.inharmonicity.mean": [0.31303340196609497]}