{"lowlevel.spectral_centroid.mean": [0.6737899780273438], "lowlevel.spectral_contrast.mean": [[0.5479598045349121, 0.19301533699035645, 0.2321774959564209, 0.2545034885406494, 0.7089979648590088, 0.9754698276519775]], "lowlevel.dissonance.mean": [0.7037700414657593], "lowlevel.hfc.mean": [0.5673352479934692], "lowlevel.mfcc.mean": [[0.23988020420074463, 0.17129632830619812, 0.6116811037063599, 0.8436370491981506, 0.4899234175682068, 0.9818310737609863, 1.1307768821716309, 0.3814748525619507, 1.172861099243164, 0.7183462381362915, 0.35542038083076477, 1.2531285285949707, 0.25927770137786865]], "sfx.logattacktime.mean": [0.640792191028595], "sfx.inharmonicity.mean": [0.8088866472244263]}