{"lowlevel.spectral_centroid.mean": [0.3021903932094574], "lowlevel.spectral_contrast.mean": [[0.7676519155502319, 0.568920373916626, 0.4876997470855713, 0.4430198669433594, 0.4297952651977539, 0.36649417877197266]], "lowlevel.dissonance.mean": [0.46181225776672363], "lowlevel.hfc.mean": [0.46564194560050964], "lowlevel.mfcc.mean": [[0.395377516746521, 0.8525794744491577, 0.7973610162734985, 0.6502376794815063, 0.7883858680725098, 0.6381852030754089, 0.6249997019767761, 0.5021113753318787, 0.5989802479743958, 0.7497807741165161, 0.6664512753486633, 0.5488846898078918, 0.6727575063705444]], "sfx.logattacktime.mean": [0.5477494597434998], "sfx.inharmonicity.mean": [0.18830090761184692]}