{"lowlevel.spectral_centroid.mean": [0.32247859239578247], "lowlevel.spectral_contrast.mean": [[0.9315155744552612, 0.34111130237579346, 0.35817527770996094, 0.35745978355407715, 0.3539729118347168, 0.3090171813964844]], "lowlevel.dissonance.mean": [0.545326828956604], "lowlevel.hfc.mean": [0.46798983216285706], "lowlevel.mfcc.mean": [[0.22658050060272217, 0.5660337209701538, 0.8673188090324402, 0.9056129455566406, 1.0480782985687256, 0.9533833265304565, 0.9580788612365723, 0.9865449070930481, 0.937739372253418, 0.7470676898956299, 0.7179036140441895, 0.6899874210357666, 0.5877771377563477]], "sfx.logattacktime.mean": [0.2854282259941101], "sfx.inharmonicity.mean": [0.1984204351902008]}