{"lowlevel.spectral_centroid.mean": [0.30619654059410095], "lowlevel.spectral_contrast.mean": [[0.4125964641571045, 0.3220111131668091, 0.22982096672058105, 0.2027137279510498, 0.1930851936340332, 0.23796772956848145]], "lowlevel.dissonance.mean": [0.43130695819854736], "lowlevel.hfc.mean": [0.465239018201828], "lowlevel.mfcc.mean": [[0.1372920274734497, 0.3589962124824524, 0.7185977697372437, 0.7515300512313843, 0.8418855667114258, 0.7903205752372742, 0.7618491649627686, 0.6708716154098511, 0.6648640632629395, 0.5601093173027039, 0.507354736328125, 0.42127951979637146, 0.3963508903980255]], "sfx.logattacktime.mean": [0.16516795754432678], "sfx.inharmonicity.mean": [0.19506432116031647]}