{"lowlevel.spectral_centroid.mean": [0.35909122228622437], "lowlevel.spectral_contrast.mean": [[0.33126986026763916, 0.739255428314209, 0.7054530382156372, 0.6547770500183105, 0.46831631660461426, 0.323183536529541]], "lowlevel.dissonance.mean": [0.487188458442688], "lowlevel.hfc.mean": [0.46824193000793457], "lowlevel.mfcc.mean": [[0.284679651260376, 0.26682189106941223, 0.15584254264831543, 0.25702786445617676, 0.40285342931747437, 0.30089205503463745, 0.2927338182926178, 0.44509801268577576, 0.6609459519386292, 0.62744140625, 0.8265820741653442, 1.1048805713653564, 1.15628981590271]], "sfx.logattacktime.mean": [0.30692416429519653], "sfx.inharmonicity.mean": [0.322833776473999]}