{"lowlevel.spectral_centroid.mean": [0.3275182247161865], "lowlevel.spectral_contrast.mean": [[1.1068552732467651, 1.1860826015472412, 1.1275492906570435, 0.8356468677520752, 0.48197126388549805, 0.42867398262023926]], "lowlevel.dissonance.mean": [-0.13964927196502686], "lowlevel.hfc.mean": [0.4860210120677948], "lowlevel.mfcc.mean": [[0.7563345432281494, 1.0592432022094727, 0.6418814063072205, 0.2780311703681946, 0.26443347334861755, 0.6390818357467651, 0.5063391327857971, 0.3968505859375, 0.5263261795043945, 0.6725696325302124, 0.4683390259742737, 0.43569374084472656, 0.5386407375335693]], "sfx.logattacktime.mean": [0.6172402501106262], "sfx.inharmonicity.mean": [0.28656452894210815]}