{"lowlevel.spectral_centroid.mean": [0.35272279381752014], "lowlevel.spectral_contrast.mean": [[0.7898568511009216, 0.9114618301391602, 0.9249382019042969, 0.8200793266296387, 0.6865174770355225, 0.5128014087677002]], "lowlevel.dissonance.mean": [-0.1180962324142456], "lowlevel.hfc.mean": [0.4662376344203949], "lowlevel.mfcc.mean": [[0.4391484260559082, 0.83314049243927, 0.47112131118774414, 0.09056684374809265, 0.27693063020706177, 0.21229682862758636, 0.0848420262336731, 0.06609055399894714, 0.35582417249679565, 0.3632848858833313, 0.3951444923877716, 0.4369771480560303, 0.3866785764694214]], "sfx.logattacktime.mean": [0.45951080322265625], "sfx.inharmonicity.mean": [0.42028045654296875]}