{"lowlevel.spectral_centroid.mean": [0.38976797461509705], "lowlevel.spectral_contrast.mean": [[0.9536747932434082, 1.258277177810669, 0.3872873783111572, 0.30187344551086426, 0.3263864517211914, 0.3900320529937744]], "lowlevel.dissonance.mean": [-0.27069544792175293], "lowlevel.hfc.mean": [0.47592440247535706], "lowlevel.mfcc.mean": [[0.5965076684951782, 0.4723144471645355, 1.0055395364761353, 0.7932695150375366, 0.43570268154144287, 0.08491837978363037, -0.1897922158241272, -0.2387373447418213, -0.2010316252708435, -0.01035335659980774, 0.22243067622184753, 0.5063509941101074, 0.6076323390007019]], "sfx.logattacktime.mean": [0.2616334557533264], "sfx.inharmonicity.mean": [0.34041959047317505]}