{"lowlevel.spectral_centroid.mean": [0.36926478147506714], "lowlevel.spectral_contrast.mean": [[0.6510156393051147, 1.002481460571289, 0.8902219533920288, 0.9274650812149048, 0.847100019454956, 0.5629549026489258]], "lowlevel.dissonance.mean": [0.4073302745819092], "lowlevel.hfc.mean": [0.46806833148002625], "lowlevel.mfcc.mean": [[0.6765923500061035, 0.6734355688095093, 0.24885675311088562, 0.43007466197013855, 0.34520891308784485, 0.22581875324249268, 0.18022355437278748, 0.24986590445041656, 0.16246595978736877, 0.35300907492637634, 0.45076119899749756, 0.41536426544189453, 0.3282189965248108]], "sfx.logattacktime.mean": [0.6402662396430969], "sfx.inharmonicity.mean": [0.6276379823684692]}