{"lowlevel.spectral_centroid.mean": [0.46945446729660034], "lowlevel.spectral_contrast.mean": [[0.2403547763824463, 0.6462749242782593, 0.6011793613433838, 0.5451154708862305, 0.3128800392150879, 0.2627718448638916]], "lowlevel.dissonance.mean": [0.31356000900268555], "lowlevel.hfc.mean": [0.46515795588493347], "lowlevel.mfcc.mean": [[0.17812848091125488, 0.3762816786766052, 0.4426652491092682, 0.14091625809669495, 0.19795873761177063, 0.2457914501428604, 0.266742467880249, 0.23058995604515076, 0.2127678096294403, 0.22794485092163086, 0.4236629605293274, 0.4866335093975067, 0.5825467109680176]], "sfx.logattacktime.mean": [0.48053881525993347], "sfx.inharmonicity.mean": [1.1304051876068115]}