{"lowlevel.spectral_centroid.mean": [0.4130030870437622], "lowlevel.spectral_contrast.mean": [[0.41247403621673584, 0.3546321392059326, 0.6144472360610962, 0.446199893951416, 0.5643885135650635, 0.5417871475219727]], "lowlevel.dissonance.mean": [0.4002441167831421], "lowlevel.hfc.mean": [0.4653957188129425], "lowlevel.mfcc.mean": [[0.3144857883453369, 0.42959579825401306, 0.2671867311000824, 0.12123912572860718, -0.04815566539764404, 0.014617681503295898, 0.2652341425418854, 0.414858877658844, 0.366146981716156, 0.17712637782096863, 0.10764050483703613, 0.1527554988861084, 0.3724853992462158]], "sfx.logattacktime.mean": [0.342027485370636], "sfx.inharmonicity.mean": [0.6012200117111206]}