{"lowlevel.spectral_centroid.mean": [0.5442025661468506], "lowlevel.spectral_contrast.mean": [[0.2875995635986328, 0.3168199062347412, 0.31653928756713867, 0.36855006217956543, 0.3275916576385498, 1.1119310855865479]], "lowlevel.dissonance.mean": [0.7292444705963135], "lowlevel.hfc.mean": [0.4665434658527374], "lowlevel.mfcc.mean": [[0.39213132858276367, 0.49024125933647156, 0.37994688749313354, 0.5013349056243896, 0.29454511404037476, 0.763648271560669, 0.47932368516921997, 0.5485711693763733, 0.6276109218597412, 0.42048728466033936, 0.7790138721466064, 0.3861231207847595, 0.6406150460243225]], "sfx.logattacktime.mean": [0.36185669898986816], "sfx.inharmonicity.mean": [0.6937626600265503]}