{"lowlevel.spectral_centroid.mean": [0.3382255434989929], "lowlevel.spectral_contrast.mean": [[0.6385967135429382, 0.7556356191635132, 0.4665400981903076, 0.40327954292297363, 0.2983555793762207, 0.3548426628112793]], "lowlevel.dissonance.mean": [0.3043438196182251], "lowlevel.hfc.mean": [0.4672243297100067], "lowlevel.mfcc.mean": [[0.2760061025619507, 0.5775260925292969, 0.7058928608894348, 0.5692744255065918, 0.4225570857524872, 0.27473849058151245, 0.20212581753730774, -0.022233158349990845, 0.04442095756530762, 0.07670551538467407, 0.02523016929626465, 0.045053958892822266, 0.19422262907028198]], "sfx.logattacktime.mean": [0.2491116225719452], "sfx.inharmonicity.mean": [0.22804683446884155]}