{"lowlevel.spectral_centroid.mean": [0.48605549335479736], "lowlevel.spectral_contrast.mean": [[0.5556652545928955, 0.7794011831283569, 0.7038930654525757, 0.7303124666213989, 0.6991357803344727, 0.7159287929534912]], "lowlevel.dissonance.mean": [0.6816990375518799], "lowlevel.hfc.mean": [0.6596083641052246], "lowlevel.mfcc.mean": [[1.2302987575531006, 0.39686715602874756, 0.48353272676467896, 0.572683572769165, 0.504879355430603, 0.5291764736175537, 0.4138268232345581, 0.40488573908805847, 0.38049447536468506, 0.44329696893692017, 0.45213615894317627, 0.4536176025867462, 0.43449896574020386]], "sfx.logattacktime.mean": [0.3122829794883728], "sfx.inharmonicity.mean": [0.7523941993713379]}