{"lowlevel.spectral_centroid.mean": [0.3959418535232544], "lowlevel.spectral_contrast.mean": [[1.0039039850234985, 0.6646406650543213, 0.4477348327636719, 0.4556698799133301, 0.4424586296081543, 0.45237255096435547]], "lowlevel.dissonance.mean": [0.12964463233947754], "lowlevel.hfc.mean": [0.4746987819671631], "lowlevel.mfcc.mean": [[0.44316351413726807, 0.6405327916145325, 0.7074251174926758, 0.9655142426490784, 0.7746764421463013, 0.5805497765541077, 0.4543057084083557, 0.4051070213317871, 0.5315297245979309, 0.595850944519043, 0.49034035205841064, 0.33224546909332275, 0.31709402799606323]], "sfx.logattacktime.mean": [0.5352522730827332], "sfx.inharmonicity.mean": [0.30520355701446533]}