{"lowlevel.spectral_centroid.mean": [0.6019457578659058], "lowlevel.spectral_contrast.mean": [[0.297560453414917, 0.39998888969421387, 0.22506117820739746, 0.2507140636444092, 0.21406912803649902, 0.21533823013305664]], "lowlevel.dissonance.mean": [0.42629194259643555], "lowlevel.hfc.mean": [0.4652900993824005], "lowlevel.mfcc.mean": [[0.14102721214294434, 0.3753998279571533, 0.650664746761322, 0.528253436088562, 0.6108535528182983, 0.5862637758255005, 0.5967450737953186, 0.5367180705070496, 0.5025123357772827, 0.43310707807540894, 0.46446970105171204, 0.5066094398498535, 0.5819187760353088]], "sfx.logattacktime.mean": [0.1955377161502838], "sfx.inharmonicity.mean": [0.3968958854675293]}