{"lowlevel.spectral_centroid.mean": [0.3193800449371338], "lowlevel.spectral_contrast.mean": [[0.7722468376159668, 0.6285065412521362, 0.5525599718093872, 0.522132396697998, 0.6212112903594971, 0.4336678981781006]], "lowlevel.dissonance.mean": [0.42563843727111816], "lowlevel.hfc.mean": [0.4672946333885193], "lowlevel.mfcc.mean": [[0.5520812273025513, 0.9892569780349731, 0.487799733877182, 0.44328585267066956, 0.8258109092712402, 0.5262079834938049, 0.4027230143547058, 0.31558549404144287, 0.293084979057312, 0.3484724760055542, 0.3745441734790802, 0.22786590456962585, 0.3086302876472473]], "sfx.logattacktime.mean": [0.7232146263122559], "sfx.inharmonicity.mean": [0.33932214975357056]}