{"lowlevel.spectral_centroid.mean": [0.3840170204639435], "lowlevel.spectral_contrast.mean": [[0.31896376609802246, 0.5747789144515991, 0.34285664558410645, 0.23957133293151855, 0.2293109893798828, 0.23928165435791016]], "lowlevel.dissonance.mean": [0.11657059192657471], "lowlevel.hfc.mean": [0.4651661813259125], "lowlevel.mfcc.mean": [[0.1542370319366455, 0.41025057435035706, 0.7239210605621338, 0.6402084827423096, 0.6624879240989685, 0.5841884016990662, 0.5498491525650024, 0.5042693614959717, 0.4607570767402649, 0.36538422107696533, 0.3744197487831116, 0.3577002286911011, 0.42524272203445435]], "sfx.logattacktime.mean": [0.2497462034225464], "sfx.inharmonicity.mean": [0.2196267545223236]}