{"lowlevel.spectral_centroid.mean": [0.3317195475101471], "lowlevel.spectral_contrast.mean": [[0.8180289268493652, 0.3844238519668579, 0.38774216175079346, 0.38840150833129883, 0.36457204818725586, 0.3118271827697754]], "lowlevel.dissonance.mean": [0.490037202835083], "lowlevel.hfc.mean": [0.46841347217559814], "lowlevel.mfcc.mean": [[0.21372604370117188, 0.5524978637695312, 0.8766714334487915, 0.9054872989654541, 1.0275182723999023, 0.9067355990409851, 0.8863760232925415, 0.9050261974334717, 0.8520822525024414, 0.6507071852684021, 0.6295552253723145, 0.6318199634552002, 0.5439648628234863]], "sfx.logattacktime.mean": [0.3241300582885742], "sfx.inharmonicity.mean": [0.2021433413028717]}