{"lowlevel.spectral_centroid.mean": [0.37229686975479126], "lowlevel.spectral_contrast.mean": [[0.3129723072052002, 0.31954073905944824, 0.9334976673126221, 0.680702805519104, 0.5666465759277344, 0.4272959232330322]], "lowlevel.dissonance.mean": [0.4456237554550171], "lowlevel.hfc.mean": [0.46850380301475525], "lowlevel.mfcc.mean": [[0.3317612409591675, 0.18254899978637695, 0.16183647513389587, 0.19414161145687103, 0.24636545777320862, 0.4156087040901184, 0.5230971574783325, 0.6151328086853027, 0.8504087924957275, 0.7220199108123779, 0.46580231189727783, 0.24564608931541443, 0.24948465824127197]], "sfx.logattacktime.mean": [0.37214916944503784], "sfx.inharmonicity.mean": [0.4035695195198059]}