{"lowlevel.spectral_centroid.mean": [0.36948832869529724], "lowlevel.spectral_contrast.mean": [[0.5203880071640015, 0.6250112056732178, 1.1073201894760132, 0.7322812080383301, 0.4301893711090088, 0.24877262115478516]], "lowlevel.dissonance.mean": [0.06374382972717285], "lowlevel.hfc.mean": [0.46743807196617126], "lowlevel.mfcc.mean": [[0.25935959815979004, 0.960823655128479, 0.54901522397995, -0.1315588355064392, 0.009643852710723877, 0.07679891586303711, 0.2099091112613678, 0.3438677191734314, 0.47076377272605896, 0.3783019185066223, 0.2438468635082245, 0.16538584232330322, 0.318121999502182]], "sfx.logattacktime.mean": [0.27521809935569763], "sfx.inharmonicity.mean": [0.7270787954330444]}