{"lowlevel.spectral_centroid.mean": [0.5867223739624023], "lowlevel.spectral_contrast.mean": [[0.5073370933532715, 0.3353855609893799, 0.5031453371047974, 1.5239999294281006, 1.454026460647583, 1.152200698852539]], "lowlevel.dissonance.mean": [0.5600292682647705], "lowlevel.hfc.mean": [0.5910133123397827], "lowlevel.mfcc.mean": [[0.7713673114776611, 0.2229522317647934, 0.3648090660572052, 0.3659541606903076, 0.32126161456108093, 0.7797669768333435, 0.9037833213806152, 0.7237469553947449, -0.05019485950469971, 0.05751675367355347, 1.6586813926696777, 1.2988790273666382, -0.24229270219802856]], "sfx.logattacktime.mean": [0.5096080303192139], "sfx.inharmonicity.mean": [0.6645866632461548]}