{"lowlevel.spectral_centroid.mean": [0.49277111887931824], "lowlevel.spectral_contrast.mean": [[0.49251818656921387, 0.7986589670181274, 1.0768030881881714, 1.6646966934204102, 1.5783296823501587, 0.8636233806610107]], "lowlevel.dissonance.mean": [0.562312126159668], "lowlevel.hfc.mean": [0.6243858933448792], "lowlevel.mfcc.mean": [[0.7958812713623047, 0.35024920105934143, 0.12067598104476929, 0.6640716791152954, 0.35463738441467285, 0.3414927124977112, 0.6433565020561218, 0.7969550490379333, 0.5164238810539246, 0.6971704363822937, 1.2204649448394775, 1.3762478828430176, 0.8774944543838501]], "sfx.logattacktime.mean": [0.5840957164764404], "sfx.inharmonicity.mean": [0.5462796688079834]}