{"lowlevel.spectral_centroid.mean": [0.3909969627857208], "lowlevel.spectral_contrast.mean": [[0.49724912643432617, 0.5647205114364624, 0.4684697389602661, 0.5174293518066406, 0.589045524597168, 0.5200097560882568]], "lowlevel.dissonance.mean": [0.6017844676971436], "lowlevel.hfc.mean": [0.4679352045059204], "lowlevel.mfcc.mean": [[0.7806084156036377, 0.6165822744369507, 0.47504186630249023, 0.4571450352668762, 0.48081955313682556, 0.5575367212295532, 0.3875308632850647, 0.5136895775794983, 0.45310837030410767, 0.36553138494491577, 0.37484821677207947, 0.44855454564094543, 0.7311981320381165]], "sfx.logattacktime.mean": [0.8674008250236511], "sfx.inharmonicity.mean": [0.3123578429222107]}