{"lowlevel.spectral_centroid.mean": [0.328952431678772], "lowlevel.spectral_contrast.mean": [[0.6014752388000488, 0.5738898515701294, 0.772682785987854, 0.9402902126312256, 0.544213056564331, 0.3056800365447998]], "lowlevel.dissonance.mean": [0.44587242603302], "lowlevel.hfc.mean": [0.4666948616504669], "lowlevel.mfcc.mean": [[0.5220966339111328, 1.1196671724319458, 0.7418330907821655, 0.06540226936340332, 0.34344208240509033, 0.48756176233291626, 0.3497616946697235, 0.19611042737960815, 0.2866418957710266, 0.2772386968135834, 0.30826759338378906, 0.41382384300231934, 0.522129237651825]], "sfx.logattacktime.mean": [0.6307024955749512], "sfx.inharmonicity.mean": [0.3192654848098755]}