{"lowlevel.spectral_centroid.mean": [0.6648707389831543], "lowlevel.spectral_contrast.mean": [[0.10407102108001709, 0.16870903968811035, 1.1434415578842163, 0.7680052518844604, 1.1055961847305298, 0.876309871673584]], "lowlevel.dissonance.mean": [0.29980790615081787], "lowlevel.hfc.mean": [0.4796980321407318], "lowlevel.mfcc.mean": [[0.24786818027496338, 0.012181684374809265, 0.2756843566894531, 0.3451348543167114, 0.12384957075119019, 0.3352237343788147, 0.683661699295044, 1.0811753273010254, 1.029771089553833, 0.6057287454605103, -0.2564781904220581, -0.3993973135948181, 0.39024901390075684]], "sfx.logattacktime.mean": [0.34758055210113525], "sfx.inharmonicity.mean": [0.6469619274139404]}