{"lowlevel.spectral_centroid.mean": [0.3637179136276245], "lowlevel.spectral_contrast.mean": [[0.32049405574798584, 1.1142020225524902, 0.657250165939331, 0.6556344032287598, 0.42197513580322266, 0.34378957748413086]], "lowlevel.dissonance.mean": [-0.10051143169403076], "lowlevel.hfc.mean": [0.477580726146698], "lowlevel.mfcc.mean": [[0.30393993854522705, 0.6204754114151001, 0.6190994381904602, 0.3917454183101654, 0.48200780153274536, 0.28007057309150696, 0.19073501229286194, 0.16750559210777283, 0.15386962890625, 0.20083537697792053, 0.4957294166088104, 0.8586679697036743, 0.9150128364562988]], "sfx.logattacktime.mean": [0.2942964434623718], "sfx.inharmonicity.mean": [0.21279551088809967]}