{"lowlevel.spectral_centroid.mean": [0.38177573680877686], "lowlevel.spectral_contrast.mean": [[0.7387207746505737, 0.739627480506897, 0.6735059022903442, 0.6617898941040039, 0.8952369689941406, 1.1976838111877441]], "lowlevel.dissonance.mean": [0.5695620775222778], "lowlevel.hfc.mean": [0.5395883321762085], "lowlevel.mfcc.mean": [[0.9392123222351074, 1.016109585762024, 0.16409027576446533, 0.9570865631103516, 0.15225061774253845, 0.6301708221435547, 0.37363409996032715, 0.4402453303337097, 0.6131770610809326, -0.22946500778198242, 0.5986010432243347, 0.7646552920341492, 0.0626876950263977]], "sfx.logattacktime.mean": [0.8001348972320557], "sfx.inharmonicity.mean": [0.9202033281326294]}