{"lowlevel.spectral_centroid.mean": [0.3646322190761566], "lowlevel.spectral_contrast.mean": [[0.42922210693359375, 0.6822104454040527, 0.6383068561553955, 0.78057861328125, 0.8583734035491943, 0.4627418518066406]], "lowlevel.dissonance.mean": [0.5637755393981934], "lowlevel.hfc.mean": [0.47153210639953613], "lowlevel.mfcc.mean": [[0.2960655689239502, 0.7282816171646118, 0.34464386105537415, 0.4953487515449524, 0.723376989364624, 0.5696351528167725, 0.2110380232334137, 0.24947568774223328, 0.3116713762283325, 0.16701975464820862, 0.4831151068210602, 0.5006465911865234, 0.3913421332836151]], "sfx.logattacktime.mean": [0.2592269480228424], "sfx.inharmonicity.mean": [1.0384891033172607]}