{"lowlevel.spectral_centroid.mean": [0.361202210187912], "lowlevel.spectral_contrast.mean": [[0.32689011096954346, 0.5253292322158813, 0.24764585494995117, 0.19868183135986328, 0.19513654708862305, 0.22692298889160156]], "lowlevel.dissonance.mean": [0.32438743114471436], "lowlevel.hfc.mean": [0.4652819037437439], "lowlevel.mfcc.mean": [[0.15772998332977295, 0.40459001064300537, 0.7495805025100708, 0.7230759859085083, 0.7653918266296387, 0.6656219363212585, 0.6367301940917969, 0.5418881177902222, 0.49777165055274963, 0.4282633066177368, 0.46723365783691406, 0.5071172714233398, 0.5658188462257385]], "sfx.logattacktime.mean": [0.15290474891662598], "sfx.inharmonicity.mean": [0.23233048617839813]}