{"lowlevel.spectral_centroid.mean": [0.4386042356491089], "lowlevel.spectral_contrast.mean": [[0.7032439708709717, 0.8028477430343628, 0.8106533288955688, 0.6469330787658691, 0.6727702617645264, 0.7395403385162354]], "lowlevel.dissonance.mean": [0.620406985282898], "lowlevel.hfc.mean": [0.6527862548828125], "lowlevel.mfcc.mean": [[1.2467879056930542, 0.46790003776550293, 0.45539361238479614, 0.5365339517593384, 0.33939456939697266, 0.37986549735069275, 0.2920483946800232, 0.4595872461795807, 0.4399104714393616, 0.500076174736023, 0.47417375445365906, 0.37809568643569946, 0.383905291557312]], "sfx.logattacktime.mean": [0.5373046398162842], "sfx.inharmonicity.mean": [0.9743927717208862]}