{"lowlevel.spectral_centroid.mean": [0.8532692193984985], "lowlevel.spectral_contrast.mean": [[0.5387541055679321, 0.20091426372528076, 0.237654447555542, 0.47034358978271484, 0.5402677059173584, 0.758159875869751]], "lowlevel.dissonance.mean": [0.7185325622558594], "lowlevel.hfc.mean": [0.48580697178840637], "lowlevel.mfcc.mean": [[0.23900127410888672, 0.042403265833854675, 0.5958549380302429, 0.486964613199234, 0.8481899499893188, 0.7213319540023804, 0.9746045470237732, 0.43461817502975464, 0.7616312503814697, 1.258937120437622, 0.4418399930000305, 0.8948551416397095, 0.32975271344184875]], "sfx.logattacktime.mean": [0.5329282879829407], "sfx.inharmonicity.mean": [0.6816244125366211]}