{"lowlevel.spectral_centroid.mean": [1.1479367017745972], "lowlevel.spectral_contrast.mean": [[0.09309792518615723, 0.10857248306274414, 0.14809846878051758, 0.13504981994628906, 0.5845949649810791, 0.33468127250671387]], "lowlevel.dissonance.mean": [0.741344690322876], "lowlevel.hfc.mean": [0.47707509994506836], "lowlevel.mfcc.mean": [[0.07569289207458496, 0.12854239344596863, 0.45384007692337036, 0.44116702675819397, 0.5402654409408569, 0.353058785200119, 0.5218905806541443, 0.6426382660865784, 0.29188305139541626, 0.5010553598403931, 0.6038077473640442, 0.49449804425239563, 0.2256646454334259]], "sfx.logattacktime.mean": [0.16036808490753174], "sfx.inharmonicity.mean": [0.9525420665740967]}