{"lowlevel.spectral_centroid.mean": [0.4016660749912262], "lowlevel.spectral_contrast.mean": [[0.3603564500808716, 0.28525495529174805, 0.25487685203552246, 0.22887492179870605, 0.2276294231414795, 0.2680060863494873]], "lowlevel.dissonance.mean": [0.6061837673187256], "lowlevel.hfc.mean": [0.46508368849754333], "lowlevel.mfcc.mean": [[0.10428106784820557, 0.5045549869537354, 0.7457906603813171, 0.7625329494476318, 0.7837153077125549, 0.7700100541114807, 0.7409240007400513, 0.5449546575546265, 0.4467875361442566, 0.4816460609436035, 0.4462887942790985, 0.42895370721817017, 0.41737890243530273]], "sfx.logattacktime.mean": [0.7086150050163269], "sfx.inharmonicity.mean": [0.408772349357605]}