{"lowlevel.spectral_centroid.mean": [0.41761884093284607], "lowlevel.spectral_contrast.mean": [[0.5046828985214233, 0.37470543384552, 0.3393363952636719, 0.4160623550415039, 0.49915504455566406, 0.4814262390136719]], "lowlevel.dissonance.mean": [0.7110371589660645], "lowlevel.hfc.mean": [0.46817076206207275], "lowlevel.mfcc.mean": [[0.5749433040618896, 0.4527920186519623, 0.3956129550933838, 0.5781018733978271, 0.5969932079315186, 0.6261839866638184, 0.6382547616958618, 0.43946874141693115, 0.32637202739715576, 0.7589678168296814, 0.7884078025817871, 0.5199822783470154, 0.734102725982666]], "sfx.logattacktime.mean": [0.384408563375473], "sfx.inharmonicity.mean": [0.5546343922615051]}