{"lowlevel.spectral_centroid.mean": [0.3635897636413574], "lowlevel.spectral_contrast.mean": [[0.34828948974609375, 0.3404768705368042, 0.3907550573348999, 0.43205714225769043, 0.3486607074737549, 0.45543932914733887]], "lowlevel.dissonance.mean": [0.6749829053878784], "lowlevel.hfc.mean": [0.46529048681259155], "lowlevel.mfcc.mean": [[0.6323808431625366, 0.5714564919471741, 0.5192486047744751, 0.47262606024742126, 0.4712568521499634, 0.7741807699203491, 0.5981605052947998, 0.5357300639152527, 0.6307066082954407, 0.6627086997032166, 0.6900389790534973, 0.6993975639343262, 0.44338539242744446]], "sfx.logattacktime.mean": [0.45447030663490295], "sfx.inharmonicity.mean": [1.036413550376892]}