{"lowlevel.spectral_centroid.mean": [0.31089818477630615], "lowlevel.spectral_contrast.mean": [[0.8011913299560547, 0.46236205101013184, 0.6135514974594116, 0.4524855613708496, 0.3541388511657715, 0.3676924705505371]], "lowlevel.dissonance.mean": [0.4628636837005615], "lowlevel.hfc.mean": [0.4671137034893036], "lowlevel.mfcc.mean": [[0.5318756103515625, 1.067855715751648, 0.8471173048019409, 0.49163469672203064, 0.4611760079860687, 0.5489099621772766, 0.7084892988204956, 0.7472289800643921, 0.6886627674102783, 0.46033698320388794, 0.30646812915802, 0.26852142810821533, 0.3940919041633606]], "sfx.logattacktime.mean": [0.6389017701148987], "sfx.inharmonicity.mean": [0.20441783964633942]}