{"lowlevel.spectral_centroid.mean": [0.38716140389442444], "lowlevel.spectral_contrast.mean": [[0.34412169456481934, 0.9842976331710815, 1.172111988067627, 0.6799794435501099, 0.5044970512390137, 0.35808324813842773]], "lowlevel.dissonance.mean": [-0.17708539962768555], "lowlevel.hfc.mean": [0.4833989441394806], "lowlevel.mfcc.mean": [[0.29387784004211426, 0.5446663498878479, 0.5079465508460999, 0.4007596969604492, 0.5107564926147461, 0.216936394572258, 0.3179047703742981, 0.703498363494873, 1.0340969562530518, 1.058779239654541, 0.7543269395828247, 0.4724867045879364, -0.016322433948516846]], "sfx.logattacktime.mean": [0.29877638816833496], "sfx.inharmonicity.mean": [0.20508776605129242]}