{"lowlevel.spectral_centroid.mean": [0.36451956629753113], "lowlevel.spectral_contrast.mean": [[0.9596925377845764, 1.29651939868927, 0.8327224254608154, 0.4622673988342285, 0.23158621788024902, 0.2769742012023926]], "lowlevel.dissonance.mean": [-0.6841945648193359], "lowlevel.hfc.mean": [0.4758416414260864], "lowlevel.mfcc.mean": [[0.37910890579223633, 0.967549204826355, 1.0800628662109375, 0.4211187958717346, -0.011720538139343262, -0.1790202260017395, -0.12646251916885376, -0.12983840703964233, 0.011733561754226685, 0.2089616358280182, 0.44793766736984253, 0.4790080785751343, 0.42869141697883606]], "sfx.logattacktime.mean": [0.23870182037353516], "sfx.inharmonicity.mean": [0.2315915822982788]}