{"lowlevel.spectral_centroid.mean": [0.6984561085700989], "lowlevel.spectral_contrast.mean": [[0.47194695472717285, 0.19711637496948242, 0.24170374870300293, 0.2658846378326416, 0.915571928024292, 0.8907053470611572]], "lowlevel.dissonance.mean": [0.7398097515106201], "lowlevel.hfc.mean": [0.4733913242816925], "lowlevel.mfcc.mean": [[0.1832031011581421, 0.060336485505104065, 0.5290679931640625, 0.6806871891021729, 0.7417920827865601, 0.7246609330177307, 0.3355600833892822, 1.394641637802124, 0.796724796295166, -0.05134361982345581, 1.4917619228363037, 0.6158101558685303, 0.739966630935669]], "sfx.logattacktime.mean": [0.5970468521118164], "sfx.inharmonicity.mean": [0.9114893674850464]}