{"lowlevel.spectral_centroid.mean": [0.2966541647911072], "lowlevel.spectral_contrast.mean": [[0.8275402188301086, 0.5234838724136353, 0.25221991539001465, 0.22740817070007324, 0.22347331047058105, 0.2561304569244385]], "lowlevel.dissonance.mean": [0.46058058738708496], "lowlevel.hfc.mean": [0.4657633602619171], "lowlevel.mfcc.mean": [[0.26138389110565186, 0.7393996715545654, 1.1621623039245605, 1.1336463689804077, 1.1157993078231812, 0.9638417959213257, 0.8664706945419312, 0.7207093834877014, 0.6650034785270691, 0.5851017236709595, 0.5832677483558655, 0.5658441185951233, 0.5902613997459412]], "sfx.logattacktime.mean": [0.7196767330169678], "sfx.inharmonicity.mean": [0.18884491920471191]}