{"lowlevel.spectral_centroid.mean": [0.3322487473487854], "lowlevel.spectral_contrast.mean": [[0.823767900466919, 0.48820245265960693, 0.40302467346191406, 0.3959317207336426, 0.38455867767333984, 0.3188481330871582]], "lowlevel.dissonance.mean": [0.293861985206604], "lowlevel.hfc.mean": [0.46781134605407715], "lowlevel.mfcc.mean": [[0.24014747142791748, 0.6089633107185364, 0.8816176652908325, 0.8611742258071899, 0.9734385013580322, 0.8053003549575806, 0.7498177886009216, 0.776350736618042, 0.7356335520744324, 0.5390271544456482, 0.5485050678253174, 0.5580675601959229, 0.43990445137023926]], "sfx.logattacktime.mean": [0.2295989990234375], "sfx.inharmonicity.mean": [0.20352385938167572]}