{"lowlevel.spectral_centroid.mean": [0.39587944746017456], "lowlevel.spectral_contrast.mean": [[0.5868507623672485, 1.1218791007995605, 1.1383941173553467, 1.1308128833770752, 0.9864108562469482, 0.6670496463775635]], "lowlevel.dissonance.mean": [0.27935123443603516], "lowlevel.hfc.mean": [0.5089086890220642], "lowlevel.mfcc.mean": [[0.7994176149368286, 0.6520453691482544, 0.00497165322303772, 0.34581345319747925, 0.14522334933280945, 0.29647889733314514, 0.33389806747436523, 0.3472643494606018, 0.1929035186767578, 0.24190448224544525, 0.4419932961463928, 0.6762421131134033, 0.66513592004776]], "sfx.logattacktime.mean": [0.4060782790184021], "sfx.inharmonicity.mean": [0.48165568709373474]}