{"lowlevel.spectral_centroid.mean": [0.38119855523109436], "lowlevel.spectral_contrast.mean": [[0.6421265006065369, 0.8818948268890381, 1.1061838865280151, 0.9326543807983398, 0.7699306011199951, 0.5543978214263916]], "lowlevel.dissonance.mean": [0.17943787574768066], "lowlevel.hfc.mean": [0.469436913728714], "lowlevel.mfcc.mean": [[0.46763598918914795, 0.6355998516082764, 0.2283536046743393, 0.05809539556503296, -0.11162036657333374, -0.18466460704803467, -0.05519437789916992, 0.025501370429992676, 0.28172528743743896, 0.26003459095954895, 0.07588329911231995, 0.14777681231498718, 0.3940815329551697]], "sfx.logattacktime.mean": [0.8707063794136047], "sfx.inharmonicity.mean": [0.5452706813812256]}