{"lowlevel.spectral_centroid.mean": [0.37781378626823425], "lowlevel.spectral_contrast.mean": [[0.1867901086807251, 1.508946180343628, 1.569063663482666, 1.6003426313400269, 1.4727364778518677, 0.8053112030029297]], "lowlevel.dissonance.mean": [0.0822678804397583], "lowlevel.hfc.mean": [0.4778425395488739], "lowlevel.mfcc.mean": [[0.539103627204895, 0.5110892057418823, -0.020552337169647217, 0.3205109238624573, 0.10209870338439941, 0.1508726179599762, 0.48904097080230713, 0.5555411577224731, 0.01859194040298462, -0.10077691078186035, 0.7581745386123657, 1.4286363124847412, 1.128737449645996]], "sfx.logattacktime.mean": [0.34706249833106995], "sfx.inharmonicity.mean": [0.43540406227111816]}