{"lowlevel.spectral_centroid.mean": [0.37359049916267395], "lowlevel.spectral_contrast.mean": [[0.1999056339263916, 1.5204143524169922, 1.6168535947799683, 1.678478479385376, 1.3301880359649658, 0.8680310249328613]], "lowlevel.dissonance.mean": [0.12755131721496582], "lowlevel.hfc.mean": [0.477029949426651], "lowlevel.mfcc.mean": [[0.5511606931686401, 0.5568190813064575, -0.029079288244247437, 0.3857581615447998, 0.2573355734348297, -0.018317759037017822, 0.10188168287277222, 0.374898761510849, 0.18575361371040344, -0.12888818979263306, 0.1705988347530365, 1.1171863079071045, 1.5746499300003052]], "sfx.logattacktime.mean": [0.3504091501235962], "sfx.inharmonicity.mean": [0.23069702088832855]}