{"lowlevel.spectral_centroid.mean": [0.331584095954895], "lowlevel.spectral_contrast.mean": [[0.8660351634025574, 0.8052041530609131, 0.6828488111495972, 0.41733217239379883, 0.39090800285339355, 0.3680551052093506]], "lowlevel.dissonance.mean": [0.04959726333618164], "lowlevel.hfc.mean": [0.46636679768562317], "lowlevel.mfcc.mean": [[0.40286195278167725, 0.7854138612747192, 0.6025777459144592, 0.2750997841358185, 0.1663457155227661, -0.032271116971969604, -0.09606462717056274, -0.23053956031799316, -0.06997227668762207, -0.011999040842056274, -0.04914546012878418, 0.05328071117401123, 0.24471136927604675]], "sfx.logattacktime.mean": [0.23298072814941406], "sfx.inharmonicity.mean": [0.6488164663314819]}