{"lowlevel.spectral_centroid.mean": [0.34311091899871826], "lowlevel.spectral_contrast.mean": [[0.3231858015060425, 0.5390207767486572, 0.7789965867996216, 0.4724881649017334, 0.3702983856201172, 0.253389835357666]], "lowlevel.dissonance.mean": [0.10502254962921143], "lowlevel.hfc.mean": [0.46590763330459595], "lowlevel.mfcc.mean": [[0.18852436542510986, 0.8708502054214478, 0.6962093114852905, 0.18811547756195068, 0.3179805874824524, 0.3882479667663574, 0.4422817826271057, 0.4592086970806122, 0.45369771122932434, 0.2988000512123108, 0.26324212551116943, 0.3143879175186157, 0.47762826085090637]], "sfx.logattacktime.mean": [0.2904667258262634], "sfx.inharmonicity.mean": [1.6745136976242065]}