{"lowlevel.spectral_centroid.mean": [0.38068920373916626], "lowlevel.spectral_contrast.mean": [[0.17538583278656006, 1.5151112079620361, 1.5668665170669556, 1.5821287631988525, 1.466227412223816, 0.8497333526611328]], "lowlevel.dissonance.mean": [0.17144501209259033], "lowlevel.hfc.mean": [0.479833722114563], "lowlevel.mfcc.mean": [[0.5447514057159424, 0.474746435880661, -0.030119627714157104, 0.4063100218772888, 0.17355576157569885, 0.03827950358390808, 0.15116074681282043, 0.47173917293548584, 0.3703882098197937, 0.37120723724365234, 0.9572244882583618, 1.5200779438018799, 1.4250586032867432]], "sfx.logattacktime.mean": [0.3466189503669739], "sfx.inharmonicity.mean": [0.8055132627487183]}