{"lowlevel.spectral_centroid.mean": [0.3443836569786072], "lowlevel.spectral_contrast.mean": [[0.7299774885177612, 0.7876191139221191, 0.6288326978683472, 0.6774939298629761, 0.5691430568695068, 0.37861037254333496]], "lowlevel.dissonance.mean": [0.37475287914276123], "lowlevel.hfc.mean": [0.4666518568992615], "lowlevel.mfcc.mean": [[0.46450841426849365, 0.6457242965698242, 0.44002047181129456, 0.4358178973197937, 0.5210564732551575, 0.4085423946380615, 0.29222971200942993, 0.24391555786132812, 0.0649973452091217, 0.059689849615097046, 0.16372928023338318, -0.031546831130981445, -0.09633052349090576]], "sfx.logattacktime.mean": [0.5724679231643677], "sfx.inharmonicity.mean": [0.3010665774345398]}