{"lowlevel.spectral_centroid.mean": [0.49803316593170166], "lowlevel.spectral_contrast.mean": [[0.32947254180908203, 0.23002398014068604, 0.36392664909362793, 0.6770925521850586, 0.7536463737487793, 0.686734676361084]], "lowlevel.dissonance.mean": [0.716171145439148], "lowlevel.hfc.mean": [0.5376268029212952], "lowlevel.mfcc.mean": [[0.3189115524291992, 0.016303375363349915, 0.22470755875110626, 0.5519500374794006, 0.7883866429328918, 0.7636509537696838, 0.44068461656570435, 0.4758651554584503, 0.7931337356567383, 0.5832203030586243, 0.5794720649719238, 0.6094182729721069, 0.7255668640136719]], "sfx.logattacktime.mean": [0.37105992436408997], "sfx.inharmonicity.mean": [0.6567761898040771]}