{"lowlevel.spectral_centroid.mean": [0.4413872957229614], "lowlevel.spectral_contrast.mean": [[0.19454777240753174, 0.20922839641571045, 0.23417377471923828, 0.700993537902832, 0.3434598445892334, 0.2643086910247803]], "lowlevel.dissonance.mean": [0.5608400106430054], "lowlevel.hfc.mean": [0.4650927484035492], "lowlevel.mfcc.mean": [[0.07720959186553955, 0.1891299933195114, 0.43988141417503357, 0.36693140864372253, 0.5389504432678223, 0.6699782609939575, 0.767910361289978, 0.5312162041664124, 0.29283615946769714, 0.439762145280838, 0.8438977003097534, 0.7765771150588989, 0.6142946481704712]], "sfx.logattacktime.mean": [0.27570271492004395], "sfx.inharmonicity.mean": [0.5204841494560242]}