{"lowlevel.spectral_centroid.mean": [0.31652557849884033], "lowlevel.spectral_contrast.mean": [[0.42523086071014404, 0.4742826223373413, 0.5328725576400757, 0.44919657707214355, 0.3825950622558594, 0.3342299461364746]], "lowlevel.dissonance.mean": [0.4599665403366089], "lowlevel.hfc.mean": [0.4654979705810547], "lowlevel.mfcc.mean": [[0.35262739658355713, 0.8144005537033081, 0.8338967561721802, 0.5205715298652649, 0.626023530960083, 0.5550746321678162, 0.3891327381134033, 0.3158256411552429, 0.5312412977218628, 0.6324012279510498, 0.5944952964782715, 0.36454594135284424, 0.2033519744873047]], "sfx.logattacktime.mean": [0.3369934558868408], "sfx.inharmonicity.mean": [0.23619820177555084]}