{"lowlevel.spectral_centroid.mean": [0.3053135871887207], "lowlevel.spectral_contrast.mean": [[0.6509953737258911, 0.41478633880615234, 0.48676908016204834, 0.341076135635376, 0.3467988967895508, 0.40543031692504883]], "lowlevel.dissonance.mean": [0.6357357501983643], "lowlevel.hfc.mean": [0.46555379033088684], "lowlevel.mfcc.mean": [[0.5341813564300537, 0.6171267032623291, 0.7146552205085754, 0.8087325096130371, 0.6681876182556152, 0.7273417711257935, 0.7228509187698364, 0.7734266519546509, 0.8060787916183472, 0.7891417741775513, 0.6664599180221558, 0.491891086101532, 0.3713538646697998]], "sfx.logattacktime.mean": [0.5074140429496765], "sfx.inharmonicity.mean": [0.22607684135437012]}