{"lowlevel.spectral_centroid.mean": [0.3380151391029358], "lowlevel.spectral_contrast.mean": [[0.9589565396308899, 0.6529567241668701, 0.5407431125640869, 0.4471282958984375, 0.40677571296691895, 0.34749269485473633]], "lowlevel.dissonance.mean": [0.015473246574401855], "lowlevel.hfc.mean": [0.473807156085968], "lowlevel.mfcc.mean": [[0.325516939163208, 0.6660842895507812, 0.7695064544677734, 0.6907128095626831, 0.684536337852478, 0.4055704176425934, 0.35221976041793823, 0.3712314963340759, 0.21696683764457703, 0.0032735466957092285, -0.08517777919769287, -0.028873741626739502, -0.0695454478263855]], "sfx.logattacktime.mean": [0.33282628655433655], "sfx.inharmonicity.mean": [0.1990264356136322]}