{"lowlevel.spectral_centroid.mean": [0.2964792549610138], "lowlevel.spectral_contrast.mean": [[0.8143312335014343, 0.2635040283203125, 0.23169660568237305, 0.22119832038879395, 0.15192341804504395, 0.16592025756835938]], "lowlevel.dissonance.mean": [0.5488677024841309], "lowlevel.hfc.mean": [0.46520909667015076], "lowlevel.mfcc.mean": [[0.1213223934173584, 0.37178200483322144, 0.7697919011116028, 0.7722223997116089, 0.8754363059997559, 0.8594098091125488, 0.9043842554092407, 0.8654500246047974, 0.8649110794067383, 0.8164386749267578, 0.8160895109176636, 0.7763102054595947, 0.7583868503570557]], "sfx.logattacktime.mean": [0.550862193107605], "sfx.inharmonicity.mean": [0.20595207810401917]}