{"lowlevel.spectral_centroid.mean": [0.5344452261924744], "lowlevel.spectral_contrast.mean": [[0.34162962436676025, 0.5530660152435303, 0.4463595151901245, 0.28000593185424805, 0.22124409675598145, 0.2459883689880371]], "lowlevel.dissonance.mean": [0.2905747890472412], "lowlevel.hfc.mean": [0.46562743186950684], "lowlevel.mfcc.mean": [[0.2804502248764038, 0.7194079160690308, 0.9480234384536743, 0.6466582417488098, 0.47786062955856323, 0.3698769807815552, 0.43198609352111816, 0.4374290406703949, 0.49415987730026245, 0.5088472962379456, 0.562107503414154, 0.6083532571792603, 0.6824549436569214]], "sfx.logattacktime.mean": [0.24241170287132263], "sfx.inharmonicity.mean": [0.39472848176956177]}