{"lowlevel.spectral_centroid.mean": [0.39842575788497925], "lowlevel.spectral_contrast.mean": [[0.32838964462280273, 0.5206953287124634, 0.27224159240722656, 0.30145764350891113, 0.18771767616271973, 0.21573400497436523]], "lowlevel.dissonance.mean": [0.522452712059021], "lowlevel.hfc.mean": [0.46514439582824707], "lowlevel.mfcc.mean": [[0.15246665477752686, 0.4244028329849243, 0.7528184652328491, 0.6571222543716431, 0.6802409887313843, 0.6087044477462769, 0.5728798508644104, 0.46043840050697327, 0.4573935270309448, 0.44879093766212463, 0.5510395169258118, 0.6075276732444763, 0.5996040105819702]], "sfx.logattacktime.mean": [0.23056817054748535], "sfx.inharmonicity.mean": [0.2443227469921112]}