{"lowlevel.spectral_centroid.mean": [0.32046765089035034], "lowlevel.spectral_contrast.mean": [[0.3083585500717163, 0.44908320903778076, 0.3766491413116455, 0.25452613830566406, 0.252671480178833, 0.2580106258392334]], "lowlevel.dissonance.mean": [0.35226309299468994], "lowlevel.hfc.mean": [0.46538588404655457], "lowlevel.mfcc.mean": [[0.289728045463562, 0.7486622333526611, 1.00799560546875, 0.8218790292739868, 0.7622537016868591, 0.6003168821334839, 0.5343425273895264, 0.4830342233181, 0.5067007541656494, 0.4487270712852478, 0.4336521029472351, 0.3621925711631775, 0.34009653329849243]], "sfx.logattacktime.mean": [0.5386075973510742], "sfx.inharmonicity.mean": [0.23488369584083557]}