{"lowlevel.spectral_centroid.mean": [0.3418518304824829], "lowlevel.spectral_contrast.mean": [[0.34405529499053955, 0.3911553621292114, 0.4500539302825928, 0.41770148277282715, 0.39077138900756836, 0.32090210914611816]], "lowlevel.dissonance.mean": [0.6074334383010864], "lowlevel.hfc.mean": [0.46511611342430115], "lowlevel.mfcc.mean": [[0.3161238431930542, 0.6720098257064819, 0.6348336338996887, 0.34718847274780273, 0.532883882522583, 0.6085450649261475, 0.6627309322357178, 0.6251538991928101, 0.6227274537086487, 0.39369064569473267, 0.1873493194580078, 0.11889854073524475, 0.15553012490272522]], "sfx.logattacktime.mean": [0.7385784387588501], "sfx.inharmonicity.mean": [0.36433306336402893]}