{"lowlevel.spectral_centroid.mean": [0.9032518863677979], "lowlevel.spectral_contrast.mean": [[0.46785175800323486, 0.21849262714385986, 0.2576937675476074, 0.31656479835510254, 0.5820086002349854, 0.7532658576965332]], "lowlevel.dissonance.mean": [0.699806809425354], "lowlevel.hfc.mean": [0.6635358333587646], "lowlevel.mfcc.mean": [[0.26342546939849854, 0.13860295712947845, 0.5761001706123352, 0.5804737210273743, 0.8869062662124634, 0.7790292501449585, 0.44183778762817383, 1.1736105680465698, 0.6784495711326599, 0.8007194995880127, 0.2608895003795624, 1.016034483909607, 0.6972326636314392]], "sfx.logattacktime.mean": [0.5402840971946716], "sfx.inharmonicity.mean": [0.6029455661773682]}