{"lowlevel.spectral_centroid.mean": [0.3954136371612549], "lowlevel.spectral_contrast.mean": [[0.4669564962387085, 1.4905951023101807, 1.6397333145141602, 1.2704992294311523, 1.4586869478225708, 0.8241012096405029]], "lowlevel.dissonance.mean": [0.12453925609588623], "lowlevel.hfc.mean": [0.5588922500610352], "lowlevel.mfcc.mean": [[0.7504599094390869, 0.37374258041381836, -0.0231381356716156, 0.47229868173599243, 0.03686538338661194, 0.1852472722530365, 0.6069035530090332, 0.7237428426742554, 0.20387718081474304, 0.7984235286712646, 1.0961451530456543, 1.4535044431686401, 1.6499780416488647]], "sfx.logattacktime.mean": [0.5299177169799805], "sfx.inharmonicity.mean": [0.3893357217311859]}