{"lowlevel.spectral_centroid.mean": [0.4055373966693878], "lowlevel.spectral_contrast.mean": [[0.4151700735092163, 1.3824796676635742, 1.2896939516067505, 0.969524621963501, 1.4463069438934326, 0.6903014183044434]], "lowlevel.dissonance.mean": [0.3797539472579956], "lowlevel.hfc.mean": [0.5087690949440002], "lowlevel.mfcc.mean": [[0.7173364162445068, 0.4153892695903778, 0.13599514961242676, 0.6625561714172363, 0.2980234622955322, -0.17566442489624023, 0.31683459877967834, 0.8689428567886353, 0.23999544978141785, 0.37068310379981995, 1.017287254333496, 1.8668652772903442, 1.31927490234375]], "sfx.logattacktime.mean": [0.5032798051834106], "sfx.inharmonicity.mean": [0.3174348473548889]}