{"lowlevel.spectral_centroid.mean": [0.4186333417892456], "lowlevel.spectral_contrast.mean": [[0.37574875354766846, 0.35565924644470215, 0.48542606830596924, 0.5338199138641357, 0.49521350860595703, 1.045048713684082]], "lowlevel.dissonance.mean": [0.708686351776123], "lowlevel.hfc.mean": [0.46743759512901306], "lowlevel.mfcc.mean": [[0.7464324235916138, 0.7631597518920898, 0.04568278789520264, 0.6257311701774597, 0.16470351815223694, 0.8183058500289917, 0.34097304940223694, 0.3920225203037262, 0.3097303509712219, 0.22452333569526672, 0.30977964401245117, 0.18902015686035156, 0.4488421082496643]], "sfx.logattacktime.mean": [0.6611889004707336], "sfx.inharmonicity.mean": [1.3038787841796875]}