{"lowlevel.spectral_centroid.mean": [0.3209036886692047], "lowlevel.spectral_contrast.mean": [[0.6611383557319641, 0.662238597869873, 0.5611476898193359, 0.3942084312438965, 0.5284876823425293, 0.4516003131866455]], "lowlevel.dissonance.mean": [0.47763776779174805], "lowlevel.hfc.mean": [0.4672665596008301], "lowlevel.mfcc.mean": [[0.3862494230270386, 0.8466296195983887, 0.9389429092407227, 0.7218828201293945, 0.7772016525268555, 0.2339489758014679, 0.1414295732975006, 0.32157716155052185, 0.39244112372398376, 0.4089438021183014, 0.3274622857570648, 0.21629512310028076, 0.226276695728302]], "sfx.logattacktime.mean": [0.7056850790977478], "sfx.inharmonicity.mean": [0.31574776768684387]}