{"lowlevel.spectral_centroid.mean": [0.34391945600509644], "lowlevel.spectral_contrast.mean": [[0.36993587017059326, 0.798386812210083, 0.3464341163635254, 0.359067440032959, 0.24173641204833984, 0.2460310459136963]], "lowlevel.dissonance.mean": [0.11103224754333496], "lowlevel.hfc.mean": [0.46592432260513306], "lowlevel.mfcc.mean": [[0.16579020023345947, 0.4357837736606598, 0.7026609182357788, 0.529329240322113, 0.5073238611221313, 0.3940662741661072, 0.3278302252292633, 0.20279139280319214, 0.17082026600837708, 0.12613719701766968, 0.1848815381526947, 0.20730164647102356, 0.3128134608268738]], "sfx.logattacktime.mean": [0.1929151713848114], "sfx.inharmonicity.mean": [0.2532541751861572]}