{"lowlevel.spectral_centroid.mean": [0.40044188499450684], "lowlevel.spectral_contrast.mean": [[1.0066783428192139, 0.2916821241378784, 0.28446149826049805, 0.3192746639251709, 0.3608217239379883, 0.4285256862640381]], "lowlevel.dissonance.mean": [0.6912740468978882], "lowlevel.hfc.mean": [0.4685555100440979], "lowlevel.mfcc.mean": [[0.6137710809707642, 0.1988631933927536, 0.8256832361221313, 0.9618449807167053, 1.082963228225708, 1.1217052936553955, 1.0603113174438477, 1.029597282409668, 0.8942078351974487, 0.8291583061218262, 0.7065691947937012, 0.644210696220398, 0.5343736410140991]], "sfx.logattacktime.mean": [0.32620567083358765], "sfx.inharmonicity.mean": [0.3105437755584717]}