{"lowlevel.spectral_centroid.mean": [0.34082382917404175], "lowlevel.spectral_contrast.mean": [[0.9360241293907166, 0.643169641494751, 0.6969984769821167, 0.5495035648345947, 0.41661763191223145, 0.25814175605773926]], "lowlevel.dissonance.mean": [-0.01335376501083374], "lowlevel.hfc.mean": [0.4660666584968567], "lowlevel.mfcc.mean": [[0.12981092929840088, 0.709134578704834, 0.5453505516052246, -0.00020197033882141113, -0.13993173837661743, -0.2789035439491272, -0.2286757230758667, -0.1877008080482483, -0.1460629105567932, -0.1845543384552002, -0.09671056270599365, 0.05629953742027283, 0.3820907175540924]], "sfx.logattacktime.mean": [0.27070102095603943], "sfx.inharmonicity.mean": [0.7205605506896973]}