{"lowlevel.spectral_centroid.mean": [0.3196430504322052], "lowlevel.spectral_contrast.mean": [[0.8329062461853027, 0.3202950954437256, 0.2326505184173584, 0.15614700317382812, 0.15511584281921387, 0.19825053215026855]], "lowlevel.dissonance.mean": [0.04666733741760254], "lowlevel.hfc.mean": [0.46609073877334595], "lowlevel.mfcc.mean": [[0.15004301071166992, 0.44633883237838745, 0.8513993620872498, 0.8587692975997925, 0.9469446539878845, 0.9173353314399719, 0.9514722228050232, 0.8827298879623413, 0.8188759088516235, 0.6788356304168701, 0.5919204950332642, 0.4848194122314453, 0.4304094910621643]], "sfx.logattacktime.mean": [0.3095698356628418], "sfx.inharmonicity.mean": [0.19463106989860535]}