{"lowlevel.spectral_centroid.mean": [0.3383030295372009], "lowlevel.spectral_contrast.mean": [[0.7994912266731262, 1.0581400394439697, 0.7381986379623413, 0.5380041599273682, 0.4632549285888672, 0.28102779388427734]], "lowlevel.dissonance.mean": [-0.10331839323043823], "lowlevel.hfc.mean": [0.47356781363487244], "lowlevel.mfcc.mean": [[0.43959105014801025, 0.9647001028060913, 0.7408895492553711, 0.14593343436717987, 0.1893889307975769, 0.06309252977371216, -0.056033432483673096, -0.047498106956481934, 0.08624878525733948, 0.1464022696018219, 0.3363199532032013, 0.46156010031700134, 0.47333329916000366]], "sfx.logattacktime.mean": [0.9714558720588684], "sfx.inharmonicity.mean": [0.3450761139392853]}