{"lowlevel.spectral_centroid.mean": [0.32059723138809204], "lowlevel.spectral_contrast.mean": [[0.565636396408081, 0.5023033618927002, 0.6533783674240112, 0.5227653980255127, 0.2943918704986572, 0.23524975776672363]], "lowlevel.dissonance.mean": [-0.012326598167419434], "lowlevel.hfc.mean": [0.46577727794647217], "lowlevel.mfcc.mean": [[0.1437462568283081, 0.863958477973938, 0.9840151071548462, 0.6234196424484253, 0.49840405583381653, 0.3698590397834778, 0.321260929107666, 0.2923606038093567, 0.40659165382385254, 0.4844326674938202, 0.5426046252250671, 0.32250234484672546, -0.0012068748474121094]], "sfx.logattacktime.mean": [0.30192843079566956], "sfx.inharmonicity.mean": [0.5057563781738281]}