{"lowlevel.spectral_centroid.mean": [0.4522938132286072], "lowlevel.spectral_contrast.mean": [[0.631332278251648, 0.3473525047302246, 1.532433032989502, 1.535735011100769, 1.265999674797058, 1.0805766582489014]], "lowlevel.dissonance.mean": [0.4164539575576782], "lowlevel.hfc.mean": [0.613088846206665], "lowlevel.mfcc.mean": [[0.7916524410247803, 0.26695308089256287, 0.24903249740600586, 0.3520936667919159, 0.48428815603256226, 0.5453559160232544, 0.5106739401817322, 1.160005807876587, 0.8372844457626343, 0.7275621891021729, -0.08068078756332397, -0.13269072771072388, 0.9476723074913025]], "sfx.logattacktime.mean": [0.5953251123428345], "sfx.inharmonicity.mean": [0.35182031989097595]}