{"lowlevel.spectral_centroid.mean": [0.44152534008026123], "lowlevel.spectral_contrast.mean": [[0.2714676856994629, 0.1920086145401001, 0.7416850328445435, 0.5756080150604248, 0.48505067825317383, 0.3681974411010742]], "lowlevel.dissonance.mean": [0.509835958480835], "lowlevel.hfc.mean": [0.478956013917923], "lowlevel.mfcc.mean": [[0.10428047180175781, 0.19687896966934204, 0.464568555355072, 0.44774720072746277, 0.4553060233592987, 0.7637100219726562, 1.0567034482955933, 0.5151827335357666, 0.3854815363883972, 0.41901201009750366, 0.4074800908565521, 0.973599910736084, 0.9665229916572571]], "sfx.logattacktime.mean": [0.18260419368743896], "sfx.inharmonicity.mean": [0.6041706800460815]}