{"lowlevel.spectral_centroid.mean": [0.41737067699432373], "lowlevel.spectral_contrast.mean": [[0.48221611976623535, 0.29884815216064453, 0.5021159648895264, 0.6302990913391113, 0.4931516647338867, 0.39691972732543945]], "lowlevel.dissonance.mean": [0.5032873153686523], "lowlevel.hfc.mean": [0.5151805281639099], "lowlevel.mfcc.mean": [[0.30930113792419434, 0.18367445468902588, 0.2668865919113159, 0.35287877917289734, 0.6398714780807495, 0.7765686511993408, 0.8223554491996765, 0.7424602508544922, 0.6382578015327454, 0.9186003804206848, 0.7754303216934204, 0.47861966490745544, 0.49364322423934937]], "sfx.logattacktime.mean": [0.30657368898391724], "sfx.inharmonicity.mean": [0.5128450393676758]}