{"lowlevel.spectral_centroid.mean": [0.30338242650032043], "lowlevel.spectral_contrast.mean": [[0.6508358716964722, 0.4251985549926758, 0.3567016124725342, 0.4446413516998291, 0.3875768184661865, 0.21850872039794922]], "lowlevel.dissonance.mean": [0.4358046054840088], "lowlevel.hfc.mean": [0.46565598249435425], "lowlevel.mfcc.mean": [[0.3598191738128662, 0.8837167024612427, 0.9489202499389648, 0.5311809778213501, 0.6880651712417603, 0.8897218108177185, 0.8453069925308228, 0.6041052937507629, 0.6041545271873474, 0.6255232691764832, 0.5753241777420044, 0.44302070140838623, 0.45884567499160767]], "sfx.logattacktime.mean": [0.769075870513916], "sfx.inharmonicity.mean": [0.20097117125988007]}