{"lowlevel.spectral_centroid.mean": [0.32579106092453003], "lowlevel.spectral_contrast.mean": [[0.8102120757102966, 0.8942673206329346, 0.8735867738723755, 0.5995826721191406, 0.424407958984375, 0.18582820892333984]], "lowlevel.dissonance.mean": [0.2718818187713623], "lowlevel.hfc.mean": [0.472433865070343], "lowlevel.mfcc.mean": [[0.5156599283218384, 1.2051104307174683, 1.031941294670105, 0.3031761646270752, 0.30096858739852905, 0.3494059145450592, 0.25415244698524475, 0.2434348464012146, 0.49249380826950073, 0.5356292128562927, 0.4420390725135803, 0.33810704946517944, 0.3616814613342285]], "sfx.logattacktime.mean": [0.6622759103775024], "sfx.inharmonicity.mean": [0.24232733249664307]}