{"lowlevel.spectral_centroid.mean": [0.3689624071121216], "lowlevel.spectral_contrast.mean": [[0.5036567449569702, 0.5727447271347046, 0.6025592088699341, 0.6189842224121094, 0.563983678817749, 0.2361316680908203]], "lowlevel.dissonance.mean": [0.23571479320526123], "lowlevel.hfc.mean": [0.4652070701122284], "lowlevel.mfcc.mean": [[0.2666289806365967, 0.6023428440093994, 0.5766498446464539, 0.12415039539337158, 0.18304035067558289, 0.15600404143333435, 0.10820445418357849, 0.06414645910263062, 0.15314874053001404, 0.17534098029136658, 0.2509905993938446, 0.2928130030632019, 0.3597751259803772]], "sfx.logattacktime.mean": [0.9517493844032288], "sfx.inharmonicity.mean": [0.4941236078739166]}