{"lowlevel.spectral_centroid.mean": [0.3498588502407074], "lowlevel.spectral_contrast.mean": [[0.6020437479019165, 0.9502943754196167, 1.2065017223358154, 1.0728051662445068, 0.7834029197692871, 0.2617213726043701]], "lowlevel.dissonance.mean": [-0.06291443109512329], "lowlevel.hfc.mean": [0.4712647497653961], "lowlevel.mfcc.mean": [[0.4872560501098633, 1.230904221534729, 0.40342170000076294, 0.19384002685546875, 0.5515105724334717, 0.11289048194885254, 0.29834598302841187, 0.5000258088111877, 0.491941899061203, 0.5457679629325867, 0.4877180755138397, 0.3994079828262329, 0.45092537999153137]], "sfx.logattacktime.mean": [0.37319689989089966], "sfx.inharmonicity.mean": [0.9347922801971436]}