{"lowlevel.spectral_centroid.mean": [0.34313109517097473], "lowlevel.spectral_contrast.mean": [[0.4537619352340698, 0.6587483882904053, 0.797027587890625, 0.6483285427093506, 0.4599771499633789, 0.255326509475708]], "lowlevel.dissonance.mean": [0.043454647064208984], "lowlevel.hfc.mean": [0.4662521183490753], "lowlevel.mfcc.mean": [[0.20455718040466309, 0.8756626844406128, 0.6860686540603638, 0.21919740736484528, 0.19640368223190308, 0.08835911750793457, 0.11152255535125732, 0.13962990045547485, 0.24030068516731262, 0.31986239552497864, 0.42196542024612427, 0.5137580037117004, 0.6983455419540405]], "sfx.logattacktime.mean": [0.2778933048248291], "sfx.inharmonicity.mean": [0.8542646169662476]}