{"lowlevel.spectral_centroid.mean": [0.31674984097480774], "lowlevel.spectral_contrast.mean": [[0.7351027727127075, 0.531204342842102, 0.7107530832290649, 0.4654402732849121, 0.34100794792175293, 0.39654088020324707]], "lowlevel.dissonance.mean": [0.39573025703430176], "lowlevel.hfc.mean": [0.47514811158180237], "lowlevel.mfcc.mean": [[0.6580525636672974, 0.9216369390487671, 0.9139866232872009, 0.6127867102622986, 0.6028141975402832, 0.6856387853622437, 0.6507435441017151, 0.6266042590141296, 0.6255340576171875, 0.5719277858734131, 0.3119811713695526, 0.22068670392036438, 0.1708206832408905]], "sfx.logattacktime.mean": [0.7362117767333984], "sfx.inharmonicity.mean": [0.45897895097732544]}