{"lowlevel.spectral_centroid.mean": [0.4553261995315552], "lowlevel.spectral_contrast.mean": [[0.13524723052978516, 1.043161153793335, 1.0501270294189453, 1.2565916776657104, 0.9096121788024902, 0.5715291500091553]], "lowlevel.dissonance.mean": [0.5035868883132935], "lowlevel.hfc.mean": [0.4830786883831024], "lowlevel.mfcc.mean": [[0.45089268684387207, 0.3556378483772278, -0.30812129378318787, 0.12129974365234375, 0.2045777142047882, 0.28447598218917847, 0.3124178946018219, 0.05440789461135864, 0.031410545110702515, 0.14932897686958313, 0.6589252948760986, 0.761329174041748, 1.0761559009552002]], "sfx.logattacktime.mean": [0.38984575867652893], "sfx.inharmonicity.mean": [0.4684922695159912]}