{"lowlevel.spectral_centroid.mean": [0.6559950709342957], "lowlevel.spectral_contrast.mean": [[0.046025633811950684, 0.20578432083129883, 0.6055959463119507, 0.9747209548950195, 0.6802878379821777, 0.840385913848877]], "lowlevel.dissonance.mean": [0.5735698938369751], "lowlevel.hfc.mean": [0.5472941994667053], "lowlevel.mfcc.mean": [[0.26569390296936035, 0.1252773553133011, 0.00762137770652771, 0.3118182122707367, 0.3042922019958496, 0.9765905141830444, 0.9807546138763428, 0.0988168716430664, 0.07359018921852112, 0.4180905222892761, 0.8065058588981628, 0.7894085049629211, 0.3175143003463745]], "sfx.logattacktime.mean": [0.40007996559143066], "sfx.inharmonicity.mean": [0.864283561706543]}