{"lowlevel.spectral_centroid.mean": [0.5587127208709717], "lowlevel.spectral_contrast.mean": [[0.2093198299407959, 0.6597084999084473, 0.43317723274230957, 0.4315178394317627, 0.35640525817871094, 0.3298962116241455]], "lowlevel.dissonance.mean": [0.19762194156646729], "lowlevel.hfc.mean": [0.4651130437850952], "lowlevel.mfcc.mean": [[0.1364048719406128, 0.2308390736579895, 0.35089588165283203, 0.2965857684612274, 0.3246411085128784, 0.21883641183376312, 0.29672300815582275, 0.381985604763031, 0.498570054769516, 0.5500495433807373, 0.7084873914718628, 0.7641916871070862, 0.8028420209884644]], "sfx.logattacktime.mean": [0.2537723183631897], "sfx.inharmonicity.mean": [0.4965808391571045]}