{"lowlevel.spectral_centroid.mean": [0.3848358988761902], "lowlevel.spectral_contrast.mean": [[0.2906160354614258, 1.1727373600006104, 0.8897647857666016, 0.41399192810058594, 0.3926563262939453, 0.5630764961242676]], "lowlevel.dissonance.mean": [0.19990897178649902], "lowlevel.hfc.mean": [0.5138741135597229], "lowlevel.mfcc.mean": [[0.6361567974090576, 0.7681386470794678, 0.8301904201507568, 0.4848936200141907, -0.19409716129302979, -0.01334121823310852, -0.1588597297668457, 0.4866274297237396, 1.0267741680145264, 1.3329951763153076, 0.9894001483917236, 0.6746161580085754, 0.40262648463249207]], "sfx.logattacktime.mean": [0.5420342683792114], "sfx.inharmonicity.mean": [0.3953360617160797]}