{"lowlevel.spectral_centroid.mean": [0.576185405254364], "lowlevel.spectral_contrast.mean": [[0.3075547218322754, 0.1862320899963379, 0.2022716999053955, 0.18965578079223633, 0.8478353023529053, 0.40963125228881836]], "lowlevel.dissonance.mean": [0.7267212867736816], "lowlevel.hfc.mean": [0.47260552644729614], "lowlevel.mfcc.mean": [[0.0905073881149292, 0.14146165549755096, 0.4330582320690155, 0.5018157958984375, 0.6644693613052368, 0.4272468090057373, 0.34016895294189453, 0.9120178818702698, 0.5999679565429688, 0.2789892554283142, 0.603603184223175, 0.8448359370231628, 0.5433667302131653]], "sfx.logattacktime.mean": [0.13408496975898743], "sfx.inharmonicity.mean": [0.930364727973938]}