{"lowlevel.spectral_centroid.mean": [0.3256438374519348], "lowlevel.spectral_contrast.mean": [[0.8306066393852234, 0.5619988441467285, 0.7427608966827393, 0.815998911857605, 0.37739014625549316, 0.2620840072631836]], "lowlevel.dissonance.mean": [0.3091083765029907], "lowlevel.hfc.mean": [0.46749094128608704], "lowlevel.mfcc.mean": [[0.37729883193969727, 1.192800521850586, 0.7512636184692383, 0.07916027307510376, 0.13627395033836365, 0.45817098021507263, 0.3640309274196625, -0.04054617881774902, -0.027163028717041016, -0.16013199090957642, -0.18858158588409424, -0.19832760095596313, -0.10800236463546753]], "sfx.logattacktime.mean": [0.31662440299987793], "sfx.inharmonicity.mean": [0.2960568070411682]}