{"lowlevel.spectral_centroid.mean": [0.3520808815956116], "lowlevel.spectral_contrast.mean": [[1.0830990076065063, 0.7779395580291748, 0.7381148338317871, 0.6527402400970459, 0.7569520473480225, 0.9113767147064209]], "lowlevel.dissonance.mean": [0.5987435579299927], "lowlevel.hfc.mean": [0.5120150446891785], "lowlevel.mfcc.mean": [[0.8271926641464233, 0.9942452907562256, 0.11966931819915771, 0.8509695529937744, 0.5417011380195618, 0.4091118574142456, 0.5844433903694153, 0.301891028881073, 0.39431068301200867, -0.030737221240997314, -0.20998114347457886, -0.19837665557861328, -0.006398975849151611]], "sfx.logattacktime.mean": [0.45981651544570923], "sfx.inharmonicity.mean": [0.6264852285385132]}