{"lowlevel.spectral_centroid.mean": [0.32700639963150024], "lowlevel.spectral_contrast.mean": [[0.7463467717170715, 0.5065754652023315, 0.6842299699783325, 0.9056087732315063, 0.559239387512207, 0.33052945137023926]], "lowlevel.dissonance.mean": [0.45401692390441895], "lowlevel.hfc.mean": [0.46545717120170593], "lowlevel.mfcc.mean": [[0.4438209533691406, 0.9692865610122681, 0.6956678628921509, 0.10046622157096863, 0.4917486011981964, 0.726875901222229, 0.49274927377700806, 0.18300172686576843, 0.20378640294075012, 0.20089596509933472, 0.20932933688163757, 0.26659420132637024, 0.40115511417388916]], "sfx.logattacktime.mean": [0.7449904680252075], "sfx.inharmonicity.mean": [0.2652021050453186]}