{"lowlevel.spectral_centroid.mean": [0.3262767791748047], "lowlevel.spectral_contrast.mean": [[0.49081099033355713, 0.585983395576477, 0.517827033996582, 0.3260195255279541, 0.2383716106414795, 0.23073267936706543]], "lowlevel.dissonance.mean": [-0.2773021459579468], "lowlevel.hfc.mean": [0.46602559089660645], "lowlevel.mfcc.mean": [[0.09032726287841797, 0.7609877586364746, 0.9630500674247742, 0.6350823640823364, 0.4329036474227905, 0.28321728110313416, 0.26953718066215515, 0.16819974780082703, 0.13122284412384033, 0.11803308129310608, 0.252685010433197, 0.3357878029346466, 0.3951399028301239]], "sfx.logattacktime.mean": [0.6462005376815796], "sfx.inharmonicity.mean": [0.2716972529888153]}