{"lowlevel.spectral_centroid.mean": [0.3198806345462799], "lowlevel.spectral_contrast.mean": [[0.4357454776763916, 0.46774065494537354, 0.40611302852630615, 0.38270044326782227, 0.39435720443725586, 0.29903364181518555]], "lowlevel.dissonance.mean": [0.4974263906478882], "lowlevel.hfc.mean": [0.46513599157333374], "lowlevel.mfcc.mean": [[0.31772470474243164, 0.7108041048049927, 0.7315248250961304, 0.4884560704231262, 0.6269909143447876, 0.5709037184715271, 0.5096216201782227, 0.45497870445251465, 0.48180174827575684, 0.3115066885948181, 0.24194994568824768, 0.21896791458129883, 0.1713661551475525]], "sfx.logattacktime.mean": [0.7451452016830444], "sfx.inharmonicity.mean": [0.37938156723976135]}