{"lowlevel.spectral_centroid.mean": [0.6336890459060669], "lowlevel.spectral_contrast.mean": [[0.3279629945755005, 0.3190021514892578, 0.6664443016052246, 0.5157482624053955, 0.7871487140655518, 0.7093544006347656]], "lowlevel.dissonance.mean": [0.6758244037628174], "lowlevel.hfc.mean": [1.0838512182235718], "lowlevel.mfcc.mean": [[0.48679089546203613, 0.22028878331184387, 0.4129507541656494, 0.40516969561576843, 0.5447989702224731, 0.46340614557266235, 0.7269317507743835, 0.8855997323989868, 0.6305002570152283, 0.2728099822998047, 0.45853835344314575, 0.7047626972198486, 0.6380680799484253]], "sfx.logattacktime.mean": [0.30205100774765015], "sfx.inharmonicity.mean": [0.6422914266586304]}