{"lowlevel.spectral_centroid.mean": [0.3056301176548004], "lowlevel.spectral_contrast.mean": [[0.47020411491394043, 0.5328401327133179, 0.3643648624420166, 0.3094749450683594, 0.3002309799194336, 0.3159494400024414]], "lowlevel.dissonance.mean": [0.3224536180496216], "lowlevel.hfc.mean": [0.46527987718582153], "lowlevel.mfcc.mean": [[0.2856864929199219, 0.7398580312728882, 1.0277162790298462, 0.859199047088623, 0.7822411060333252, 0.6317609548568726, 0.5631051659584045, 0.4763701856136322, 0.5119543075561523, 0.5029188990592957, 0.5263427495956421, 0.522194504737854, 0.5398308038711548]], "sfx.logattacktime.mean": [0.7802556753158569], "sfx.inharmonicity.mean": [0.22437545657157898]}