{"lowlevel.spectral_centroid.mean": [0.36258453130722046], "lowlevel.spectral_contrast.mean": [[0.270432710647583, 0.4583573341369629, 0.5346469879150391, 0.4549753665924072, 0.290818452835083, 0.2164299488067627]], "lowlevel.dissonance.mean": [0.11523449420928955], "lowlevel.hfc.mean": [0.4650844633579254], "lowlevel.mfcc.mean": [[0.09737348556518555, 0.7836098670959473, 0.9134103059768677, 0.4607197642326355, 0.37835198640823364, 0.3820335566997528, 0.36104869842529297, 0.25366342067718506, 0.3388696312904358, 0.3460544943809509, 0.23495107889175415, 0.1316063404083252, 0.39712920784950256]], "sfx.logattacktime.mean": [0.4675924777984619], "sfx.inharmonicity.mean": [0.6000906229019165]}