{"lowlevel.spectral_centroid.mean": [1.601227045059204], "lowlevel.spectral_contrast.mean": [[0.3961472511291504, 0.4153902530670166, 0.48306357860565186, 0.44988059997558594, 0.5035369396209717, 0.46575284004211426]], "lowlevel.dissonance.mean": [0.6676959991455078], "lowlevel.hfc.mean": [0.47209787368774414], "lowlevel.mfcc.mean": [[0.4063756465911865, 0.3965598940849304, 0.46511393785476685, 0.284280002117157, 0.3846774697303772, 0.4661274552345276, 0.1957905888557434, 0.3499414920806885, 0.509059488773346, 0.09174996614456177, 0.4233744740486145, 0.6373157501220703, 0.48868969082832336]], "sfx.logattacktime.mean": [0.45755791664123535], "sfx.inharmonicity.mean": [0.7755107879638672]}