{"lowlevel.spectral_centroid.mean": [0.4202926754951477], "lowlevel.spectral_contrast.mean": [[0.4322941303253174, 0.3517061471939087, 0.24118518829345703, 0.22900843620300293, 0.2135601043701172, 0.2098541259765625]], "lowlevel.dissonance.mean": [0.3865715265274048], "lowlevel.hfc.mean": [0.46518272161483765], "lowlevel.mfcc.mean": [[0.15424871444702148, 0.4090234041213989, 0.727315366268158, 0.6923056840896606, 0.7589583396911621, 0.6822519302368164, 0.7082497477531433, 0.6444381475448608, 0.595736026763916, 0.5514254570007324, 0.5752328038215637, 0.5220595002174377, 0.4963844418525696]], "sfx.logattacktime.mean": [0.17784014344215393], "sfx.inharmonicity.mean": [0.2652447819709778]}