{"lowlevel.spectral_centroid.mean": [0.3054957091808319], "lowlevel.spectral_contrast.mean": [[0.6532952189445496, 0.5852805376052856, 0.6039783954620361, 0.5290563106536865, 0.48343396186828613, 0.2637498378753662]], "lowlevel.dissonance.mean": [0.042913198471069336], "lowlevel.hfc.mean": [0.4662034809589386], "lowlevel.mfcc.mean": [[0.31757164001464844, 1.1182655096054077, 0.9495235681533813, 0.7885750532150269, 0.8555675148963928, 0.5734308362007141, 0.5147520303726196, 0.5635014772415161, 0.5378497242927551, 0.3874480724334717, 0.46805447340011597, 0.3396371603012085, 0.32353803515434265]], "sfx.logattacktime.mean": [0.27630510926246643], "sfx.inharmonicity.mean": [0.41526007652282715]}