{"lowlevel.spectral_centroid.mean": [0.3947330713272095], "lowlevel.spectral_contrast.mean": [[0.3351869583129883, 0.4050942659378052, 1.188442349433899, 0.6698952913284302, 0.47787976264953613, 0.3565664291381836]], "lowlevel.dissonance.mean": [0.0007164478302001953], "lowlevel.hfc.mean": [0.48233863711357117], "lowlevel.mfcc.mean": [[0.2862032651901245, 0.5415016412734985, 0.5131247043609619, 0.37256529927253723, 0.4649244546890259, 0.22084201872348785, 0.4241359233856201, 0.8914505243301392, 1.1130037307739258, 0.9045186042785645, 0.5492499470710754, 0.26495325565338135, -0.24388885498046875]], "sfx.logattacktime.mean": [0.2806113064289093], "sfx.inharmonicity.mean": [0.7735942602157593]}