{"lowlevel.spectral_centroid.mean": [0.9393547773361206], "lowlevel.spectral_contrast.mean": [[-0.007187008857727051, 0.10055434703826904, 1.1432510614395142, 1.2206745147705078, 0.1482219696044922, 0.19650936126708984]], "lowlevel.dissonance.mean": [-0.16147446632385254], "lowlevel.hfc.mean": [0.5988700985908508], "lowlevel.mfcc.mean": [[0.24373841285705566, 0.40850093960762024, 0.27476805448532104, -0.20914214849472046, 0.028598636388778687, 0.659397542476654, 1.0305516719818115, 0.83574378490448, 0.46280521154403687, 0.12579917907714844, 0.5567753314971924, 0.5771080255508423, 0.022699564695358276]], "sfx.logattacktime.mean": [0.35977107286453247], "sfx.inharmonicity.mean": [0.7105144262313843]}