{"lowlevel.spectral_centroid.mean": [0.4359031319618225], "lowlevel.spectral_contrast.mean": [[0.5895317792892456, 1.1879606246948242, 1.24628484249115, 1.324101209640503, 1.2655421495437622, 0.9215936660766602]], "lowlevel.dissonance.mean": [0.42964696884155273], "lowlevel.hfc.mean": [0.5016857385635376], "lowlevel.mfcc.mean": [[0.6969454288482666, 0.4292092025279999, -0.24090269207954407, 0.3494049310684204, -0.005065500736236572, -0.05970585346221924, -0.3128400444984436, 0.08396080136299133, 0.055674463510513306, 0.2765907645225525, 0.6210361123085022, 0.5131383538246155, 0.8242359161376953]], "sfx.logattacktime.mean": [0.673992395401001], "sfx.inharmonicity.mean": [0.3289434611797333]}