{"lowlevel.spectral_centroid.mean": [0.3264985680580139], "lowlevel.spectral_contrast.mean": [[1.1593776941299438, 0.7067899703979492, 0.5876071453094482, 0.5474283695220947, 0.7133727073669434, 0.8097577095031738]], "lowlevel.dissonance.mean": [0.5499230623245239], "lowlevel.hfc.mean": [0.4971258342266083], "lowlevel.mfcc.mean": [[0.7970637083053589, 1.035988688468933, 0.17778757214546204, 0.8821221590042114, 0.6836280822753906, 0.46008357405662537, 0.6911633014678955, 0.3249761462211609, 0.4599292278289795, 0.07699313759803772, -0.09233540296554565, -0.11213582754135132, -0.02923440933227539]], "sfx.logattacktime.mean": [0.5269328355789185], "sfx.inharmonicity.mean": [0.3737592399120331]}