{"lowlevel.spectral_centroid.mean": [0.42543157935142517], "lowlevel.spectral_contrast.mean": [[0.4421815872192383, 0.9875844717025757, 1.1334543228149414, 1.074744462966919, 0.8698203563690186, 0.7876429557800293]], "lowlevel.dissonance.mean": [0.36019933223724365], "lowlevel.hfc.mean": [0.4696608781814575], "lowlevel.mfcc.mean": [[0.6952297687530518, 0.3441926836967468, -0.14474442601203918, -0.24863803386688232, -0.23943746089935303, 0.1613655984401703, 0.058334946632385254, 0.12302818894386292, 0.11352384090423584, 0.14510458707809448, 0.1670060157775879, 0.2724243700504303, 0.4545978307723999]], "sfx.logattacktime.mean": [0.586906373500824], "sfx.inharmonicity.mean": [0.6317055821418762]}