{"lowlevel.spectral_centroid.mean": [0.4273272752761841], "lowlevel.spectral_contrast.mean": [[0.5132163763046265, 0.655429482460022, 0.6944354772567749, 0.7058734893798828, 0.6269371509552002, 0.7289564609527588]], "lowlevel.dissonance.mean": [0.5813950300216675], "lowlevel.hfc.mean": [0.4680934250354767], "lowlevel.mfcc.mean": [[0.5997722148895264, 0.7665505409240723, 0.08096694946289062, 0.5611138343811035, 0.42410901188850403, 0.10622206330299377, 0.5312012434005737, 0.15805348753929138, 0.30786627531051636, 0.4053226113319397, 0.2339594066143036, 0.6091631650924683, 0.5681071281433105]], "sfx.logattacktime.mean": [0.3175168037414551], "sfx.inharmonicity.mean": [0.7350623607635498]}