{"lowlevel.spectral_centroid.mean": [0.37498652935028076], "lowlevel.spectral_contrast.mean": [[0.5967651605606079, 0.8532426357269287, 0.9078637361526489, 0.7984108924865723, 0.6608643531799316, 0.6251797676086426]], "lowlevel.dissonance.mean": [0.261383056640625], "lowlevel.hfc.mean": [0.4700663387775421], "lowlevel.mfcc.mean": [[0.6434357166290283, 0.6911556720733643, 0.28541529178619385, 0.43036991357803345, -0.04673796892166138, 0.2225041687488556, 0.5607098340988159, 0.41096580028533936, 0.48950228095054626, 0.4979475438594818, 0.4104485809803009, 0.6437809467315674, 0.3309061527252197]], "sfx.logattacktime.mean": [0.9166760444641113], "sfx.inharmonicity.mean": [0.4492854177951813]}