{"lowlevel.spectral_centroid.mean": [0.6431450247764587], "lowlevel.spectral_contrast.mean": [[0.19567084312438965, 0.4396400451660156, 0.354705810546875, 1.26382315158844, 0.4573996067047119, 1.7249265909194946]], "lowlevel.dissonance.mean": [0.7349306344985962], "lowlevel.hfc.mean": [0.7584387063980103], "lowlevel.mfcc.mean": [[0.4700239896774292, 0.25083786249160767, 0.07263129949569702, 0.617551326751709, 0.18112125992774963, 0.9629381895065308, -0.2142999768257141, 0.012810111045837402, 1.0635393857955933, 0.6410214304924011, 0.2984084486961365, 0.2716400623321533, 0.7421894073486328]], "sfx.logattacktime.mean": [0.4145784378051758], "sfx.inharmonicity.mean": [1.059964656829834]}