{"lowlevel.spectral_centroid.mean": [0.34739866852760315], "lowlevel.spectral_contrast.mean": [[1.014815330505371, 1.3474652767181396, 1.509983777999878, 1.4826608896255493, 1.029822587966919, 0.586014986038208]], "lowlevel.dissonance.mean": [-0.041589975357055664], "lowlevel.hfc.mean": [0.4688982665538788], "lowlevel.mfcc.mean": [[0.527389407157898, 0.8389905691146851, 0.1862596869468689, -0.006425261497497559, 0.2322029173374176, 0.12476623058319092, 0.17535102367401123, 0.07533654570579529, 0.21933433413505554, 0.31630390882492065, 0.4190694987773895, 0.31196165084838867, -0.06921327114105225]], "sfx.logattacktime.mean": [0.3662293553352356], "sfx.inharmonicity.mean": [0.5219544768333435]}