{"lowlevel.spectral_centroid.mean": [0.33105430006980896], "lowlevel.spectral_contrast.mean": [[0.8161264657974243, 1.1795666217803955, 0.9718629121780396, 0.827842116355896, 0.890404224395752, 0.4293484687805176]], "lowlevel.dissonance.mean": [-0.16459500789642334], "lowlevel.hfc.mean": [0.4670432507991791], "lowlevel.mfcc.mean": [[0.4768054485321045, 0.8554569482803345, 0.45907658338546753, 0.4305950999259949, 0.6488314867019653, 0.1493162214756012, 0.2289922535419464, 0.43205681443214417, 0.13782638311386108, -0.030353546142578125, 0.3803129196166992, 0.3179008364677429, 0.31445446610450745]], "sfx.logattacktime.mean": [0.7239034175872803], "sfx.inharmonicity.mean": [0.6391496658325195]}