{"lowlevel.spectral_centroid.mean": [0.3742308020591736], "lowlevel.spectral_contrast.mean": [[0.37160587310791016, 1.556326985359192, 1.5764343738555908, 1.4547994136810303, 1.1348985433578491, 0.8430685997009277]], "lowlevel.dissonance.mean": [-0.010828733444213867], "lowlevel.hfc.mean": [0.5196713209152222], "lowlevel.mfcc.mean": [[0.6830722093582153, 0.4156893491744995, 0.09503635764122009, 0.08358922600746155, -0.03299528360366821, 0.13425379991531372, 0.0026358962059020996, 0.7745956182479858, 0.9399359226226807, 1.3458313941955566, 0.9608926773071289, 1.4723341464996338, 1.5107536315917969]], "sfx.logattacktime.mean": [0.4924236536026001], "sfx.inharmonicity.mean": [0.3608699142932892]}