{"lowlevel.spectral_centroid.mean": [0.3568367063999176], "lowlevel.spectral_contrast.mean": [[0.799412190914154, 0.6073479652404785, 0.4968816041946411, 0.45957469940185547, 0.37935352325439453, 0.3300755023956299]], "lowlevel.dissonance.mean": [0.10052204132080078], "lowlevel.hfc.mean": [0.470591276884079], "lowlevel.mfcc.mean": [[0.24531686305999756, 0.5919259786605835, 0.7826687097549438, 0.6294401288032532, 0.6399449110031128, 0.44591087102890015, 0.37275686860084534, 0.3530067801475525, 0.24933886528015137, 0.0024879872798919678, -0.011430084705352783, -0.006511718034744263, -0.03750103712081909]], "sfx.logattacktime.mean": [0.2680777311325073], "sfx.inharmonicity.mean": [0.21970021724700928]}