{"lowlevel.spectral_centroid.mean": [0.3363902270793915], "lowlevel.spectral_contrast.mean": [[0.9745244383811951, 1.3599532842636108, 1.200378656387329, 1.1635127067565918, 0.8167915344238281, 0.4639558792114258]], "lowlevel.dissonance.mean": [-0.2316039800643921], "lowlevel.hfc.mean": [0.46711260080337524], "lowlevel.mfcc.mean": [[0.5042551755905151, 0.9419620037078857, 0.4412955343723297, 0.055626511573791504, 0.31168654561042786, 0.15269234776496887, 0.09524428844451904, -0.06599575281143188, -0.13958942890167236, -0.09779685735702515, 0.07963532209396362, 0.26189249753952026, 0.4381757080554962]], "sfx.logattacktime.mean": [0.3748413324356079], "sfx.inharmonicity.mean": [0.20997634530067444]}