{"lowlevel.spectral_centroid.mean": [0.33413639664649963], "lowlevel.spectral_contrast.mean": [[0.6329663395881653, 0.7122188806533813, 0.8029167652130127, 0.663503885269165, 0.4178032875061035, 0.25435304641723633]], "lowlevel.dissonance.mean": [-0.17307353019714355], "lowlevel.hfc.mean": [0.4660073518753052], "lowlevel.mfcc.mean": [[0.22594308853149414, 0.9532474279403687, 0.7948676347732544, 0.3103370666503906, 0.22256219387054443, 0.015181899070739746, -0.027029216289520264, 0.02005678415298462, 0.11154359579086304, 0.14800488948822021, 0.21955206990242004, 0.18729037046432495, 0.4256085753440857]], "sfx.logattacktime.mean": [0.25407516956329346], "sfx.inharmonicity.mean": [0.6812890768051147]}