{"lowlevel.spectral_centroid.mean": [0.30814534425735474], "lowlevel.spectral_contrast.mean": [[0.5821743011474609, 0.44623875617980957, 0.3044114112854004, 0.2566239833831787, 0.3252265453338623, 0.24716877937316895]], "lowlevel.dissonance.mean": [0.38467466831207275], "lowlevel.hfc.mean": [0.46533897519111633], "lowlevel.mfcc.mean": [[0.20860517024993896, 0.4999324679374695, 0.707622766494751, 0.7045902013778687, 0.8952839970588684, 0.732478141784668, 0.6285749077796936, 0.611411452293396, 0.6424064636230469, 0.4917323589324951, 0.38375526666641235, 0.32423079013824463, 0.3134079575538635]], "sfx.logattacktime.mean": [0.6087490916252136], "sfx.inharmonicity.mean": [0.26868221163749695]}