{"lowlevel.spectral_centroid.mean": [0.34473687410354614], "lowlevel.spectral_contrast.mean": [[0.3401939868927002, 0.4673386812210083, 0.4503415822982788, 0.2135639190673828, 0.22033047676086426, 0.25342535972595215]], "lowlevel.dissonance.mean": [0.15158402919769287], "lowlevel.hfc.mean": [0.46511080861091614], "lowlevel.mfcc.mean": [[0.13703370094299316, 0.3410886526107788, 0.5591214895248413, 0.38166555762290955, 0.3369055986404419, 0.1765366792678833, 0.21126529574394226, 0.22208160161972046, 0.31829142570495605, 0.38090139627456665, 0.4283447861671448, 0.3850797712802887, 0.3973805010318756]], "sfx.logattacktime.mean": [0.2211911976337433], "sfx.inharmonicity.mean": [0.6372308731079102]}