{"lowlevel.spectral_centroid.mean": [0.4392462372779846], "lowlevel.spectral_contrast.mean": [[0.6266780495643616, 0.9789077043533325, 0.6040680408477783, 0.5716221332550049, 0.5564954280853271, 0.5713648796081543]], "lowlevel.dissonance.mean": [0.09433102607727051], "lowlevel.hfc.mean": [0.47721537947654724], "lowlevel.mfcc.mean": [[0.4886739253997803, 0.5273067951202393, 0.4955366551876068, 0.6707082986831665, 0.305303156375885, 0.08092910051345825, -0.07619935274124146, -0.04991018772125244, 0.24570608139038086, 0.5108224153518677, 0.604728639125824, 0.6005467176437378, 0.6335859298706055]], "sfx.logattacktime.mean": [0.3808411955833435], "sfx.inharmonicity.mean": [0.5528700351715088]}