{"lowlevel.spectral_centroid.mean": [0.3485638201236725], "lowlevel.spectral_contrast.mean": [[0.7270288467407227, 1.1624513864517212, 1.0499202013015747, 0.9303679466247559, 0.7582907676696777, 0.4778108596801758]], "lowlevel.dissonance.mean": [0.15417706966400146], "lowlevel.hfc.mean": [0.4789435863494873], "lowlevel.mfcc.mean": [[0.5263441801071167, 0.6028957962989807, 0.3288734555244446, 0.5492490530014038, 0.28123006224632263, 0.10756579041481018, 0.268638014793396, 0.20954367518424988, 0.20507213473320007, 0.4546888470649719, 0.5756903290748596, 0.618332028388977, 0.8236920833587646]], "sfx.logattacktime.mean": [0.546903133392334], "sfx.inharmonicity.mean": [0.32204923033714294]}