{"lowlevel.spectral_centroid.mean": [0.3876362442970276], "lowlevel.spectral_contrast.mean": [[0.7094725966453552, 1.0212912559509277, 0.9459774494171143, 1.091357707977295, 0.7804100513458252, 0.6653590202331543]], "lowlevel.dissonance.mean": [0.33681273460388184], "lowlevel.hfc.mean": [0.4924284815788269], "lowlevel.mfcc.mean": [[0.7078847885131836, 0.646382212638855, 0.07987159490585327, 0.3687293529510498, 0.21258369088172913, 0.3539375066757202, 0.3609809875488281, 0.449580579996109, 0.3873751759529114, 0.11387676000595093, 0.3094249963760376, 0.468909353017807, 0.5625711679458618]], "sfx.logattacktime.mean": [0.4568137526512146], "sfx.inharmonicity.mean": [0.3726971745491028]}