{"lowlevel.spectral_centroid.mean": [0.3814944922924042], "lowlevel.spectral_contrast.mean": [[0.4876934289932251, 1.343014121055603, 1.5621249675750732, 1.3303964138031006, 1.0174381732940674, 0.6915695667266846]], "lowlevel.dissonance.mean": [0.2051832675933838], "lowlevel.hfc.mean": [0.5316762328147888], "lowlevel.mfcc.mean": [[0.7603565454483032, 0.6006178855895996, 0.008531630039215088, 0.32383882999420166, 0.27806568145751953, 0.47748875617980957, 0.2744262218475342, 0.31352150440216064, -0.03219574689865112, 0.06609243154525757, 0.31118136644363403, 0.5845052003860474, 0.9311460256576538]], "sfx.logattacktime.mean": [0.5223016142845154], "sfx.inharmonicity.mean": [0.25502076745033264]}