{"lowlevel.spectral_centroid.mean": [0.31409066915512085], "lowlevel.spectral_contrast.mean": [[0.36994683742523193, 0.30217158794403076, 0.4099501371383667, 0.40903639793395996, 0.40033507347106934, 0.41817331314086914]], "lowlevel.dissonance.mean": [0.6335822343826294], "lowlevel.hfc.mean": [0.4655626118183136], "lowlevel.mfcc.mean": [[0.6499146223068237, 0.6993811130523682, 0.5284103751182556, 0.6345562934875488, 0.6379683017730713, 0.7029879689216614, 0.7182539105415344, 0.5845286846160889, 0.5105543732643127, 0.5105050802230835, 0.5401908755302429, 0.36392688751220703, 0.34404221177101135]], "sfx.logattacktime.mean": [0.5323370099067688], "sfx.inharmonicity.mean": [0.6162149310112]}