{"lowlevel.spectral_centroid.mean": [0.36677494645118713], "lowlevel.spectral_contrast.mean": [[0.6852381825447083, 0.8801006078720093, 0.7070578336715698, 0.5920910835266113, 0.4268453121185303, 0.36248207092285156]], "lowlevel.dissonance.mean": [-0.229486882686615], "lowlevel.hfc.mean": [0.4673041105270386], "lowlevel.mfcc.mean": [[0.4161609411239624, 0.8113870620727539, 0.5620021820068359, 0.31086739897727966, 0.4195522367954254, 0.2885422706604004, 0.35439610481262207, 0.2845157980918884, 0.3472927212715149, 0.3744570314884186, 0.42604342103004456, 0.4658348560333252, 0.4575366675853729]], "sfx.logattacktime.mean": [0.689045250415802], "sfx.inharmonicity.mean": [0.2845357656478882]}