{"lowlevel.spectral_centroid.mean": [0.6143078207969666], "lowlevel.spectral_contrast.mean": [[0.3194011449813843, 0.28722572326660156, 0.2898063659667969, 0.21345758438110352, 0.18457317352294922, 0.21650481224060059]], "lowlevel.dissonance.mean": [0.5539109706878662], "lowlevel.hfc.mean": [0.465097039937973], "lowlevel.mfcc.mean": [[0.1112145185470581, 0.31863874197006226, 0.6367821097373962, 0.540992259979248, 0.6065366864204407, 0.5877259969711304, 0.6276886463165283, 0.5789587497711182, 0.5850578546524048, 0.5468164086341858, 0.5635387301445007, 0.5396131277084351, 0.5627902746200562]], "sfx.logattacktime.mean": [0.22350120544433594], "sfx.inharmonicity.mean": [0.4451234042644501]}