{"lowlevel.spectral_centroid.mean": [0.32737410068511963], "lowlevel.spectral_contrast.mean": [[0.6090210676193237, 0.6282970905303955, 0.6353472471237183, 0.417649507522583, 0.544356107711792, 0.47707056999206543]], "lowlevel.dissonance.mean": [0.4331015348434448], "lowlevel.hfc.mean": [0.46818023920059204], "lowlevel.mfcc.mean": [[0.44879651069641113, 0.8561960458755493, 0.8529701232910156, 0.47734007239341736, 0.7857829332351685, 0.20226094126701355, 0.2884679436683655, 0.4200851619243622, 0.48870542645454407, 0.4660895764827728, 0.27296745777130127, 0.18847113847732544, 0.22711807489395142]], "sfx.logattacktime.mean": [0.5531087517738342], "sfx.inharmonicity.mean": [0.32788950204849243]}