{"lowlevel.spectral_centroid.mean": [0.44264912605285645], "lowlevel.spectral_contrast.mean": [[0.2311112880706787, 0.9741137027740479, 1.4061062335968018, 0.7687700986862183, 0.3647642135620117, 0.39075136184692383]], "lowlevel.dissonance.mean": [0.06396210193634033], "lowlevel.hfc.mean": [0.48826733231544495], "lowlevel.mfcc.mean": [[0.641585111618042, 0.3922925591468811, 0.33619260787963867, -0.39142751693725586, -0.19540804624557495, 0.4199346601963043, 0.6234025955200195, 0.3700018525123596, -0.05085146427154541, -0.15233546495437622, 0.020458489656448364, 0.4037289321422577, 0.6768924593925476]], "sfx.logattacktime.mean": [0.31999287009239197], "sfx.inharmonicity.mean": [0.45408502221107483]}