{"lowlevel.spectral_centroid.mean": [0.3694029450416565], "lowlevel.spectral_contrast.mean": [[0.3353363275527954, 1.2392921447753906, 0.7654327154159546, 0.5991902351379395, 0.4517965316772461, 0.3451061248779297]], "lowlevel.dissonance.mean": [-0.23006516695022583], "lowlevel.hfc.mean": [0.4859360158443451], "lowlevel.mfcc.mean": [[0.3224223852157593, 0.6219849586486816, 0.5628165602684021, 0.33167582750320435, 0.3902212381362915, 0.1346668303012848, 0.13768059015274048, 0.36330872774124146, 0.5494236350059509, 0.6928281188011169, 0.992867648601532, 1.3249142169952393, 1.1575943231582642]], "sfx.logattacktime.mean": [0.3309350609779358], "sfx.inharmonicity.mean": [0.25788018107414246]}