{"lowlevel.spectral_centroid.mean": [0.3339327275753021], "lowlevel.spectral_contrast.mean": [[0.9141266942024231, 1.4059717655181885, 1.2260090112686157, 1.0867056846618652, 0.806481122970581, 0.4669487476348877]], "lowlevel.dissonance.mean": [-0.3812069892883301], "lowlevel.hfc.mean": [0.4667569100856781], "lowlevel.mfcc.mean": [[0.49345624446868896, 0.9656094312667847, 0.5553851127624512, 0.1395198106765747, 0.36499810218811035, 0.2806277275085449, 0.22227245569229126, 0.043924480676651, -0.06424695253372192, -0.11724889278411865, -0.04452502727508545, 0.08396691083908081, 0.39361417293548584]], "sfx.logattacktime.mean": [0.376117080450058], "sfx.inharmonicity.mean": [0.23088152706623077]}