{"lowlevel.spectral_centroid.mean": [0.3085581064224243], "lowlevel.spectral_contrast.mean": [[0.7104767560958862, 0.540928840637207, 0.38976120948791504, 0.2586486339569092, 0.2694118022918701, 0.25805163383483887]], "lowlevel.dissonance.mean": [0.03546881675720215], "lowlevel.hfc.mean": [0.4659499228000641], "lowlevel.mfcc.mean": [[0.27172601222991943, 0.7499407529830933, 1.1217679977416992, 1.0066266059875488, 0.86592036485672, 0.5793447494506836, 0.45398104190826416, 0.38358354568481445, 0.40815553069114685, 0.37353017926216125, 0.36026397347450256, 0.24829714000225067, 0.2040438950061798]], "sfx.logattacktime.mean": [0.6507718563079834], "sfx.inharmonicity.mean": [0.3758540749549866]}