{"lowlevel.spectral_centroid.mean": [0.33640411496162415], "lowlevel.spectral_contrast.mean": [[0.4440411329269409, 0.3300004005432129, 0.4091607332229614, 0.32540178298950195, 0.25815796852111816, 0.2727231979370117]], "lowlevel.dissonance.mean": [0.5171805620193481], "lowlevel.hfc.mean": [0.4650796353816986], "lowlevel.mfcc.mean": [[0.16431033611297607, 0.40782487392425537, 0.6402472257614136, 0.5288358330726624, 0.6370712518692017, 0.6796635985374451, 0.7829324007034302, 0.8384412527084351, 0.9388529062271118, 0.781396746635437, 0.6336127519607544, 0.5615612268447876, 0.5026470422744751]], "sfx.logattacktime.mean": [0.37228262424468994], "sfx.inharmonicity.mean": [0.310138076543808]}