{"lowlevel.spectral_centroid.mean": [0.5253678560256958], "lowlevel.spectral_contrast.mean": [[0.4757535457611084, 0.20581209659576416, 0.7566683292388916, 0.304598331451416, 0.9701211452484131, 0.6375460624694824]], "lowlevel.dissonance.mean": [0.5497523546218872], "lowlevel.hfc.mean": [0.4703676104545593], "lowlevel.mfcc.mean": [[0.30792856216430664, 0.24369090795516968, 0.43403762578964233, 0.5407607555389404, 0.5241025686264038, 0.6012107133865356, 0.9480562210083008, 1.216334581375122, 1.400223731994629, 0.6926590204238892, -0.281091570854187, 0.6323118805885315, 0.8257968425750732]], "sfx.logattacktime.mean": [0.6753338575363159], "sfx.inharmonicity.mean": [0.6731384992599487]}