{"lowlevel.spectral_centroid.mean": [0.4789509177207947], "lowlevel.spectral_contrast.mean": [[0.20390307903289795, 1.1551307439804077, 0.28639745712280273, 0.7692360877990723, 0.7079248428344727, 0.5910437107086182]], "lowlevel.dissonance.mean": [0.08127212524414062], "lowlevel.hfc.mean": [0.4699622690677643], "lowlevel.mfcc.mean": [[0.24412286281585693, 0.2829689383506775, 0.47338542342185974, 0.5922344923019409, 0.3440139591693878, 0.10828003287315369, -0.058707356452941895, -0.12462365627288818, 0.011350303888320923, 0.37625405192375183, 0.7820590734481812, 1.153857946395874, 1.4366815090179443]], "sfx.logattacktime.mean": [0.2036851942539215], "sfx.inharmonicity.mean": [0.40547776222229004]}