{"lowlevel.spectral_centroid.mean": [0.4448229670524597], "lowlevel.spectral_contrast.mean": [[0.5132626295089722, 0.5796313285827637, 0.5665484666824341, 0.6995083093643188, 0.6160507202148438, 0.5369071960449219]], "lowlevel.dissonance.mean": [0.6178085803985596], "lowlevel.hfc.mean": [0.4704749882221222], "lowlevel.mfcc.mean": [[0.5782042741775513, 0.5813559889793396, 0.030357778072357178, 0.4061651825904846, 0.3971179723739624, 0.14609494805335999, 0.16362467408180237, -0.1350386142730713, -0.014744997024536133, 0.27533984184265137, 0.34538745880126953, 0.30679643154144287, 0.3278440833091736]], "sfx.logattacktime.mean": [0.5454520583152771], "sfx.inharmonicity.mean": [0.904656171798706]}