{"lowlevel.spectral_centroid.mean": [0.5781828165054321], "lowlevel.spectral_contrast.mean": [[0.5373072624206543, 0.664567232131958, 0.7288005352020264, 0.7212702035903931, 0.7472259998321533, 0.7605054378509521]], "lowlevel.dissonance.mean": [0.6869872808456421], "lowlevel.hfc.mean": [0.754114031791687], "lowlevel.mfcc.mean": [[1.2544124126434326, 0.33828192949295044, 0.40167170763015747, 0.5516105890274048, 0.4517039358615875, 0.44674918055534363, 0.3738304078578949, 0.45231136679649353, 0.3749825954437256, 0.3904254138469696, 0.44828832149505615, 0.46738356351852417, 0.3789176642894745]], "sfx.logattacktime.mean": [0.31378814578056335], "sfx.inharmonicity.mean": [1.1543605327606201]}