{"lowlevel.spectral_centroid.mean": [0.3700266182422638], "lowlevel.spectral_contrast.mean": [[1.012596845626831, 1.4216265678405762, 0.9368685483932495, 1.0016413927078247, 1.0274364948272705, 1.214468002319336]], "lowlevel.dissonance.mean": [0.25941991806030273], "lowlevel.hfc.mean": [0.5404407382011414], "lowlevel.mfcc.mean": [[0.9373369216918945, 0.8909057378768921, 0.23528079688549042, 1.146838665008545, 0.2675936222076416, 0.40163612365722656, 0.3173034191131592, 0.08430689573287964, 0.1953495442867279, 0.22546330094337463, 0.35356026887893677, 0.7557653784751892, 0.642046332359314]], "sfx.logattacktime.mean": [0.7355774641036987], "sfx.inharmonicity.mean": [0.3228788375854492]}