{"lowlevel.spectral_centroid.mean": [0.36956533789634705], "lowlevel.spectral_contrast.mean": [[1.0713927745819092, 1.3968372344970703, 0.6010726690292358, 0.328890323638916, 0.35411500930786133, 0.4153571128845215]], "lowlevel.dissonance.mean": [-0.3166623115539551], "lowlevel.hfc.mean": [0.48755836486816406], "lowlevel.mfcc.mean": [[0.701337456703186, 0.4879841208457947, 0.9979557991027832, 0.7235493659973145, 0.3175716996192932, -0.03395166993141174, -0.2607278823852539, -0.24490374326705933, -0.1697925329208374, 0.01892179250717163, 0.17391717433929443, 0.33780181407928467, 0.38572248816490173]], "sfx.logattacktime.mean": [0.423486590385437], "sfx.inharmonicity.mean": [0.2800494134426117]}