{"lowlevel.spectral_centroid.mean": [0.6239734888076782], "lowlevel.spectral_contrast.mean": [[0.39911115169525146, 0.5969754457473755, 0.8471977710723877, 1.0973320007324219, 1.3911223411560059, 0.891704797744751]], "lowlevel.dissonance.mean": [0.680199146270752], "lowlevel.hfc.mean": [0.5043959021568298], "lowlevel.mfcc.mean": [[0.832221269607544, 0.16268721222877502, -0.13238182663917542, 0.5032662153244019, 0.28285980224609375, -0.08944416046142578, 0.18417933583259583, 0.5335157513618469, 0.04524916410446167, 0.3696703314781189, 0.09829637408256531, 0.13759920001029968, 0.5349308252334595]], "sfx.logattacktime.mean": [0.6316654086112976], "sfx.inharmonicity.mean": [0.9171855449676514]}