{"lowlevel.spectral_centroid.mean": [0.4175083041191101], "lowlevel.spectral_contrast.mean": [[0.3482348918914795, 1.2123162746429443, 1.5645053386688232, 1.2550253868103027, 1.367637038230896, 0.7042903900146484]], "lowlevel.dissonance.mean": [0.30182790756225586], "lowlevel.hfc.mean": [0.5525732040405273], "lowlevel.mfcc.mean": [[0.804084300994873, 0.5488739013671875, -0.05204388499259949, 0.47282493114471436, 0.3473023772239685, 0.163360595703125, 0.31837403774261475, 0.7429758906364441, 0.291245698928833, 0.03439745306968689, 0.37560343742370605, 0.6125158071517944, 0.8149957656860352]], "sfx.logattacktime.mean": [0.5066911578178406], "sfx.inharmonicity.mean": [0.42461806535720825]}