{"lowlevel.spectral_centroid.mean": [0.36397600173950195], "lowlevel.spectral_contrast.mean": [[0.34337687492370605, 0.5372706651687622, 0.29564523696899414, 0.19214677810668945, 0.21202540397644043, 0.20871186256408691]], "lowlevel.dissonance.mean": [0.09731459617614746], "lowlevel.hfc.mean": [0.46514809131622314], "lowlevel.mfcc.mean": [[0.14665472507476807, 0.41867607831954956, 0.7836631536483765, 0.7494001388549805, 0.7576277256011963, 0.6416110396385193, 0.639360785484314, 0.5299698114395142, 0.4973921477794647, 0.45835670828819275, 0.3972858786582947, 0.3145255446434021, 0.3704756498336792]], "sfx.logattacktime.mean": [0.27730080485343933], "sfx.inharmonicity.mean": [0.23137399554252625]}