{"lowlevel.spectral_centroid.mean": [0.7587056159973145], "lowlevel.spectral_contrast.mean": [[0.029544472694396973, 0.37698066234588623, 0.3671865463256836, 0.5212531089782715, 0.9028148651123047, 0.40244579315185547]], "lowlevel.dissonance.mean": [0.670354962348938], "lowlevel.hfc.mean": [0.5743715763092041], "lowlevel.mfcc.mean": [[0.1853034496307373, 0.20187601447105408, 0.06263267993927002, 0.28097185492515564, 0.6955580115318298, 0.34416499733924866, 0.35319989919662476, 0.6553407311439514, 0.553631067276001, 0.34382548928260803, 0.7046607732772827, 0.680003821849823, 0.2129550278186798]], "sfx.logattacktime.mean": [0.5407899618148804], "sfx.inharmonicity.mean": [0.9051536321640015]}