{"lowlevel.spectral_centroid.mean": [0.3496732711791992], "lowlevel.spectral_contrast.mean": [[1.0475132465362549, 1.0199205875396729, 0.7770768404006958, 0.5721535682678223, 0.7211754322052002, 0.7753808498382568]], "lowlevel.dissonance.mean": [0.3736153841018677], "lowlevel.hfc.mean": [0.5018411874771118], "lowlevel.mfcc.mean": [[0.7527328729629517, 0.9667513370513916, 0.2261320799589157, 0.8148545026779175, 0.6011381149291992, 0.41095197200775146, 0.40194058418273926, 0.14159241318702698, 0.2016512155532837, -0.233670175075531, -0.3459004759788513, -0.21786630153656006, 0.22152620553970337]], "sfx.logattacktime.mean": [0.4076216220855713], "sfx.inharmonicity.mean": [0.5079373121261597]}