{"lowlevel.spectral_centroid.mean": [0.320762038230896], "lowlevel.spectral_contrast.mean": [[0.7837150692939758, 0.5115654468536377, 0.47636687755584717, 0.2729017734527588, 0.19683194160461426, 0.24798107147216797]], "lowlevel.dissonance.mean": [-0.16535210609436035], "lowlevel.hfc.mean": [0.4658011496067047], "lowlevel.mfcc.mean": [[0.17915737628936768, 0.4225483536720276, 0.6748360991477966, 0.538370668888092, 0.5152847170829773, 0.4786921739578247, 0.4733872413635254, 0.38957759737968445, 0.3609478175640106, 0.1585010588169098, 0.04195627570152283, -0.06870061159133911, -0.026759564876556396]], "sfx.logattacktime.mean": [0.22802779078483582], "sfx.inharmonicity.mean": [0.19644978642463684]}