{"lowlevel.spectral_centroid.mean": [0.40363267064094543], "lowlevel.spectral_contrast.mean": [[0.707600474357605, 0.9897905588150024, 0.9480782747268677, 0.9975674152374268, 0.9645414352416992, 1.2278687953948975]], "lowlevel.dissonance.mean": [0.5151036977767944], "lowlevel.hfc.mean": [0.554747462272644], "lowlevel.mfcc.mean": [[0.979887843132019, 0.6956497430801392, 0.04568761587142944, 0.7333230972290039, 0.13246610760688782, 0.6533206701278687, -0.005817413330078125, 0.2856121063232422, 0.7520027160644531, 0.23463976383209229, 0.4424895644187927, 0.4436648190021515, 0.26983869075775146]], "sfx.logattacktime.mean": [0.7331916093826294], "sfx.inharmonicity.mean": [0.4415075182914734]}