{"lowlevel.spectral_centroid.mean": [0.47187137603759766], "lowlevel.spectral_contrast.mean": [[0.515546441078186, 0.7522146701812744, 0.8414427042007446, 1.3062723875045776, 1.167232632637024, 0.7036621570587158]], "lowlevel.dissonance.mean": [0.4639776945114136], "lowlevel.hfc.mean": [0.48624974489212036], "lowlevel.mfcc.mean": [[0.711471438407898, 0.42463985085487366, 0.020170986652374268, 0.5352175235748291, 0.28720736503601074, 0.20738282799720764, 0.5267605185508728, 0.8077231049537659, 0.2607812285423279, 0.7497517466545105, 1.0805662870407104, 1.327646255493164, 0.8500728607177734]], "sfx.logattacktime.mean": [0.42949479818344116], "sfx.inharmonicity.mean": [0.6532621383666992]}