{"lowlevel.spectral_centroid.mean": [0.33198896050453186], "lowlevel.spectral_contrast.mean": [[0.7321463227272034, 0.7839219570159912, 0.6017661094665527, 0.4616844654083252, 0.3502359390258789, 0.2917301654815674]], "lowlevel.dissonance.mean": [0.049392104148864746], "lowlevel.hfc.mean": [0.4658243656158447], "lowlevel.mfcc.mean": [[0.29496681690216064, 0.6554460525512695, 0.7156635522842407, 0.423994779586792, 0.37096303701400757, 0.2809629738330841, 0.24107825756072998, 0.008588790893554688, -0.07268345355987549, -0.1014891266822815, 0.029024839401245117, 0.12095052003860474, 0.22236719727516174]], "sfx.logattacktime.mean": [0.2787167727947235], "sfx.inharmonicity.mean": [0.4122544527053833]}