{"lowlevel.spectral_centroid.mean": [0.30620095133781433], "lowlevel.spectral_contrast.mean": [[0.24095284938812256, 0.3778722286224365, 0.463268518447876, 0.3562583923339844, 0.29155778884887695, 0.2687547206878662]], "lowlevel.dissonance.mean": [0.28614377975463867], "lowlevel.hfc.mean": [0.46510857343673706], "lowlevel.mfcc.mean": [[0.27031004428863525, 0.730016827583313, 1.0152838230133057, 0.7377996444702148, 0.6188808679580688, 0.5525057911872864, 0.5857312679290771, 0.510367214679718, 0.49160584807395935, 0.45653265714645386, 0.4949827194213867, 0.47433266043663025, 0.47461697459220886]], "sfx.logattacktime.mean": [0.3923574686050415], "sfx.inharmonicity.mean": [0.21751613914966583]}