{"lowlevel.spectral_centroid.mean": [0.36042922735214233], "lowlevel.spectral_contrast.mean": [[0.83878493309021, 0.8134492635726929, 0.8926273584365845, 0.8058574199676514, 0.6321172714233398, 0.6627471446990967]], "lowlevel.dissonance.mean": [0.3785858154296875], "lowlevel.hfc.mean": [0.4721173942089081], "lowlevel.mfcc.mean": [[0.7315998077392578, 0.7234668731689453, 0.34975317120552063, 0.49223658442497253, 0.0367661714553833, 0.4144423007965088, 0.5990138053894043, 0.47087275981903076, 0.6106683015823364, 0.49351075291633606, 0.4032191336154938, 0.5562012791633606, 0.30790966749191284]], "sfx.logattacktime.mean": [0.8349088430404663], "sfx.inharmonicity.mean": [0.3891315460205078]}