{"lowlevel.spectral_centroid.mean": [0.4327174425125122], "lowlevel.spectral_contrast.mean": [[0.27671027183532715, 0.23191916942596436, 0.7053533792495728, 1.0552186965942383, 0.45209813117980957, 0.2731208801269531]], "lowlevel.dissonance.mean": [0.589995265007019], "lowlevel.hfc.mean": [0.47042250633239746], "lowlevel.mfcc.mean": [[0.17061233520507812, 0.6674137115478516, 0.31661611795425415, 0.2595359683036804, 1.162658929824829, 1.330567717552185, 0.6336225867271423, 0.08496862649917603, 0.49817973375320435, 0.8757415413856506, 0.4498194754123688, 0.06073620915412903, 0.5506123900413513]], "sfx.logattacktime.mean": [0.2294040024280548], "sfx.inharmonicity.mean": [1.5458133220672607]}