{"lowlevel.spectral_centroid.mean": [0.3153555989265442], "lowlevel.spectral_contrast.mean": [[0.2965797185897827, 0.6508548259735107, 0.4579312801361084, 0.24051785469055176, 0.19818735122680664, 0.1836531162261963]], "lowlevel.dissonance.mean": [0.1919342279434204], "lowlevel.hfc.mean": [0.47284701466560364], "lowlevel.mfcc.mean": [[0.2968442440032959, 0.764582633972168, 1.0295698642730713, 0.8911524415016174, 0.8154947757720947, 0.5719007253646851, 0.5094661116600037, 0.4520397484302521, 0.4538397490978241, 0.4235713481903076, 0.409605473279953, 0.32225358486175537, 0.2992700934410095]], "sfx.logattacktime.mean": [0.20857015252113342], "sfx.inharmonicity.mean": [0.2523200511932373]}