{"lowlevel.spectral_centroid.mean": [0.3705274760723114], "lowlevel.spectral_contrast.mean": [[0.7409290075302124, 1.0087398290634155, 0.956812858581543, 0.7722306251525879, 0.8111958503723145, 0.5027279853820801]], "lowlevel.dissonance.mean": [0.33515799045562744], "lowlevel.hfc.mean": [0.4831022620201111], "lowlevel.mfcc.mean": [[0.699103593826294, 0.7357711791992188, 0.1246437132358551, 0.3559902608394623, 0.26580432057380676, 0.10926836729049683, 0.37740641832351685, 0.40666425228118896, 0.597661554813385, 0.11543530225753784, 0.09030535817146301, 0.5450171232223511, 0.7532212734222412]], "sfx.logattacktime.mean": [0.2866228222846985], "sfx.inharmonicity.mean": [0.42059236764907837]}