{"lowlevel.spectral_centroid.mean": [0.6164976954460144], "lowlevel.spectral_contrast.mean": [[0.2459402084350586, 0.33210277557373047, 0.3743171691894531, 0.4851412773132324, 0.41269779205322266, 0.429706335067749]], "lowlevel.dissonance.mean": [0.711776852607727], "lowlevel.hfc.mean": [0.4657680094242096], "lowlevel.mfcc.mean": [[0.6491336822509766, 0.38656938076019287, 0.4956437945365906, 0.5593131184577942, 0.6065650582313538, 0.4534450173377991, 0.37116366624832153, 0.38972166180610657, 0.8329057693481445, 0.5878364443778992, 0.3215782046318054, 0.41631343960762024, 0.633129358291626]], "sfx.logattacktime.mean": [0.7846076488494873], "sfx.inharmonicity.mean": [0.6455196142196655]}