{"lowlevel.spectral_centroid.mean": [0.33166763186454773], "lowlevel.spectral_contrast.mean": [[0.4718000888824463, 0.45193421840667725, 0.6269760131835938, 0.5996451377868652, 0.6767117977142334, 0.4333221912384033]], "lowlevel.dissonance.mean": [0.4323298931121826], "lowlevel.hfc.mean": [0.4687618613243103], "lowlevel.mfcc.mean": [[0.24860799312591553, 0.6997292041778564, 0.49471789598464966, 0.5817563533782959, 0.7447223663330078, 0.5539098978042603, 0.24676832556724548, 0.37713098526000977, 0.49844008684158325, 0.44406312704086304, 0.26771050691604614, 0.2973341941833496, 0.3089970350265503]], "sfx.logattacktime.mean": [0.27337878942489624], "sfx.inharmonicity.mean": [0.5182058215141296]}