{"lowlevel.spectral_centroid.mean": [0.31042516231536865], "lowlevel.spectral_contrast.mean": [[0.8502859473228455, 0.5714255571365356, 0.5914814472198486, 0.5920155048370361, 0.4991648197174072, 0.4063427448272705]], "lowlevel.dissonance.mean": [0.3783457279205322], "lowlevel.hfc.mean": [0.46540284156799316], "lowlevel.mfcc.mean": [[0.4323354959487915, 0.8381315469741821, 0.6229689121246338, 0.5221354961395264, 0.758324384689331, 0.7065916657447815, 0.6388912796974182, 0.4677414298057556, 0.5890180468559265, 0.4747347831726074, 0.3544096350669861, 0.436280757188797, 0.5033111572265625]], "sfx.logattacktime.mean": [0.5339751839637756], "sfx.inharmonicity.mean": [0.2255384773015976]}