{"lowlevel.spectral_centroid.mean": [0.4871522784233093], "lowlevel.spectral_contrast.mean": [[0.5907589197158813, 0.20540106296539307, 0.49857139587402344, 0.2871420383453369, 0.48235368728637695, 0.577277421951294]], "lowlevel.dissonance.mean": [0.6115704774856567], "lowlevel.hfc.mean": [0.47497183084487915], "lowlevel.mfcc.mean": [[0.17597854137420654, 0.18464507162570953, 0.6347833871841431, 0.5534220337867737, 0.6457077264785767, 1.0517585277557373, 1.0192952156066895, 1.014801263809204, 0.7753137350082397, 0.47346973419189453, 0.8560810089111328, 1.0246860980987549, 0.9071763753890991]], "sfx.logattacktime.mean": [0.4464752674102783], "sfx.inharmonicity.mean": [0.3927653431892395]}