{"lowlevel.spectral_centroid.mean": [0.3626198172569275], "lowlevel.spectral_contrast.mean": [[0.4535057544708252, 0.30427873134613037, 0.3921198844909668, 0.40032505989074707, 0.4639241695404053, 0.5528674125671387]], "lowlevel.dissonance.mean": [0.6898373365402222], "lowlevel.hfc.mean": [0.4655393064022064], "lowlevel.mfcc.mean": [[0.6384291648864746, 0.6465824842453003, 0.3379073143005371, 0.5231472253799438, 0.5339628458023071, 0.7863566875457764, 0.59299236536026, 0.8969864845275879, 0.6133197546005249, 0.6878106594085693, 0.6271364688873291, 0.7089608311653137, 0.6109774112701416]], "sfx.logattacktime.mean": [0.5132480263710022], "sfx.inharmonicity.mean": [1.0662295818328857]}