{"lowlevel.spectral_centroid.mean": [0.5345618724822998], "lowlevel.spectral_contrast.mean": [[0.46666717529296875, 0.20073115825653076, 0.7521319389343262, 0.2852663993835449, 0.9128689765930176, 0.5317893028259277]], "lowlevel.dissonance.mean": [0.5511170625686646], "lowlevel.hfc.mean": [0.4699212312698364], "lowlevel.mfcc.mean": [[0.3021606206893921, 0.23994925618171692, 0.4368206858634949, 0.5416358709335327, 0.5227981805801392, 0.6030865907669067, 0.9421299695968628, 1.199518084526062, 1.3891361951828003, 0.6910893321037292, -0.2648988962173462, 0.6202890276908875, 0.8228591084480286]], "sfx.logattacktime.mean": [0.6753351092338562], "sfx.inharmonicity.mean": [0.6407439708709717]}