{"lowlevel.spectral_centroid.mean": [0.4194314479827881], "lowlevel.spectral_contrast.mean": [[0.17516982555389404, 0.9550536870956421, 1.003684401512146, 1.0930263996124268, 0.6775197982788086, 0.43642163276672363]], "lowlevel.dissonance.mean": [0.4418097734451294], "lowlevel.hfc.mean": [0.46989431977272034], "lowlevel.mfcc.mean": [[0.33220481872558594, 0.398550808429718, -0.09823957085609436, -0.010278046131134033, 0.3827224671840668, 0.1647723913192749, 0.18957123160362244, 0.14180395007133484, 0.3030756115913391, 0.3974475860595703, 0.5136973857879639, 0.6684830784797668, 1.019436001777649]], "sfx.logattacktime.mean": [0.5481194853782654], "sfx.inharmonicity.mean": [0.5389933586120605]}