{"lowlevel.spectral_centroid.mean": [0.357835590839386], "lowlevel.spectral_contrast.mean": [[0.9375041723251343, 0.8279807567596436, 0.3335611820220947, 0.2841799259185791, 0.3255918025970459, 0.3876988887786865]], "lowlevel.dissonance.mean": [0.18956851959228516], "lowlevel.hfc.mean": [0.4695431590080261], "lowlevel.mfcc.mean": [[0.555915117263794, 0.4057460129261017, 1.0345240831375122, 1.0466355085372925, 0.893721878528595, 0.6333783864974976, 0.3340173661708832, 0.15294921398162842, -0.03158295154571533, -0.1022258996963501, -0.16295313835144043, -0.09740233421325684, 0.0013131499290466309]], "sfx.logattacktime.mean": [0.23496663570404053], "sfx.inharmonicity.mean": [0.2851930558681488]}