{"lowlevel.spectral_centroid.mean": [0.375963032245636], "lowlevel.spectral_contrast.mean": [[0.5057830810546875, 0.990896463394165, 0.9896199703216553, 0.7309571504592896, 0.7820913791656494, 0.5571544170379639]], "lowlevel.dissonance.mean": [0.31955981254577637], "lowlevel.hfc.mean": [0.4894932508468628], "lowlevel.mfcc.mean": [[0.7129744291305542, 0.7337044477462769, 0.11820417642593384, 0.3261649012565613, 0.1669272482395172, 0.006318122148513794, 0.13951009511947632, 0.4920758306980133, 0.6679118871688843, 0.34364402294158936, 0.3524624705314636, 0.5807700157165527, 0.6068886518478394]], "sfx.logattacktime.mean": [0.5373690128326416], "sfx.inharmonicity.mean": [0.4719519317150116]}