{"lowlevel.spectral_centroid.mean": [0.4007464051246643], "lowlevel.spectral_contrast.mean": [[0.010286331176757812, 1.0150766372680664, 0.8976119756698608, 0.7425254583358765, 0.6895742416381836, 0.347210168838501]], "lowlevel.dissonance.mean": [0.17511320114135742], "lowlevel.hfc.mean": [0.469834566116333], "lowlevel.mfcc.mean": [[0.12731266021728516, 0.4216858446598053, -0.013030707836151123, -0.23846721649169922, -0.0999521017074585, 0.02127695083618164, 0.46024346351623535, 0.6420630216598511, 1.0367257595062256, 1.3191187381744385, 0.9544057846069336, 0.5116974711418152, 0.3215768039226532]], "sfx.logattacktime.mean": [0.2666725516319275], "sfx.inharmonicity.mean": [1.231136679649353]}