{"lowlevel.spectral_centroid.mean": [0.9977595806121826], "lowlevel.spectral_contrast.mean": [[-0.013217926025390625, 0.0816260576248169, 1.0678154230117798, 1.1136753559112549, 0.19084429740905762, 0.24087858200073242]], "lowlevel.dissonance.mean": [0.1922382116317749], "lowlevel.hfc.mean": [0.6095135807991028], "lowlevel.mfcc.mean": [[0.22869455814361572, 0.3503257930278778, 0.20613324642181396, -0.11907929182052612, 0.33300507068634033, 0.8670787811279297, 0.6985608339309692, 0.4494476616382599, 0.6641293168067932, 0.5411962866783142, 0.3901919424533844, -0.19868552684783936, 0.03647848963737488]], "sfx.logattacktime.mean": [0.3599732518196106], "sfx.inharmonicity.mean": [1.0955512523651123]}