{"lowlevel.spectral_centroid.mean": [0.36925724148750305], "lowlevel.spectral_contrast.mean": [[1.0160071849822998, 1.3074828386306763, 1.4196816682815552, 1.3648613691329956, 1.0177438259124756, 0.6720366477966309]], "lowlevel.dissonance.mean": [0.2149817943572998], "lowlevel.hfc.mean": [0.5265777707099915], "lowlevel.mfcc.mean": [[0.8197524547576904, 0.7009298801422119, 0.01864480972290039, 0.283577561378479, 0.07878705859184265, 0.17271029949188232, 0.32136255502700806, 0.21597424149513245, 0.5954007506370544, 0.28786152601242065, 0.36261504888534546, 0.454906165599823, 0.23841270804405212]], "sfx.logattacktime.mean": [0.496315062046051], "sfx.inharmonicity.mean": [0.26945963501930237]}