{"lowlevel.spectral_centroid.mean": [0.6198949813842773], "lowlevel.spectral_contrast.mean": [[0.33714914321899414, 0.4880993366241455, 0.7080065011978149, 0.9118682146072388, 0.9991798400878906, 1.2364726066589355]], "lowlevel.dissonance.mean": [0.6456259489059448], "lowlevel.hfc.mean": [0.48161646723747253], "lowlevel.mfcc.mean": [[0.44205009937286377, 0.23047427833080292, -0.07233461737632751, 0.7516252994537354, 0.36150580644607544, 0.6423118710517883, 0.6693482398986816, 0.6542856097221375, 0.6494227647781372, 0.4890625774860382, 0.591884195804596, 0.5570093989372253, 0.30307117104530334]], "sfx.logattacktime.mean": [0.647480845451355], "sfx.inharmonicity.mean": [0.7725464105606079]}