{"lowlevel.spectral_centroid.mean": [0.4568464457988739], "lowlevel.spectral_contrast.mean": [[0.2169198989868164, 0.9338060617446899, 1.100860595703125, 1.4192851781845093, 0.3625307083129883, 0.3730638027191162]], "lowlevel.dissonance.mean": [0.18062245845794678], "lowlevel.hfc.mean": [0.4868067502975464], "lowlevel.mfcc.mean": [[0.5939089059829712, 0.36883074045181274, 0.2281532734632492, -0.4109272360801697, -0.004809767007827759, 0.5891402959823608, 0.5811513662338257, 0.1789633333683014, -0.1735038161277771, -0.050328731536865234, 0.3650549352169037, 0.8644497394561768, 0.9373030662536621]], "sfx.logattacktime.mean": [0.21111977100372314], "sfx.inharmonicity.mean": [0.4339253306388855]}