{"lowlevel.spectral_centroid.mean": [0.9015718698501587], "lowlevel.spectral_contrast.mean": [[0.2717660665512085, 0.4707515239715576, 0.3395674228668213, 0.4824237823486328, 0.5730550289154053, 0.7292451858520508]], "lowlevel.dissonance.mean": [0.6322689056396484], "lowlevel.hfc.mean": [0.49077218770980835], "lowlevel.mfcc.mean": [[0.2860959768295288, 0.1813812106847763, 0.3850501775741577, 0.2816471457481384, 0.7405556440353394, 0.3096734285354614, 0.2576206624507904, 0.28723812103271484, 0.2828983962535858, 0.4951002597808838, 0.6878557801246643, 0.6730456948280334, 0.21238043904304504]], "sfx.logattacktime.mean": [0.1975494921207428], "sfx.inharmonicity.mean": [0.5697504281997681]}