{"lowlevel.spectral_centroid.mean": [0.3396948277950287], "lowlevel.spectral_contrast.mean": [[0.8048040270805359, 0.38921046257019043, 0.3789494037628174, 0.3598778247833252, 0.354158878326416, 0.30147862434387207]], "lowlevel.dissonance.mean": [0.48451459407806396], "lowlevel.hfc.mean": [0.46705010533332825], "lowlevel.mfcc.mean": [[0.18507134914398193, 0.5108904242515564, 0.8750565052032471, 0.8833351731300354, 0.9751102924346924, 0.900238037109375, 0.90748131275177, 0.8731060028076172, 0.8380542993545532, 0.7062523365020752, 0.6573706865310669, 0.6048334240913391, 0.5445510745048523]], "sfx.logattacktime.mean": [0.2750154733657837], "sfx.inharmonicity.mean": [0.20980530977249146]}