{"lowlevel.spectral_centroid.mean": [0.5664435625076294], "lowlevel.spectral_contrast.mean": [[0.35945773124694824, 0.3540525436401367, 0.34812450408935547, 0.6048216819763184, 0.7116000652313232, 0.459139347076416]], "lowlevel.dissonance.mean": [0.6844456195831299], "lowlevel.hfc.mean": [0.47546738386154175], "lowlevel.mfcc.mean": [[0.3576633930206299, 0.37445521354675293, 0.23508048057556152, 0.6282943487167358, 0.7432206869125366, 0.23702646791934967, 0.2153424322605133, 0.5040101408958435, 0.5773565769195557, 0.5549228191375732, 0.37446966767311096, 0.34813255071640015, 0.7268803715705872]], "sfx.logattacktime.mean": [0.26816487312316895], "sfx.inharmonicity.mean": [0.6028817296028137]}