{"lowlevel.spectral_centroid.mean": [0.3267704248428345], "lowlevel.spectral_contrast.mean": [[0.6450274586677551, 0.7092233896255493, 0.56831955909729, 0.4593803882598877, 0.45210909843444824, 0.33464789390563965]], "lowlevel.dissonance.mean": [0.500557541847229], "lowlevel.hfc.mean": [0.4684675633907318], "lowlevel.mfcc.mean": [[0.5063672065734863, 0.9746232032775879, 0.7281264066696167, 0.5214201211929321, 0.5871587991714478, 0.4077267050743103, 0.263924241065979, 0.3990980088710785, 0.5699797868728638, 0.4226601719856262, 0.18660590052604675, 0.11617156863212585, 0.43092119693756104]], "sfx.logattacktime.mean": [0.8354185819625854], "sfx.inharmonicity.mean": [0.33381229639053345]}