{"lowlevel.spectral_centroid.mean": [0.9638404846191406], "lowlevel.spectral_contrast.mean": [[-0.004308462142944336, 0.27207064628601074, 1.0908559560775757, 1.1665304899215698, 0.1500086784362793, 0.18477439880371094]], "lowlevel.dissonance.mean": [-0.12803274393081665], "lowlevel.hfc.mean": [0.5818611979484558], "lowlevel.mfcc.mean": [[0.24549341201782227, 0.44667568802833557, 0.3600456118583679, -0.129733145236969, -0.024914324283599854, 0.3870483636856079, 0.6501457691192627, 0.6157751083374023, 0.6195292472839355, 0.7143082618713379, 1.2169358730316162, 0.9118562936782837, -0.1965392827987671]], "sfx.logattacktime.mean": [0.3597879111766815], "sfx.inharmonicity.mean": [1.1854559183120728]}