{"lowlevel.spectral_centroid.mean": [0.3523177206516266], "lowlevel.spectral_contrast.mean": [[0.8216485381126404, 1.179650068283081, 0.6271764039993286, 0.5032713413238525, 0.3995962142944336, 0.4435255527496338]], "lowlevel.dissonance.mean": [-0.21630865335464478], "lowlevel.hfc.mean": [0.47274547815322876], "lowlevel.mfcc.mean": [[0.4796544313430786, 0.7336099147796631, 0.7462481260299683, 0.8600871562957764, 0.5989630222320557, 0.3552033305168152, 0.20662832260131836, 0.12783941626548767, 0.2524642050266266, 0.347429096698761, 0.2910626530647278, 0.26886358857154846, 0.49432846903800964]], "sfx.logattacktime.mean": [0.6456937193870544], "sfx.inharmonicity.mean": [0.24957706034183502]}