{"lowlevel.spectral_centroid.mean": [0.6102585196495056], "lowlevel.spectral_contrast.mean": [[0.4800994396209717, 0.2083895206451416, 0.2393190860748291, 0.29506945610046387, 0.7874574661254883, 0.7660691738128662]], "lowlevel.dissonance.mean": [0.711864709854126], "lowlevel.hfc.mean": [0.5108410120010376], "lowlevel.mfcc.mean": [[0.22062301635742188, 0.07758303731679916, 0.6504809856414795, 0.7102953195571899, 0.7803246974945068, 0.6677250862121582, 0.7762727737426758, 1.0274343490600586, 0.9017877578735352, 0.22642400860786438, 1.0213433504104614, 0.9784287214279175, 0.22674128413200378]], "sfx.logattacktime.mean": [0.4832293689250946], "sfx.inharmonicity.mean": [0.6715195775032043]}