{"lowlevel.spectral_centroid.mean": [0.4970513880252838], "lowlevel.spectral_contrast.mean": [[0.5890239477157593, 0.607048749923706, 0.722037672996521, 0.9098275899887085, 0.885228157043457, 0.7329702377319336]], "lowlevel.dissonance.mean": [0.5466443300247192], "lowlevel.hfc.mean": [0.4680054485797882], "lowlevel.mfcc.mean": [[0.6321103572845459, 0.5149542093276978, -0.07230076193809509, 0.4666631817817688, 0.12625467777252197, 0.1499285101890564, 0.1459725797176361, 0.09161251783370972, -0.06684106588363647, 0.4226107895374298, 0.37890714406967163, 0.091025710105896, 0.6246157884597778]], "sfx.logattacktime.mean": [0.6443131566047668], "sfx.inharmonicity.mean": [0.5958263278007507]}