{"lowlevel.spectral_centroid.mean": [0.369739294052124], "lowlevel.spectral_contrast.mean": [[1.1019752025604248, 1.5388145446777344, 1.5683565139770508, 1.7279763221740723, 1.3576080799102783, 0.5717213153839111]], "lowlevel.dissonance.mean": [0.224664568901062], "lowlevel.hfc.mean": [0.4785129129886627], "lowlevel.mfcc.mean": [[0.6089992523193359, 0.7286889553070068, -0.31502655148506165, -0.16049599647521973, 0.3411892354488373, 0.14579716324806213, 0.11728653311729431, -0.26476001739501953, -0.08441907167434692, -0.13534307479858398, -0.4311518669128418, -0.40649956464767456, -0.1350892186164856]], "sfx.logattacktime.mean": [0.3272978365421295], "sfx.inharmonicity.mean": [0.3146432936191559]}