{"lowlevel.spectral_centroid.mean": [0.5151988863945007], "lowlevel.spectral_contrast.mean": [[0.5388064384460449, 0.5160461664199829, 0.46620213985443115, 0.4465827941894531, 0.4383537769317627, 0.46167707443237305]], "lowlevel.dissonance.mean": [0.6063207387924194], "lowlevel.hfc.mean": [0.4659309685230255], "lowlevel.mfcc.mean": [[0.5346221923828125, 0.39750006794929504, 0.2576431632041931, 0.24557223916053772, 0.0882565975189209, 0.09183362126350403, 0.07892706990242004, 0.15898606181144714, 0.18638074398040771, 0.2319105863571167, 0.27815669775009155, 0.29967445135116577, 0.3295498490333557]], "sfx.logattacktime.mean": [0.8411267995834351], "sfx.inharmonicity.mean": [0.5872218608856201]}