{"lowlevel.spectral_centroid.mean": [1.0286413431167603], "lowlevel.spectral_contrast.mean": [[-0.012214899063110352, 0.08563494682312012, 1.0056767463684082, 1.0736092329025269, 0.09098672866821289, 0.10108351707458496]], "lowlevel.dissonance.mean": [-0.040963172912597656], "lowlevel.hfc.mean": [0.5857509970664978], "lowlevel.mfcc.mean": [[0.1999497413635254, 0.3657956123352051, 0.2884684205055237, -0.1977044939994812, 0.14806973934173584, 0.783187985420227, 1.1365678310394287, 0.7464730739593506, 0.17940077185630798, -0.010305732488632202, 0.37053120136260986, 0.6843419075012207, 0.6530458927154541]], "sfx.logattacktime.mean": [0.3596022427082062], "sfx.inharmonicity.mean": [0.9684350490570068]}