{"lowlevel.spectral_centroid.mean": [0.34983593225479126], "lowlevel.spectral_contrast.mean": [[1.0349477529525757, 1.3928396701812744, 1.6245732307434082, 1.5797408819198608, 1.195013403892517, 0.6568174362182617]], "lowlevel.dissonance.mean": [-0.10586607456207275], "lowlevel.hfc.mean": [0.4694422781467438], "lowlevel.mfcc.mean": [[0.548751711845398, 0.8554253578186035, 0.176058828830719, 0.01728960871696472, 0.1733887493610382, -0.0456012487411499, -0.0372965931892395, -0.054681599140167236, 0.2293536365032196, 0.4321209490299225, 0.4811863601207733, 0.1481584906578064, -0.27125000953674316]], "sfx.logattacktime.mean": [0.36648139357566833], "sfx.inharmonicity.mean": [0.3651408553123474]}