{"lowlevel.spectral_centroid.mean": [0.5692270994186401], "lowlevel.spectral_contrast.mean": [[0.11426711082458496, 0.2342766523361206, 0.27679991722106934, 0.275454044342041, 0.2909736633300781, 0.28211426734924316]], "lowlevel.dissonance.mean": [0.6723742485046387], "lowlevel.hfc.mean": [0.465446412563324], "lowlevel.mfcc.mean": [[-0.015694618225097656, 0.27086904644966125, 0.3652315139770508, 0.3002499043941498, 0.4191114902496338, 0.36849480867385864, 0.49258163571357727, 0.45019352436065674, 0.48501089215278625, 0.5478611588478088, 0.5053139925003052, 0.5060741901397705, 0.5584527850151062]], "sfx.logattacktime.mean": [0.6817917227745056], "sfx.inharmonicity.mean": [1.0157182216644287]}