{"lowlevel.spectral_centroid.mean": [0.7532967329025269], "lowlevel.spectral_contrast.mean": [[0.19115674495697021, 0.19743716716766357, 0.2741737365722656, 0.8955743312835693, 0.7176828384399414, 0.8615491390228271]], "lowlevel.dissonance.mean": [0.5766273736953735], "lowlevel.hfc.mean": [0.5118895173072815], "lowlevel.mfcc.mean": [[0.2717704772949219, 0.052115343511104584, 0.5692026615142822, 0.40477436780929565, 0.5093978047370911, 1.2127453088760376, 0.9085690975189209, 0.29306697845458984, 0.06471821665763855, 0.38690999150276184, 0.9417068958282471, 0.8694249391555786, 0.8058857917785645]], "sfx.logattacktime.mean": [0.5260506868362427], "sfx.inharmonicity.mean": [0.5913567543029785]}