{"lowlevel.spectral_centroid.mean": [0.551061749458313], "lowlevel.spectral_contrast.mean": [[0.4590822458267212, 0.33986473083496094, 1.327492117881775, 0.9242110252380371, 1.5607631206512451, 1.1793794631958008]], "lowlevel.dissonance.mean": [0.5380421876907349], "lowlevel.hfc.mean": [0.5565909743309021], "lowlevel.mfcc.mean": [[0.713158130645752, 0.16843290627002716, 0.3101104497909546, 0.45099639892578125, 0.10477295517921448, 0.4517523944377899, 0.606518566608429, 1.4152581691741943, 0.33504611253738403, -0.12223935127258301, 0.21003621816635132, 0.5634596943855286, 1.4993470907211304]], "sfx.logattacktime.mean": [0.5323765277862549], "sfx.inharmonicity.mean": [0.4536851942539215]}