{"lowlevel.spectral_centroid.mean": [0.6676913499832153], "lowlevel.spectral_contrast.mean": [[0.3211181163787842, 0.2819138765335083, 0.3328402042388916, 0.339510440826416, 0.3520519733428955, 0.4522531032562256]], "lowlevel.dissonance.mean": [0.7281157970428467], "lowlevel.hfc.mean": [0.46533897519111633], "lowlevel.mfcc.mean": [[0.5734235048294067, 0.2772275507450104, 0.42750170826911926, 0.4855712056159973, 0.37955987453460693, 0.6013108491897583, 0.557388186454773, 0.5371713638305664, 0.5460622310638428, 0.4847896695137024, 0.6259974837303162, 0.6441933512687683, 0.6614531874656677]], "sfx.logattacktime.mean": [0.7646021246910095], "sfx.inharmonicity.mean": [0.8763684034347534]}