{"lowlevel.spectral_centroid.mean": [0.34417134523391724], "lowlevel.spectral_contrast.mean": [[0.5156277418136597, 1.0098958015441895, 0.8315647840499878, 0.5847814083099365, 0.5818865299224854, 0.41298508644104004]], "lowlevel.dissonance.mean": [0.10869896411895752], "lowlevel.hfc.mean": [0.4686611592769623], "lowlevel.mfcc.mean": [[0.4343273639678955, 0.5568927526473999, 0.43004775047302246, 0.5629310607910156, 0.4455667734146118, 0.1672135293483734, 0.14420294761657715, 0.11496764421463013, 0.046425431966781616, -0.12407642602920532, -0.07158428430557251, 0.07511520385742188, 0.15197724103927612]], "sfx.logattacktime.mean": [0.4820813834667206], "sfx.inharmonicity.mean": [0.2582539916038513]}