{"lowlevel.spectral_centroid.mean": [0.6457039713859558], "lowlevel.spectral_contrast.mean": [[0.47195589542388916, 0.45836544036865234, 0.5365200042724609, 0.7330120801925659, 1.1274691820144653, 0.8327977657318115]], "lowlevel.dissonance.mean": [0.7314411401748657], "lowlevel.hfc.mean": [0.9092113971710205], "lowlevel.mfcc.mean": [[1.2010092735290527, 0.21530401706695557, 0.3660794496536255, 0.6560213565826416, 0.8255907297134399, 0.6038455367088318, 0.24253806471824646, 0.7767773866653442, 0.5886474847793579, 0.3520597517490387, 0.5789989829063416, 0.8817698955535889, 0.3224019408226013]], "sfx.logattacktime.mean": [0.311117559671402], "sfx.inharmonicity.mean": [0.31444251537323]}