{"lowlevel.spectral_centroid.mean": [0.3781595826148987], "lowlevel.spectral_contrast.mean": [[0.45739245414733887, 0.4809201955795288, 0.36492347717285156, 0.27667951583862305, 0.22582626342773438, 0.22256255149841309]], "lowlevel.dissonance.mean": [-0.06940770149230957], "lowlevel.hfc.mean": [0.4653748571872711], "lowlevel.mfcc.mean": [[0.17027008533477783, 0.44154444336891174, 0.7315434217453003, 0.6470348834991455, 0.7042608261108398, 0.6360554099082947, 0.5688274502754211, 0.43329527974128723, 0.35899630188941956, 0.22483262419700623, 0.17130234837532043, 0.12844082713127136, 0.22033783793449402]], "sfx.logattacktime.mean": [0.23781129717826843], "sfx.inharmonicity.mean": [0.24060523509979248]}