{"lowlevel.spectral_centroid.mean": [0.47966229915618896], "lowlevel.spectral_contrast.mean": [[0.5269501209259033, 0.430698037147522, 0.5492240190505981, 0.4712529182434082, 0.2964003086090088, 0.22973179817199707]], "lowlevel.dissonance.mean": [0.2230396270751953], "lowlevel.hfc.mean": [0.4652203619480133], "lowlevel.mfcc.mean": [[0.2023324966430664, 0.460690975189209, 0.5480773448944092, 0.2763824760913849, 0.34163016080856323, 0.30745112895965576, 0.3610384166240692, 0.3577699363231659, 0.3636663854122162, 0.21735879778862, 0.1466609537601471, 0.18467071652412415, 0.29812851548194885]], "sfx.logattacktime.mean": [0.605686604976654], "sfx.inharmonicity.mean": [0.4413841962814331]}