{"lowlevel.spectral_centroid.mean": [0.30808237195014954], "lowlevel.spectral_contrast.mean": [[0.24165773391723633, 0.4187377691268921, 0.29683876037597656, 0.2744455337524414, 0.25170183181762695, 0.25127744674682617]], "lowlevel.dissonance.mean": [0.2720184326171875], "lowlevel.hfc.mean": [0.46515870094299316], "lowlevel.mfcc.mean": [[0.22270405292510986, 0.6285594701766968, 0.9961975812911987, 0.8404773473739624, 0.7184267640113831, 0.5485497117042542, 0.5017508268356323, 0.40611159801483154, 0.39197835326194763, 0.3718925416469574, 0.4452151656150818, 0.4574621319770813, 0.46393853425979614]], "sfx.logattacktime.mean": [0.17661148309707642], "sfx.inharmonicity.mean": [0.21941152215003967]}