{"lowlevel.spectral_centroid.mean": [0.33863991498947144], "lowlevel.spectral_contrast.mean": [[0.7326326966285706, 0.7021654844284058, 0.6906802654266357, 0.7723383903503418, 0.7880764007568359, 0.6949877738952637]], "lowlevel.dissonance.mean": [0.3923513889312744], "lowlevel.hfc.mean": [0.46553435921669006], "lowlevel.mfcc.mean": [[0.5006896257400513, 0.8392081260681152, 0.40266552567481995, 0.32876095175743103, 0.3767954707145691, 0.144972562789917, 0.0776938796043396, -0.006736159324645996, 0.09670358896255493, 0.09823903441429138, 0.29121798276901245, 0.24887041747570038, 0.2999122738838196]], "sfx.logattacktime.mean": [0.6962443590164185], "sfx.inharmonicity.mean": [0.7519104480743408]}