{"lowlevel.spectral_centroid.mean": [0.5820054411888123], "lowlevel.spectral_contrast.mean": [[0.3069627285003662, 0.21912610530853271, 0.5583330392837524, 1.191274642944336, 0.9663505554199219, 0.8859236240386963]], "lowlevel.dissonance.mean": [0.7399947643280029], "lowlevel.hfc.mean": [0.558925211429596], "lowlevel.mfcc.mean": [[0.2865304946899414, 0.14498579502105713, 0.3002282977104187, 0.6060202121734619, 0.47458940744400024, 1.351449728012085, 0.9172768592834473, -0.130784809589386, 0.6994388699531555, 0.825129508972168, 0.4058212339878082, 0.7034111022949219, 0.6971805095672607]], "sfx.logattacktime.mean": [0.6748838424682617], "sfx.inharmonicity.mean": [0.6356900930404663]}