{"lowlevel.spectral_centroid.mean": [0.3472258448600769], "lowlevel.spectral_contrast.mean": [[0.8974478840827942, 0.4268726110458374, 0.2846670150756836, 0.3713033199310303, 0.36594223976135254, 0.3002762794494629]], "lowlevel.dissonance.mean": [0.31746387481689453], "lowlevel.hfc.mean": [0.4705808758735657], "lowlevel.mfcc.mean": [[0.25514090061187744, 0.5075525045394897, 0.7362220287322998, 0.8502485752105713, 0.8820211291313171, 0.7611252069473267, 0.7406129837036133, 0.6756261587142944, 0.7233889102935791, 0.7075449228286743, 0.632420003414154, 0.4932388961315155, 0.47265979647636414]], "sfx.logattacktime.mean": [0.3902771472930908], "sfx.inharmonicity.mean": [0.24465292692184448]}