{"lowlevel.spectral_centroid.mean": [0.3056543469429016], "lowlevel.spectral_contrast.mean": [[0.4942295551300049, 0.3826662302017212, 0.24094438552856445, 0.16915678977966309, 0.16751384735107422, 0.21897459030151367]], "lowlevel.dissonance.mean": [0.42635631561279297], "lowlevel.hfc.mean": [0.4652267396450043], "lowlevel.mfcc.mean": [[0.15108191967010498, 0.4143645465373993, 0.797193169593811, 0.8083648681640625, 0.8852168321609497, 0.8357917070388794, 0.8099961876869202, 0.7117576599121094, 0.6728130578994751, 0.5409152507781982, 0.47680923342704773, 0.4163634181022644, 0.4295230805873871]], "sfx.logattacktime.mean": [0.2963024079799652], "sfx.inharmonicity.mean": [0.26368123292922974]}