{"lowlevel.spectral_centroid.mean": [0.400581955909729], "lowlevel.spectral_contrast.mean": [[0.6312716007232666, 0.557528018951416, 0.4062544107437134, 0.3568277359008789, 0.34821128845214844, 0.39614033699035645]], "lowlevel.dissonance.mean": [0.24312877655029297], "lowlevel.hfc.mean": [0.4650798738002777], "lowlevel.mfcc.mean": [[0.21976792812347412, 0.48311522603034973, 0.46771037578582764, 0.04695025086402893, 0.10298323631286621, 0.05005192756652832, 0.026752978563308716, -0.030187606811523438, 0.020605027675628662, 0.15903133153915405, 0.3713201880455017, 0.3985566198825836, 0.5254479646682739]], "sfx.logattacktime.mean": [0.7400515675544739], "sfx.inharmonicity.mean": [1.1249804496765137]}