{"lowlevel.spectral_centroid.mean": [0.47563856840133667], "lowlevel.spectral_contrast.mean": [[0.5504200458526611, 0.5059229135513306, 0.5966435670852661, 0.588660478591919, 0.595656156539917, 0.5270156860351562]], "lowlevel.dissonance.mean": [0.6894921064376831], "lowlevel.hfc.mean": [0.4798754155635834], "lowlevel.mfcc.mean": [[0.7029315233230591, 0.47298941016197205, 0.08908125758171082, 0.31947675347328186, 0.30934470891952515, 0.19365760684013367, 0.223242849111557, 0.1782035529613495, 0.12792962789535522, 0.3361634612083435, 0.19443932175636292, -0.09326928853988647, 0.6717914938926697]], "sfx.logattacktime.mean": [0.4843406677246094], "sfx.inharmonicity.mean": [0.7332586050033569]}