{"lowlevel.spectral_centroid.mean": [0.38764119148254395], "lowlevel.spectral_contrast.mean": [[0.1953486204147339, 1.304516077041626, 1.1095374822616577, 1.1627473831176758, 1.094912052154541, 0.6844394207000732]], "lowlevel.dissonance.mean": [0.3544842004776001], "lowlevel.hfc.mean": [0.48647579550743103], "lowlevel.mfcc.mean": [[0.606050968170166, 0.38061001896858215, 0.07922917604446411, 0.4837469458580017, 0.38449403643608093, 0.005815476179122925, -0.1938537359237671, -0.1297975778579712, 0.10709771513938904, 0.3004152774810791, 0.016484498977661133, 0.04885798692703247, 0.4462319612503052]], "sfx.logattacktime.mean": [0.5756071209907532], "sfx.inharmonicity.mean": [0.3246194124221802]}