{"lowlevel.spectral_centroid.mean": [0.6110910177230835], "lowlevel.spectral_contrast.mean": [[0.2244572639465332, 0.1734379529953003, 0.17660140991210938, 0.6656856536865234, 0.4269750118255615, 0.32187485694885254]], "lowlevel.dissonance.mean": [0.6891096830368042], "lowlevel.hfc.mean": [0.46847206354141235], "lowlevel.mfcc.mean": [[0.07336890697479248, 0.13693486154079437, 0.4473555088043213, 0.37768077850341797, 0.5044894814491272, 0.5217002630233765, 0.556218147277832, 0.3686881363391876, 0.376586377620697, 0.6123643517494202, 0.5853337049484253, 0.44963857531547546, 0.49614375829696655]], "sfx.logattacktime.mean": [0.3496066927909851], "sfx.inharmonicity.mean": [0.5802555084228516]}