{"lowlevel.spectral_centroid.mean": [0.3835506737232208], "lowlevel.spectral_contrast.mean": [[0.35145556926727295, 1.0831291675567627, 0.6909424066543579, 0.5402243137359619, 0.4964933395385742, 0.3483119010925293]], "lowlevel.dissonance.mean": [-0.03103029727935791], "lowlevel.hfc.mean": [0.4831935167312622], "lowlevel.mfcc.mean": [[0.2645500898361206, 0.5353972911834717, 0.5563591122627258, 0.35940027236938477, 0.43786120414733887, 0.318625807762146, 0.3685034513473511, 0.5440991520881653, 0.674828052520752, 0.7029839754104614, 0.8786355257034302, 0.9700719714164734, 0.7327099442481995]], "sfx.logattacktime.mean": [0.2793006896972656], "sfx.inharmonicity.mean": [0.21668508648872375]}