{"lowlevel.spectral_centroid.mean": [0.36445361375808716], "lowlevel.spectral_contrast.mean": [[0.20251834392547607, 1.5098936557769775, 1.7329678535461426, 1.3980653285980225, 1.261972188949585, 0.7882063388824463]], "lowlevel.dissonance.mean": [-0.05269789695739746], "lowlevel.hfc.mean": [0.47350990772247314], "lowlevel.mfcc.mean": [[0.5450893640518188, 0.6379772424697876, -0.004481315612792969, 0.32271671295166016, 0.42368853092193604, 0.15624630451202393, 0.010850280523300171, 0.09887880086898804, 0.21548745036125183, -0.06994515657424927, -0.37354975938796997, -0.20138168334960938, 0.7035031914710999]], "sfx.logattacktime.mean": [0.3535717725753784], "sfx.inharmonicity.mean": [0.29851946234703064]}