{"lowlevel.spectral_centroid.mean": [0.3863716721534729], "lowlevel.spectral_contrast.mean": [[0.7268408536911011, 1.1874349117279053, 0.6406490802764893, 0.5989339351654053, 0.6205496788024902, 1.2476048469543457]], "lowlevel.dissonance.mean": [0.5401535034179688], "lowlevel.hfc.mean": [0.5371917486190796], "lowlevel.mfcc.mean": [[0.9694040417671204, 0.8412492275238037, 0.14154839515686035, 1.135451316833496, 0.23450756072998047, 0.4200584888458252, 0.2362569272518158, 0.006707191467285156, 0.1806086003780365, 0.18310466408729553, 0.22935330867767334, 0.5443222522735596, 0.5122599601745605]], "sfx.logattacktime.mean": [0.4876537024974823], "sfx.inharmonicity.mean": [0.48746219277381897]}