{"lowlevel.spectral_centroid.mean": [0.2900581657886505], "lowlevel.spectral_contrast.mean": [[1.1811460256576538, 0.5826413631439209, 0.49280285835266113, 0.3808162212371826, 0.3253188133239746, 0.45949625968933105]], "lowlevel.dissonance.mean": [0.3620108366012573], "lowlevel.hfc.mean": [0.46853476762771606], "lowlevel.mfcc.mean": [[0.560577392578125, 0.9375455379486084, 0.9073281288146973, 0.8178616166114807, 0.5687548518180847, 0.5500970482826233, 0.5742407441139221, 0.5097845196723938, 0.5441893339157104, 0.7385198473930359, 0.6361599564552307, 0.5476583242416382, 0.6252630949020386]], "sfx.logattacktime.mean": [0.5833492875099182], "sfx.inharmonicity.mean": [0.2141578197479248]}