{"lowlevel.spectral_centroid.mean": [0.38244491815567017], "lowlevel.spectral_contrast.mean": [[0.35365891456604004, 0.3570389747619629, 0.41451895236968994, 0.48075413703918457, 0.49308109283447266, 0.42172956466674805]], "lowlevel.dissonance.mean": [0.6710000038146973], "lowlevel.hfc.mean": [0.4661208391189575], "lowlevel.mfcc.mean": [[0.5565847158432007, 0.8173167705535889, 0.26230359077453613, 0.24170784652233124, 0.5234806537628174, 0.5119158029556274, 0.5103142261505127, 0.31456369161605835, 0.33710432052612305, 0.40929827094078064, 0.33647996187210083, 0.37453579902648926, 0.43365174531936646]], "sfx.logattacktime.mean": [0.693422794342041], "sfx.inharmonicity.mean": [0.48819926381111145]}