{"lowlevel.spectral_centroid.mean": [0.3489289879798889], "lowlevel.spectral_contrast.mean": [[0.5979804992675781, 0.8983057737350464, 0.7056524753570557, 0.5660836696624756, 0.4384145736694336, 0.36084699630737305]], "lowlevel.dissonance.mean": [0.06988358497619629], "lowlevel.hfc.mean": [0.465736985206604], "lowlevel.mfcc.mean": [[0.37974512577056885, 0.5858958959579468, 0.5159347653388977, 0.5514955520629883, 0.4727472960948944, 0.2911892235279083, 0.24901387095451355, 0.06926652789115906, 0.030065447092056274, 0.011945903301239014, -0.1709941029548645, -0.19790011644363403, -0.08549284934997559]], "sfx.logattacktime.mean": [0.37170302867889404], "sfx.inharmonicity.mean": [0.2587621212005615]}