{"lowlevel.spectral_centroid.mean": [0.3146105110645294], "lowlevel.spectral_contrast.mean": [[0.7308462858200073, 0.5093485116958618, 0.6275949478149414, 0.38790130615234375, 0.3029313087463379, 0.3294951915740967]], "lowlevel.dissonance.mean": [0.23268306255340576], "lowlevel.hfc.mean": [0.4701751470565796], "lowlevel.mfcc.mean": [[0.46900880336761475, 1.049950122833252, 0.9655133485794067, 0.7188076972961426, 0.5870184898376465, 0.6108885407447815, 0.6024805903434753, 0.5962050557136536, 0.5665987133979797, 0.5094200968742371, 0.4093724191188812, 0.2723378539085388, 0.28260594606399536]], "sfx.logattacktime.mean": [0.5195266008377075], "sfx.inharmonicity.mean": [0.3975871801376343]}