{"lowlevel.spectral_centroid.mean": [0.3382144272327423], "lowlevel.spectral_contrast.mean": [[0.8786224126815796, 0.3572690486907959, 0.3740236759185791, 0.3592524528503418, 0.34632229804992676, 0.3071577548980713]], "lowlevel.dissonance.mean": [0.5171321630477905], "lowlevel.hfc.mean": [0.4678102433681488], "lowlevel.mfcc.mean": [[0.20312464237213135, 0.5144195556640625, 0.8531913161277771, 0.8779680728912354, 0.9946637153625488, 0.9492919445037842, 0.9596384763717651, 0.9307249784469604, 0.8906328678131104, 0.7540572881698608, 0.7064477205276489, 0.6537176370620728, 0.5747158527374268]], "sfx.logattacktime.mean": [0.3101073205471039], "sfx.inharmonicity.mean": [0.20726636052131653]}