{"lowlevel.spectral_centroid.mean": [0.36008182168006897], "lowlevel.spectral_contrast.mean": [[0.9748613834381104, 1.4035873413085938, 1.4828121662139893, 1.3726184368133545, 1.0377832651138306, 0.7120559215545654]], "lowlevel.dissonance.mean": [0.144148588180542], "lowlevel.hfc.mean": [0.5448534488677979], "lowlevel.mfcc.mean": [[0.8244403600692749, 0.7384936809539795, 0.05157122015953064, 0.3058997094631195, -0.026197969913482666, 0.10568615794181824, 0.32025405764579773, 0.2999265789985657, 0.4982888102531433, 0.3258126974105835, 0.3522125482559204, 0.5812742710113525, 0.22144263982772827]], "sfx.logattacktime.mean": [0.5648484826087952], "sfx.inharmonicity.mean": [0.28748583793640137]}