{"lowlevel.spectral_centroid.mean": [0.3048156797885895], "lowlevel.spectral_contrast.mean": [[1.0778038501739502, 0.642235517501831, 0.6018208265304565, 0.5720474720001221, 0.3906271457672119, 0.39058637619018555]], "lowlevel.dissonance.mean": [0.4795362949371338], "lowlevel.hfc.mean": [0.477143794298172], "lowlevel.mfcc.mean": [[0.6657928228378296, 1.0794410705566406, 0.8848351240158081, 0.47613221406936646, 0.45407190918922424, 0.8081374764442444, 0.6573954820632935, 0.5710336565971375, 0.8168615102767944, 0.5810867547988892, 0.6705684065818787, 0.7373533248901367, 0.7281201481819153]], "sfx.logattacktime.mean": [0.5579481720924377], "sfx.inharmonicity.mean": [0.21802426874637604]}