{"lowlevel.spectral_centroid.mean": [0.6495359539985657], "lowlevel.spectral_contrast.mean": [[0.5289086103439331, 0.19877409934997559, 0.24003171920776367, 0.7645885944366455, 0.8671309947967529, 0.7752642631530762]], "lowlevel.dissonance.mean": [0.6782454252243042], "lowlevel.hfc.mean": [0.5104286074638367], "lowlevel.mfcc.mean": [[0.2092074155807495, 0.0970122367143631, 0.6377111673355103, 0.4831085801124573, 0.8018561601638794, 1.185002326965332, 0.8260246515274048, 0.27749937772750854, 0.7402777671813965, 1.3593530654907227, 0.4904094338417053, 1.0998756885528564, -0.1741061806678772]], "sfx.logattacktime.mean": [0.5753849148750305], "sfx.inharmonicity.mean": [0.5494260787963867]}