{"lowlevel.spectral_centroid.mean": [0.46297594904899597], "lowlevel.spectral_contrast.mean": [[0.5348714590072632, 0.5629407167434692, 0.6904834508895874, 0.5415804386138916, 0.6063258647918701, 1.1764748096466064]], "lowlevel.dissonance.mean": [0.6007107496261597], "lowlevel.hfc.mean": [0.5607733130455017], "lowlevel.mfcc.mean": [[0.8382179737091064, 0.6403408050537109, 0.11829358339309692, 0.8514589071273804, 0.23209258913993835, 0.4481434226036072, 0.43271148204803467, 0.43316322565078735, 0.5050932765007019, 0.5190582871437073, 0.33094456791877747, 0.4015837609767914, 0.22956565022468567]], "sfx.logattacktime.mean": [0.38660499453544617], "sfx.inharmonicity.mean": [1.0443989038467407]}