{"lowlevel.spectral_centroid.mean": [0.3475368320941925], "lowlevel.spectral_contrast.mean": [[0.8169347643852234, 0.5567662715911865, 0.6379213333129883, 0.4951186180114746, 0.41192197799682617, 0.3603518009185791]], "lowlevel.dissonance.mean": [0.12346351146697998], "lowlevel.hfc.mean": [0.47075536847114563], "lowlevel.mfcc.mean": [[0.3072854280471802, 0.612933337688446, 0.6998214721679688, 0.5751312971115112, 0.611700713634491, 0.40001970529556274, 0.3948907256126404, 0.47061747312545776, 0.3086211085319519, 0.0799274742603302, 0.01937618851661682, -0.04553264379501343, -0.09598791599273682]], "sfx.logattacktime.mean": [0.2832176685333252], "sfx.inharmonicity.mean": [0.39907658100128174]}