{"lowlevel.spectral_centroid.mean": [0.3037169873714447], "lowlevel.spectral_contrast.mean": [[0.6051816940307617, 0.3247261047363281, 0.1976490020751953, 0.2015824317932129, 0.1896374225616455, 0.2400679588317871]], "lowlevel.dissonance.mean": [0.3390374183654785], "lowlevel.hfc.mean": [0.465726763010025], "lowlevel.mfcc.mean": [[0.17008280754089355, 0.42669862508773804, 0.7825005054473877, 0.8443922996520996, 0.9370821714401245, 0.8880456686019897, 0.8409416675567627, 0.7333249449729919, 0.7344199419021606, 0.6359174251556396, 0.5754809379577637, 0.4933699071407318, 0.4816780984401703]], "sfx.logattacktime.mean": [0.1708206832408905], "sfx.inharmonicity.mean": [0.22809331119060516]}