{"lowlevel.spectral_centroid.mean": [0.3393942713737488], "lowlevel.spectral_contrast.mean": [[0.7451283931732178, 0.2335587739944458, 1.0044759511947632, 1.1704708337783813, 0.8581075668334961, 0.3732318878173828]], "lowlevel.dissonance.mean": [0.2460308074951172], "lowlevel.hfc.mean": [0.4699229598045349], "lowlevel.mfcc.mean": [[0.2923215627670288, 0.46610379219055176, 0.24974413216114044, 0.12549841403961182, 0.678080677986145, 1.111069917678833, 1.2549638748168945, 0.9745871424674988, 0.6385087966918945, 0.5525651574134827, 0.719674825668335, 0.8330123424530029, 0.7282170057296753]], "sfx.logattacktime.mean": [0.27980393171310425], "sfx.inharmonicity.mean": [0.5297847390174866]}