{"lowlevel.spectral_centroid.mean": [0.3323840796947479], "lowlevel.spectral_contrast.mean": [[0.5940879583358765, 0.36384153366088867, 0.37500739097595215, 0.3700251579284668, 0.3455188274383545, 0.2783238887786865]], "lowlevel.dissonance.mean": [0.4227721691131592], "lowlevel.hfc.mean": [0.4673067033290863], "lowlevel.mfcc.mean": [[0.26939141750335693, 0.5997365713119507, 0.6927111744880676, 0.5496771335601807, 0.6610947251319885, 0.6489631533622742, 0.6945800185203552, 0.6631597280502319, 0.6989476680755615, 0.6482546925544739, 0.6352646350860596, 0.6094220280647278, 0.6251843571662903]], "sfx.logattacktime.mean": [0.7395633459091187], "sfx.inharmonicity.mean": [0.22672900557518005]}