{"lowlevel.spectral_centroid.mean": [0.30958127975463867], "lowlevel.spectral_contrast.mean": [[0.422146201133728, 0.5416402816772461, 0.46544575691223145, 0.4315762519836426, 0.34858059883117676, 0.28079915046691895]], "lowlevel.dissonance.mean": [0.47949230670928955], "lowlevel.hfc.mean": [0.46515676379203796], "lowlevel.mfcc.mean": [[0.315948486328125, 0.814189076423645, 1.001533031463623, 0.6340377926826477, 0.5562000870704651, 0.5265060067176819, 0.5237855315208435, 0.43978002667427063, 0.4776870012283325, 0.4889010787010193, 0.5208333730697632, 0.48019784688949585, 0.48197656869888306]], "sfx.logattacktime.mean": [0.3984440565109253], "sfx.inharmonicity.mean": [0.210697740316391]}