{"lowlevel.spectral_centroid.mean": [0.3782108724117279], "lowlevel.spectral_contrast.mean": [[0.4425997734069824, 0.5031523704528809, 0.5760449171066284, 0.5835316181182861, 0.8768415451049805, 0.6333565711975098]], "lowlevel.dissonance.mean": [0.6249139308929443], "lowlevel.hfc.mean": [0.472258597612381], "lowlevel.mfcc.mean": [[0.6962217092514038, 0.9336636066436768, 0.12255239486694336, 0.37763553857803345, 0.39306017756462097, 0.1648850440979004, 0.28820645809173584, 0.4933449327945709, 0.4233664572238922, 0.40917280316352844, 0.37925082445144653, 0.3726206123828888, 0.5804277658462524]], "sfx.logattacktime.mean": [0.7588368058204651], "sfx.inharmonicity.mean": [0.5193390846252441]}