{"lowlevel.spectral_centroid.mean": [0.4506610631942749], "lowlevel.spectral_contrast.mean": [[0.5903286933898926, 0.5017015933990479, 0.5303789377212524, 0.540198564529419, 0.5742192268371582, 1.2056663036346436]], "lowlevel.dissonance.mean": [0.6443262100219727], "lowlevel.hfc.mean": [0.5367286801338196], "lowlevel.mfcc.mean": [[0.8626264333724976, 0.6636627912521362, 0.13074684143066406, 0.879369854927063, 0.21988549828529358, 0.46781954169273376, 0.38324788212776184, 0.3623841404914856, 0.3945492208003998, 0.48395636677742004, 0.39858150482177734, 0.5136007070541382, 0.26228320598602295]], "sfx.logattacktime.mean": [0.3812066316604614], "sfx.inharmonicity.mean": [0.6089632511138916]}