{"lowlevel.spectral_centroid.mean": [0.3550790250301361], "lowlevel.spectral_contrast.mean": [[0.6374093294143677, 1.0079671144485474, 0.9759969711303711, 0.9629708528518677, 0.8802516460418701, 0.4779808521270752]], "lowlevel.dissonance.mean": [0.12941575050354004], "lowlevel.hfc.mean": [0.4708717465400696], "lowlevel.mfcc.mean": [[0.5319200754165649, 0.8140000104904175, 0.2804936170578003, 0.23636215925216675, 0.42002928256988525, 0.23517177999019623, 0.003645002841949463, -0.1405312418937683, -0.015840590000152588, 0.1656416356563568, 0.3225581645965576, 0.46826791763305664, 0.7790082693099976]], "sfx.logattacktime.mean": [0.8111053705215454], "sfx.inharmonicity.mean": [0.41145312786102295]}