{"lowlevel.spectral_centroid.mean": [0.8953274488449097], "lowlevel.spectral_contrast.mean": [[0.5187920331954956, 0.19842529296875, 0.2380964756011963, 0.6121315956115723, 0.36330318450927734, 0.9727818965911865]], "lowlevel.dissonance.mean": [0.7109789848327637], "lowlevel.hfc.mean": [0.5454901456832886], "lowlevel.mfcc.mean": [[0.23622453212738037, 0.02985687553882599, 0.658389687538147, 0.41802334785461426, 0.8750100135803223, 0.9241079092025757, 0.9483097791671753, 0.2585003972053528, 0.9729548692703247, 1.0664429664611816, 0.4396677017211914, 1.3759729862213135, -0.018207550048828125]], "sfx.logattacktime.mean": [0.6315229535102844], "sfx.inharmonicity.mean": [0.5352016687393188]}