{"lowlevel.spectral_centroid.mean": [0.3509814143180847], "lowlevel.spectral_contrast.mean": [[0.513562798500061, 0.4746190309524536, 0.3664400577545166, 0.22590255737304688, 0.22846174240112305, 0.21915888786315918]], "lowlevel.dissonance.mean": [0.1746823787689209], "lowlevel.hfc.mean": [0.4652700424194336], "lowlevel.mfcc.mean": [[0.17235422134399414, 0.46859458088874817, 0.788788914680481, 0.7028416991233826, 0.7163993716239929, 0.6230812072753906, 0.6140145063400269, 0.5651507377624512, 0.6255210041999817, 0.5882923603057861, 0.5916932225227356, 0.5989381074905396, 0.625406801700592]], "sfx.logattacktime.mean": [0.18992599844932556], "sfx.inharmonicity.mean": [0.21750538051128387]}