{"lowlevel.spectral_centroid.mean": [0.3422444760799408], "lowlevel.spectral_contrast.mean": [[0.5482990741729736, 0.7926129102706909, 0.7169415950775146, 0.43418073654174805, 0.3522815704345703, 0.3150143623352051]], "lowlevel.dissonance.mean": [0.08528244495391846], "lowlevel.hfc.mean": [0.4658554494380951], "lowlevel.mfcc.mean": [[0.3226356506347656, 0.6442859768867493, 0.6000504493713379, 0.2603914141654968, 0.14187222719192505, 0.04544597864151001, 0.16394168138504028, 0.12462776899337769, 0.17405420541763306, 0.11525982618331909, 0.06290993094444275, 0.145199716091156, 0.33862751722335815]], "sfx.logattacktime.mean": [0.15821623802185059], "sfx.inharmonicity.mean": [0.4574531316757202]}