{"lowlevel.spectral_centroid.mean": [0.3704596161842346], "lowlevel.spectral_contrast.mean": [[0.42548859119415283, 1.383915662765503, 1.258870244026184, 1.1446021795272827, 1.3119053840637207, 0.7527737617492676]], "lowlevel.dissonance.mean": [0.44390809535980225], "lowlevel.hfc.mean": [0.5284423828125], "lowlevel.mfcc.mean": [[0.8148632049560547, 0.542622983455658, 0.07290840148925781, 0.6682522892951965, 0.3192695677280426, 0.17688706517219543, 0.287724107503891, 0.38338321447372437, -0.1624656319618225, -0.20321863889694214, 0.09563973546028137, 0.7492725849151611, 0.9860833883285522]], "sfx.logattacktime.mean": [0.5470463037490845], "sfx.inharmonicity.mean": [1.136739730834961]}