{"lowlevel.spectral_centroid.mean": [0.33912771940231323], "lowlevel.spectral_contrast.mean": [[0.12080085277557373, 1.8970481157302856, 0.23754024505615234, 0.1481189727783203, 0.16627240180969238, 0.25375795364379883]], "lowlevel.dissonance.mean": [-0.8623276948928833], "lowlevel.hfc.mean": [0.6104819774627686], "lowlevel.mfcc.mean": [[0.3597344160079956, 0.7334599494934082, 0.7629788517951965, 0.4583646059036255, 0.18259957432746887, -0.1601993441581726, -0.3996838927268982, -0.4599921703338623, -0.31936031579971313, -0.006458669900894165, 0.46412405371665955, 0.9663712978363037, 1.4043883085250854]], "sfx.logattacktime.mean": [0.283589631319046], "sfx.inharmonicity.mean": [0.31399768590927124]}