{"lowlevel.spectral_centroid.mean": [0.30270132422447205], "lowlevel.spectral_contrast.mean": [[0.5626785755157471, 0.5951906442642212, 0.24055123329162598, 0.19275999069213867, 0.18875813484191895, 0.23518157005310059]], "lowlevel.dissonance.mean": [0.28072309494018555], "lowlevel.hfc.mean": [0.46550410985946655], "lowlevel.mfcc.mean": [[0.17013049125671387, 0.4560215473175049, 0.8308659791946411, 0.846969485282898, 0.8786243200302124, 0.7679809331893921, 0.6933355927467346, 0.5857548117637634, 0.5979734659194946, 0.5578956007957458, 0.5883857607841492, 0.5954767465591431, 0.6315940618515015]], "sfx.logattacktime.mean": [0.3349214494228363], "sfx.inharmonicity.mean": [0.21597959101200104]}