{"lowlevel.spectral_centroid.mean": [0.3411914110183716], "lowlevel.spectral_contrast.mean": [[0.9147427678108215, 0.8265141248703003, 0.856972336769104, 0.6182265281677246, 0.8572795391082764, 0.47810935974121094]], "lowlevel.dissonance.mean": [0.3572036027908325], "lowlevel.hfc.mean": [0.48429110646247864], "lowlevel.mfcc.mean": [[0.6516835689544678, 0.955794095993042, 0.5976179838180542, 0.3863133490085602, 0.8618127107620239, -0.032909661531448364, 0.05517160892486572, 0.5824078917503357, 0.2979157269001007, 0.49454420804977417, 0.1064893901348114, -0.05634433031082153, 0.11777842044830322]], "sfx.logattacktime.mean": [0.9960055351257324], "sfx.inharmonicity.mean": [0.341653048992157]}