{"lowlevel.spectral_centroid.mean": [0.3575809597969055], "lowlevel.spectral_contrast.mean": [[0.7591847777366638, 0.9935866594314575, 1.0618199110031128, 1.0849229097366333, 1.132239818572998, 0.9664392471313477]], "lowlevel.dissonance.mean": [0.32469642162323], "lowlevel.hfc.mean": [0.4732303321361542], "lowlevel.mfcc.mean": [[0.8156642913818359, 0.76384437084198, 0.4325910806655884, 0.43718135356903076, 0.2562059164047241, 0.41592198610305786, 0.3255564570426941, 0.28365278244018555, 0.10855597257614136, 0.20274800062179565, 0.19568082690238953, 0.3291696310043335, 0.4243691861629486]], "sfx.logattacktime.mean": [0.7428325414657593], "sfx.inharmonicity.mean": [0.8671835660934448]}