{"lowlevel.spectral_centroid.mean": [0.9152741432189941], "lowlevel.spectral_contrast.mean": [[0.1241840124130249, 0.18672382831573486, 0.21250534057617188, 1.1650153398513794, 0.4780008792877197, 0.29053544998168945]], "lowlevel.dissonance.mean": [0.4346895217895508], "lowlevel.hfc.mean": [0.4701959788799286], "lowlevel.mfcc.mean": [[0.10884153842926025, 0.16349820792675018, 0.3316131830215454, 0.27023977041244507, 0.5015135407447815, 0.6461739540100098, 0.8036707639694214, 0.44765156507492065, -0.021890103816986084, 0.20077583193778992, 1.0615019798278809, 1.0609863996505737, 0.2703247666358948]], "sfx.logattacktime.mean": [0.2030888795852661], "sfx.inharmonicity.mean": [0.7424678802490234]}