{"lowlevel.spectral_centroid.mean": [0.4531272351741791], "lowlevel.spectral_contrast.mean": [[0.4945014715194702, 0.3350682258605957, 1.3789217472076416, 1.4987499713897705, 1.476365089416504, 1.0475125312805176]], "lowlevel.dissonance.mean": [0.3659651279449463], "lowlevel.hfc.mean": [0.5410241484642029], "lowlevel.mfcc.mean": [[0.7521750926971436, 0.2236400842666626, 0.20743098855018616, 0.38345983624458313, 0.15531161427497864, 0.5373165011405945, 0.4183180630207062, 0.913739800453186, 0.6951099038124084, 1.0290330648422241, 1.1202746629714966, 0.4642292261123657, 0.007514446973800659]], "sfx.logattacktime.mean": [0.5942973494529724], "sfx.inharmonicity.mean": [0.4514082074165344]}