{"lowlevel.spectral_centroid.mean": [0.3121969997882843], "lowlevel.spectral_contrast.mean": [[0.5712310075759888, 0.5338443517684937, 0.46779751777648926, 0.4444854259490967, 0.36846017837524414, 0.29410481452941895]], "lowlevel.dissonance.mean": [0.5939444303512573], "lowlevel.hfc.mean": [0.46520838141441345], "lowlevel.mfcc.mean": [[0.3416271209716797, 0.8549140691757202, 0.978001594543457, 0.5788745880126953, 0.5466017127037048, 0.5245477557182312, 0.4993148744106293, 0.4300743043422699, 0.4841735363006592, 0.467673122882843, 0.4670369625091553, 0.4356469213962555, 0.47031891345977783]], "sfx.logattacktime.mean": [0.3912924826145172], "sfx.inharmonicity.mean": [0.2779693603515625]}