{"lowlevel.spectral_centroid.mean": [0.3172239363193512], "lowlevel.spectral_contrast.mean": [[0.5869507789611816, 0.5585536956787109, 0.5603832006454468, 0.35617971420288086, 0.29894423484802246, 0.3652994632720947]], "lowlevel.dissonance.mean": [0.23358845710754395], "lowlevel.hfc.mean": [0.46633681654930115], "lowlevel.mfcc.mean": [[0.39009344577789307, 0.9317021369934082, 0.9701740741729736, 0.536678671836853, 0.38870954513549805, 0.28418952226638794, 0.4997802674770355, 0.6169506907463074, 0.5077210664749146, 0.29031485319137573, 0.25383085012435913, 0.2767498195171356, 0.4088597297668457]], "sfx.logattacktime.mean": [0.37455230951309204], "sfx.inharmonicity.mean": [0.2322608232498169]}