{"lowlevel.spectral_centroid.mean": [0.44239920377731323], "lowlevel.spectral_contrast.mean": [[0.4625720977783203, 0.5358189344406128, 0.6105420589447021, 0.6620151996612549, 0.7434628009796143, 0.6596047878265381]], "lowlevel.dissonance.mean": [0.6987960338592529], "lowlevel.hfc.mean": [0.49287474155426025], "lowlevel.mfcc.mean": [[0.6780555248260498, 0.5635958909988403, 0.09759536385536194, -0.0309811532497406, 0.4586453437805176, 0.39585739374160767, 0.42720407247543335, 0.020783931016921997, 0.8634545207023621, 0.2631475329399109, 0.4069385826587677, 0.28633829951286316, 0.10566133260726929]], "sfx.logattacktime.mean": [0.37388426065444946], "sfx.inharmonicity.mean": [0.78559410572052]}