{"lowlevel.spectral_centroid.mean": [0.3975151777267456], "lowlevel.spectral_contrast.mean": [[0.5058424472808838, 1.0383275747299194, 0.945594310760498, 1.0840214490890503, 0.8374474048614502, 0.6303343772888184]], "lowlevel.dissonance.mean": [0.4025000333786011], "lowlevel.hfc.mean": [0.4704686105251312], "lowlevel.mfcc.mean": [[0.5045560598373413, 0.38442981243133545, 0.1298300325870514, 0.39142048358917236, 0.33854156732559204, 0.26518702507019043, 0.3112519383430481, 0.18418589234352112, 0.21926763653755188, 0.03554427623748779, 0.021857917308807373, 0.15395605564117432, 0.3914574980735779]], "sfx.logattacktime.mean": [0.5488553643226624], "sfx.inharmonicity.mean": [0.3036503791809082]}