{"lowlevel.spectral_centroid.mean": [0.43107956647872925], "lowlevel.spectral_contrast.mean": [[0.8891422748565674, 0.5478459596633911, 0.3713033199310303, 0.3720967769622803, 0.40610742568969727, 0.4138157367706299]], "lowlevel.dissonance.mean": [0.21113204956054688], "lowlevel.hfc.mean": [0.47319620847702026], "lowlevel.mfcc.mean": [[0.3811861276626587, 0.5818228721618652, 0.6933444738388062, 0.8895838260650635, 0.7467636466026306, 0.576668381690979, 0.47312131524086, 0.4189876616001129, 0.5290102958679199, 0.5861570239067078, 0.5136426687240601, 0.37681514024734497, 0.35853201150894165]], "sfx.logattacktime.mean": [0.6096689105033875], "sfx.inharmonicity.mean": [0.34091728925704956]}