{"lowlevel.spectral_centroid.mean": [0.350181519985199], "lowlevel.spectral_contrast.mean": [[0.8191544413566589, 0.6199359893798828, 0.5345112085342407, 0.4230012893676758, 0.38533663749694824, 0.3187985420227051]], "lowlevel.dissonance.mean": [0.11365270614624023], "lowlevel.hfc.mean": [0.46868661046028137], "lowlevel.mfcc.mean": [[0.23298346996307373, 0.5789813995361328, 0.8031882047653198, 0.6657973527908325, 0.683468222618103, 0.4893183708190918, 0.4327467679977417, 0.4708516299724579, 0.44846799969673157, 0.24152043461799622, 0.2014535367488861, 0.152795672416687, 0.035371094942092896]], "sfx.logattacktime.mean": [0.22743195295333862], "sfx.inharmonicity.mean": [0.24214252829551697]}