{"lowlevel.spectral_centroid.mean": [0.3281819224357605], "lowlevel.spectral_contrast.mean": [[0.732923686504364, 0.597486138343811, 0.5643045902252197, 0.2691934108734131, 0.20869112014770508, 0.23932552337646484]], "lowlevel.dissonance.mean": [-0.11101800203323364], "lowlevel.hfc.mean": [0.4657157063484192], "lowlevel.mfcc.mean": [[0.16677236557006836, 0.3933373689651489, 0.6444821357727051, 0.4967343807220459, 0.4847385287284851, 0.43301352858543396, 0.4310097098350525, 0.3521287739276886, 0.3449707627296448, 0.25474312901496887, 0.2586437463760376, 0.1882305145263672, 0.14428994059562683]], "sfx.logattacktime.mean": [0.2627454996109009], "sfx.inharmonicity.mean": [0.2091895490884781]}