{"lowlevel.spectral_centroid.mean": [0.4136532247066498], "lowlevel.spectral_contrast.mean": [[0.3621634244918823, 0.39362478256225586, 1.2462453842163086, 0.5375332832336426, 0.5638210773468018, 0.37409257888793945]], "lowlevel.dissonance.mean": [0.3485983610153198], "lowlevel.hfc.mean": [0.4880712926387787], "lowlevel.mfcc.mean": [[0.34079480171203613, 0.5174497365951538, 0.4795803129673004, 0.36925920844078064, 0.5053961277008057, 0.5472525358200073, 1.0739545822143555, 1.1565576791763306, 0.596824049949646, -0.05005556344985962, -0.30149519443511963, 0.09988495707511902, 0.6909278035163879]], "sfx.logattacktime.mean": [0.37465357780456543], "sfx.inharmonicity.mean": [1.3559449911117554]}