{"lowlevel.spectral_centroid.mean": [0.3896157741546631], "lowlevel.spectral_contrast.mean": [[0.1862105131149292, 1.542463779449463, 1.5526258945465088, 1.5766948461532593, 1.4070813655853271, 0.9283356666564941]], "lowlevel.dissonance.mean": [0.12220239639282227], "lowlevel.hfc.mean": [0.4823381304740906], "lowlevel.mfcc.mean": [[0.5186227560043335, 0.3839402496814728, 0.02848377823829651, 0.5038335919380188, 0.08272284269332886, 0.2331337034702301, 0.552861750125885, 0.3042941689491272, 0.12269759178161621, 0.8936635255813599, 1.5246541500091553, 1.237593650817871, 1.0699148178100586]], "sfx.logattacktime.mean": [0.34133589267730713], "sfx.inharmonicity.mean": [0.22650651633739471]}