{"lowlevel.spectral_centroid.mean": [0.3650568425655365], "lowlevel.spectral_contrast.mean": [[0.4676322937011719, 0.9601306915283203, 0.7937613725662231, 0.8609209060668945, 0.8228199481964111, 0.5943934917449951]], "lowlevel.dissonance.mean": [0.17731571197509766], "lowlevel.hfc.mean": [0.47717559337615967], "lowlevel.mfcc.mean": [[0.6034923791885376, 0.7313817739486694, 0.6272711753845215, 0.39622995257377625, 0.4415636658668518, 0.030451148748397827, 0.5769842267036438, 0.6404249668121338, -0.09496879577636719, 0.0007076263427734375, 0.7474681735038757, -0.008736252784729004, 0.6949059367179871]], "sfx.logattacktime.mean": [0.7013728022575378], "sfx.inharmonicity.mean": [0.2986374795436859]}