{"lowlevel.spectral_centroid.mean": [0.32974064350128174], "lowlevel.spectral_contrast.mean": [[0.9188048243522644, 0.31870460510253906, 0.3487739562988281, 0.3393881320953369, 0.3316330909729004, 0.3039512634277344]], "lowlevel.dissonance.mean": [0.5708938837051392], "lowlevel.hfc.mean": [0.46885547041893005], "lowlevel.mfcc.mean": [[0.24090564250946045, 0.5560297966003418, 0.8652768135070801, 0.9002573490142822, 0.9962411522865295, 0.9521723985671997, 0.9620565176010132, 0.9287434816360474, 0.8764148354530334, 0.7351970672607422, 0.6803851127624512, 0.6192120909690857, 0.5426152944564819]], "sfx.logattacktime.mean": [0.44465088844299316], "sfx.inharmonicity.mean": [0.20629724860191345]}