{"lowlevel.spectral_centroid.mean": [0.44230949878692627], "lowlevel.spectral_contrast.mean": [[0.39920735359191895, 0.4884178638458252, 0.5387328863143921, 0.630183219909668, 0.6048014163970947, 0.5480751991271973]], "lowlevel.dissonance.mean": [0.6290038824081421], "lowlevel.hfc.mean": [0.4682543873786926], "lowlevel.mfcc.mean": [[0.6373080015182495, 0.6278343200683594, 0.10199379920959473, 0.5780558586120605, 0.3157866895198822, 0.1799103319644928, 0.40157029032707214, 0.19490757584571838, 0.15011313557624817, 0.4879462718963623, 0.5193362236022949, 0.27003663778305054, 0.34670162200927734]], "sfx.logattacktime.mean": [0.1854153275489807], "sfx.inharmonicity.mean": [0.7152940034866333]}