{"lowlevel.spectral_centroid.mean": [0.3334730267524719], "lowlevel.spectral_contrast.mean": [[0.8645458817481995, 0.38135528564453125, 0.36064648628234863, 0.34954357147216797, 0.35362768173217773, 0.30786561965942383]], "lowlevel.dissonance.mean": [0.4950106143951416], "lowlevel.hfc.mean": [0.4692746102809906], "lowlevel.mfcc.mean": [[0.22383463382720947, 0.5557149648666382, 0.8656626343727112, 0.8879227638244629, 1.000176191329956, 0.9109810590744019, 0.9045237302780151, 0.8988525867462158, 0.8457391858100891, 0.6756451725959778, 0.644423246383667, 0.6185081005096436, 0.5411443114280701]], "sfx.logattacktime.mean": [0.37120985984802246], "sfx.inharmonicity.mean": [0.20072317123413086]}