{"lowlevel.spectral_centroid.mean": [0.4866182208061218], "lowlevel.spectral_contrast.mean": [[0.8027275204658508, 0.7106099128723145, 0.31461310386657715, 0.30923914909362793, 0.35211920738220215, 0.41785597801208496]], "lowlevel.dissonance.mean": [0.4346107244491577], "lowlevel.hfc.mean": [0.47390055656433105], "lowlevel.mfcc.mean": [[0.629704475402832, 0.3324514925479889, 0.9518169164657593, 0.9807423949241638, 0.8859951496124268, 0.6835862994194031, 0.42697903513908386, 0.27942565083503723, 0.1329014003276825, 0.11424520611763, 0.08677554130554199, 0.15117377042770386, 0.19092991948127747]], "sfx.logattacktime.mean": [0.336843878030777], "sfx.inharmonicity.mean": [0.4243009090423584]}