{"lowlevel.spectral_centroid.mean": [0.39597705006599426], "lowlevel.spectral_contrast.mean": [[0.32334601879119873, 0.34468555450439453, 1.3705142736434937, 0.7530546188354492, 0.579197883605957, 0.37331342697143555]], "lowlevel.dissonance.mean": [-0.14549291133880615], "lowlevel.hfc.mean": [0.4991948902606964], "lowlevel.mfcc.mean": [[0.32319557666778564, 0.559699296951294, 0.42924901843070984, 0.24700959026813507, 0.36150744557380676, 0.315395712852478, 0.6946717500686646, 1.0797364711761475, 1.1801328659057617, 0.9180384278297424, 0.3213299512863159, -0.39700692892074585, -0.7966140508651733]], "sfx.logattacktime.mean": [0.32017096877098083], "sfx.inharmonicity.mean": [0.2367057055234909]}