{"lowlevel.spectral_centroid.mean": [0.32341820001602173], "lowlevel.spectral_contrast.mean": [[0.6249856352806091, 0.7582496404647827, 0.6654523611068726, 0.4784533977508545, 0.4477684497833252, 0.3637392520904541]], "lowlevel.dissonance.mean": [0.5142313241958618], "lowlevel.hfc.mean": [0.46795615553855896], "lowlevel.mfcc.mean": [[0.4876211881637573, 0.9810863733291626, 0.7633693218231201, 0.4400453567504883, 0.5664185285568237, 0.4297657608985901, 0.15165001153945923, 0.23484238982200623, 0.5752614140510559, 0.5784814953804016, 0.30033978819847107, 0.06887409090995789, 0.24595266580581665]], "sfx.logattacktime.mean": [0.7787195444107056], "sfx.inharmonicity.mean": [0.25119656324386597]}