{"lowlevel.spectral_centroid.mean": [0.38427603244781494], "lowlevel.spectral_contrast.mean": [[0.3367511034011841, 1.1369602680206299, 0.6477838754653931, 0.7471423149108887, 0.5283520221710205, 0.3530287742614746]], "lowlevel.dissonance.mean": [0.00021058320999145508], "lowlevel.hfc.mean": [0.4831386208534241], "lowlevel.mfcc.mean": [[0.28373074531555176, 0.5457684993743896, 0.5038068294525146, 0.35002923011779785, 0.4621396064758301, 0.24328117072582245, 0.3208359479904175, 0.6367624998092651, 0.8768656253814697, 0.9526836276054382, 0.9706679582595825, 0.7362692952156067, 0.1765916645526886]], "sfx.logattacktime.mean": [0.2685994505882263], "sfx.inharmonicity.mean": [0.2184472680091858]}