{"lowlevel.spectral_centroid.mean": [0.46619850397109985], "lowlevel.spectral_contrast.mean": [[0.1393646001815796, 1.3383145332336426, 0.7840399742126465, 0.9192221164703369, 0.9052424430847168, 0.7367000579833984]], "lowlevel.dissonance.mean": [-0.08301246166229248], "lowlevel.hfc.mean": [0.47407960891723633], "lowlevel.mfcc.mean": [[0.3099566698074341, 0.20400190353393555, 0.20894396305084229, 0.34506314992904663, 0.07797271013259888, -0.11500835418701172, -0.15321481227874756, 0.08432230353355408, 0.4391612708568573, 0.8395965099334717, 1.1612145900726318, 1.3335800170898438, 1.4722318649291992]], "sfx.logattacktime.mean": [0.3832913041114807], "sfx.inharmonicity.mean": [0.3793890178203583]}