{"lowlevel.spectral_centroid.mean": [0.34789758920669556], "lowlevel.spectral_contrast.mean": [[0.9696077108383179, 0.803887128829956, 0.8810136318206787, 0.6837540864944458, 0.6709520816802979, 0.5258572101593018]], "lowlevel.dissonance.mean": [0.09630370140075684], "lowlevel.hfc.mean": [0.47061124444007874], "lowlevel.mfcc.mean": [[0.368099570274353, 0.5291236639022827, 0.6272661089897156, 0.7672255039215088, 0.5932536721229553, 0.4139126241207123, 0.34536755084991455, 0.4082792401313782, 0.5681430101394653, 0.6382166147232056, 0.5237874388694763, 0.3299081027507782, 0.26658618450164795]], "sfx.logattacktime.mean": [0.5538347959518433], "sfx.inharmonicity.mean": [0.22899875044822693]}