{"lowlevel.spectral_centroid.mean": [0.29194584488868713], "lowlevel.spectral_contrast.mean": [[1.5682474374771118, 0.5162093639373779, 0.7935632467269897, 1.0990922451019287, 0.7450096607208252, 0.6028769016265869]], "lowlevel.dissonance.mean": [0.5960922241210938], "lowlevel.hfc.mean": [0.47661030292510986], "lowlevel.mfcc.mean": [[0.6651706695556641, 0.39356887340545654, 0.16038429737091064, 0.23766227066516876, 0.487885981798172, 0.6798020005226135, 0.397513747215271, 0.8513450622558594, 1.424689769744873, 0.6446826457977295, 0.5732079744338989, 1.2486097812652588, 1.9023739099502563]], "sfx.logattacktime.mean": [0.6797205209732056], "sfx.inharmonicity.mean": [0.6353212594985962]}