{"lowlevel.spectral_centroid.mean": [0.320267915725708], "lowlevel.spectral_contrast.mean": [[0.47356534004211426, 0.6039193868637085, 0.5190383195877075, 0.39661622047424316, 0.2821962833404541, 0.23030591011047363]], "lowlevel.dissonance.mean": [0.1367131471633911], "lowlevel.hfc.mean": [0.46671971678733826], "lowlevel.mfcc.mean": [[0.18467438220977783, 0.947782039642334, 1.0278908014297485, 0.6615613698959351, 0.49839046597480774, 0.2776428461074829, 0.19151797890663147, 0.16003260016441345, 0.24952739477157593, 0.22038531303405762, 0.19747760891914368, 0.18273723125457764, 0.3363940119743347]], "sfx.logattacktime.mean": [0.6164007782936096], "sfx.inharmonicity.mean": [0.6926350593566895]}