{"lowlevel.spectral_centroid.mean": [0.30985766649246216], "lowlevel.spectral_contrast.mean": [[1.0891953706741333, 0.7553805112838745, 0.6989395618438721, 0.26955533027648926, 0.21155619621276855, 0.2222893238067627]], "lowlevel.dissonance.mean": [-0.14021432399749756], "lowlevel.hfc.mean": [0.47012463212013245], "lowlevel.mfcc.mean": [[0.36623823642730713, 0.9879220724105835, 1.3017094135284424, 0.9600836038589478, 0.611215353012085, 0.3606906533241272, 0.41842153668403625, 0.4843207895755768, 0.5281751751899719, 0.4356673061847687, 0.33191153407096863, 0.1449199914932251, 0.07326853275299072]], "sfx.logattacktime.mean": [0.5681883692741394], "sfx.inharmonicity.mean": [0.20527642965316772]}