{"lowlevel.spectral_centroid.mean": [0.3633013665676117], "lowlevel.spectral_contrast.mean": [[0.44030678272247314, 0.7891335487365723, 0.44387972354888916, 0.5356571674346924, 0.3980398178100586, 0.3568911552429199]], "lowlevel.dissonance.mean": [0.22935080528259277], "lowlevel.hfc.mean": [0.46598103642463684], "lowlevel.mfcc.mean": [[0.3192085027694702, 0.4577881395816803, 0.4683484733104706, 0.5174660682678223, 0.41872939467430115, 0.2340945154428482, 0.25272396206855774, 0.18138444423675537, 0.19488683342933655, 0.12245389819145203, 0.042094409465789795, 0.13201972842216492, 0.3728146553039551]], "sfx.logattacktime.mean": [0.31114548444747925], "sfx.inharmonicity.mean": [0.23590496182441711]}