{"lowlevel.spectral_centroid.mean": [0.38239437341690063], "lowlevel.spectral_contrast.mean": [[1.047100305557251, 0.7816797494888306, 0.639184832572937, 0.5149273872375488, 0.5841028690338135, 1.1439518928527832]], "lowlevel.dissonance.mean": [0.38379967212677], "lowlevel.hfc.mean": [0.5794000029563904], "lowlevel.mfcc.mean": [[0.9586350321769714, 0.9055025577545166, 0.24210679531097412, 1.1588478088378906, 0.3279695510864258, 0.5364590883255005, 0.5060566663742065, 0.2974467873573303, 0.41938698291778564, 0.27957409620285034, 0.1804998815059662, 0.2978760302066803, 0.15870869159698486]], "sfx.logattacktime.mean": [0.4134919047355652], "sfx.inharmonicity.mean": [0.46059659123420715]}