{"lowlevel.spectral_centroid.mean": [0.5898607969284058], "lowlevel.spectral_contrast.mean": [[0.17719125747680664, 0.3308314085006714, 0.6055384874343872, 0.6701319217681885, 0.7156190872192383, 0.7442824840545654]], "lowlevel.dissonance.mean": [0.7295019626617432], "lowlevel.hfc.mean": [0.4762353301048279], "lowlevel.mfcc.mean": [[0.5365746021270752, -0.017356902360916138, -0.24605390429496765, 0.3396495282649994, 0.4139363169670105, 0.8352423310279846, 0.6907140016555786, 0.6052227020263672, 0.5380995273590088, 0.6946949362754822, 0.3564002513885498, 0.5548564791679382, 0.7618659734725952]], "sfx.logattacktime.mean": [0.4440467357635498], "sfx.inharmonicity.mean": [0.815044641494751]}