{"lowlevel.spectral_centroid.mean": [0.34061408042907715], "lowlevel.spectral_contrast.mean": [[0.3699221611022949, 0.4072427749633789, 0.31243467330932617, 0.3938584327697754, 0.29595255851745605, 0.26104116439819336]], "lowlevel.dissonance.mean": [0.6144027709960938], "lowlevel.hfc.mean": [0.46509018540382385], "lowlevel.mfcc.mean": [[0.23205411434173584, 0.5491143465042114, 0.6374155879020691, 0.3235703110694885, 0.4244513511657715, 0.49476802349090576, 0.6182475090026855, 0.6087323427200317, 0.6338152289390564, 0.7508830428123474, 0.9406453371047974, 0.9061692357063293, 0.7770700454711914]], "sfx.logattacktime.mean": [0.7265272736549377], "sfx.inharmonicity.mean": [0.30587294697761536]}