{"lowlevel.spectral_centroid.mean": [0.3627218008041382], "lowlevel.spectral_contrast.mean": [[0.4409087896347046, 1.4868807792663574, 1.3846921920776367, 1.548456072807312, 1.1758817434310913, 0.6171848773956299]], "lowlevel.dissonance.mean": [0.22974002361297607], "lowlevel.hfc.mean": [0.5413528680801392], "lowlevel.mfcc.mean": [[0.7537404298782349, 0.5935992002487183, -0.027269095182418823, 0.46756312251091003, 0.2008373737335205, 0.1723077893257141, 0.4177420139312744, 0.3245813846588135, -0.22553062438964844, 0.2393401712179184, 0.7047266960144043, 1.1733930110931396, 1.0826228857040405]], "sfx.logattacktime.mean": [0.5179464817047119], "sfx.inharmonicity.mean": [0.2891317307949066]}