{"lowlevel.spectral_centroid.mean": [0.456265926361084], "lowlevel.spectral_contrast.mean": [[0.3964395523071289, 1.14256751537323, 0.5550614595413208, 1.8282990455627441, 1.5336958169937134, 0.7528476715087891]], "lowlevel.dissonance.mean": [0.4724940061569214], "lowlevel.hfc.mean": [0.5661637187004089], "lowlevel.mfcc.mean": [[0.7350836992263794, 0.4078863859176636, -0.07780620455741882, 0.5170668959617615, 0.4327196180820465, 0.36450839042663574, 0.5019173622131348, 0.723454475402832, 0.5510087013244629, 0.4119901657104492, 1.3650951385498047, 1.5209343433380127, 0.43000057339668274]], "sfx.logattacktime.mean": [0.5899038910865784], "sfx.inharmonicity.mean": [0.5319477319717407]}