{"lowlevel.spectral_centroid.mean": [0.36151909828186035], "lowlevel.spectral_contrast.mean": [[0.6006408929824829, 0.9017292261123657, 0.805213451385498, 0.5872855186462402, 0.507575511932373, 0.39690637588500977]], "lowlevel.dissonance.mean": [0.15908801555633545], "lowlevel.hfc.mean": [0.46663132309913635], "lowlevel.mfcc.mean": [[0.39144885540008545, 0.5349774360656738, 0.4036720395088196, 0.392515629529953, 0.2261808216571808, 0.09143996238708496, 0.2413640022277832, 0.1770721971988678, 0.17033320665359497, 0.20368331670761108, 0.19106552004814148, 0.2647120952606201, 0.2521427571773529]], "sfx.logattacktime.mean": [0.34945666790008545], "sfx.inharmonicity.mean": [0.3393373489379883]}