{"lowlevel.spectral_centroid.mean": [0.3827988803386688], "lowlevel.spectral_contrast.mean": [[0.37177109718322754, 1.0885281562805176, 0.6046547889709473, 0.6285185813903809, 0.4884617328643799, 0.36510205268859863]], "lowlevel.dissonance.mean": [0.1249086856842041], "lowlevel.hfc.mean": [0.4790058434009552], "lowlevel.mfcc.mean": [[0.3489856719970703, 0.5806028842926025, 0.550284206867218, 0.34727248549461365, 0.49132680892944336, 0.2580029368400574, 0.286296546459198, 0.5365288257598877, 0.7747278213500977, 0.9650523662567139, 0.9043936133384705, 0.8640598058700562, 0.3893541097640991]], "sfx.logattacktime.mean": [0.3339787721633911], "sfx.inharmonicity.mean": [0.38454484939575195]}