{"lowlevel.spectral_centroid.mean": [0.5275391340255737], "lowlevel.spectral_contrast.mean": [[0.17138612270355225, 0.1271679401397705, 0.9131213426589966, 1.3440309762954712, 1.211167573928833, 1.0920023918151855]], "lowlevel.dissonance.mean": [0.5477571487426758], "lowlevel.hfc.mean": [0.4804248809814453], "lowlevel.mfcc.mean": [[0.4591219425201416, -0.08472807705402374, -0.16511300206184387, 0.4526178538799286, 0.37607818841934204, 1.1395257711410522, 0.9078589677810669, 0.8598004579544067, 0.025793880224227905, -0.29948997497558594, 0.2452608048915863, 1.5018596649169922, 1.6242045164108276]], "sfx.logattacktime.mean": [0.4716475009918213], "sfx.inharmonicity.mean": [0.7086232900619507]}