{"lowlevel.spectral_centroid.mean": [0.3471394181251526], "lowlevel.spectral_contrast.mean": [[0.3316754102706909, 0.8579196929931641, 0.5634838342666626, 0.32619404792785645, 0.24924969673156738, 0.24654102325439453]], "lowlevel.dissonance.mean": [0.08758974075317383], "lowlevel.hfc.mean": [0.4685412347316742], "lowlevel.mfcc.mean": [[0.18960964679718018, 0.48564010858535767, 0.7430304884910583, 0.551800549030304, 0.49018609523773193, 0.33713337779045105, 0.25454020500183105, 0.12278693914413452, 0.08456027507781982, 0.019961029291152954, 0.06451138854026794, 0.13086295127868652, 0.286094069480896]], "sfx.logattacktime.mean": [0.17739513516426086], "sfx.inharmonicity.mean": [0.4689461588859558]}