{"lowlevel.spectral_centroid.mean": [0.9851055145263672], "lowlevel.spectral_contrast.mean": [[-0.010987639427185059, 0.0822829008102417, 1.101940393447876, 1.096593976020813, 0.1487901210784912, 0.19651007652282715]], "lowlevel.dissonance.mean": [0.023296117782592773], "lowlevel.hfc.mean": [0.5873197913169861], "lowlevel.mfcc.mean": [[0.21983635425567627, 0.37640756368637085, 0.2795979082584381, -0.1936144232749939, 0.024405181407928467, 0.7163664102554321, 1.2629194259643555, 1.0285539627075195, 0.3113664984703064, -0.42001408338546753, 0.003613770008087158, 0.7682218551635742, 1.0080091953277588]], "sfx.logattacktime.mean": [0.3582924008369446], "sfx.inharmonicity.mean": [1.039634108543396]}