{"lowlevel.spectral_centroid.mean": [0.578212559223175], "lowlevel.spectral_contrast.mean": [[0.582311749458313, 0.20381224155426025, 0.2348179817199707, 0.7502801418304443, 0.5779979228973389, 0.6402385234832764]], "lowlevel.dissonance.mean": [0.7151662111282349], "lowlevel.hfc.mean": [0.46996140480041504], "lowlevel.mfcc.mean": [[0.1793762445449829, 0.09308071434497833, 0.5214280486106873, 0.6298221349716187, 0.7776304483413696, 0.8710079193115234, 0.572969913482666, 0.6392805576324463, 1.016150712966919, 1.1143383979797363, 0.5968834161758423, 0.2522546052932739, 1.0628348588943481]], "sfx.logattacktime.mean": [0.5747954249382019], "sfx.inharmonicity.mean": [0.593306839466095]}