{"lowlevel.spectral_centroid.mean": [0.6688743829727173], "lowlevel.spectral_contrast.mean": [[0.5612380504608154, 0.20460999011993408, 0.2375185489654541, 0.2813084125518799, 0.8414740562438965, 0.9552035331726074]], "lowlevel.dissonance.mean": [0.7291028499603271], "lowlevel.hfc.mean": [0.47753143310546875], "lowlevel.mfcc.mean": [[0.21090054512023926, 0.05830088257789612, 0.5999420881271362, 0.6664420366287231, 0.7169710397720337, 0.9661900401115417, 0.28701427578926086, 1.3597465753555298, 0.9560669660568237, 0.2575939893722534, 0.9740468859672546, 1.0730888843536377, 0.54997718334198]], "sfx.logattacktime.mean": [0.45856356620788574], "sfx.inharmonicity.mean": [0.5757721066474915]}