{"lowlevel.spectral_centroid.mean": [0.49894607067108154], "lowlevel.spectral_contrast.mean": [[0.3388007879257202, 0.47986388206481934, 0.8310724496841431, 1.131533145904541, 0.873629093170166, 1.0761728286743164]], "lowlevel.dissonance.mean": [0.6072179079055786], "lowlevel.hfc.mean": [0.67520672082901], "lowlevel.mfcc.mean": [[0.839785099029541, 0.20935919880867004, -0.02088409662246704, -0.0019230842590332031, -0.03772085905075073, 0.6941273808479309, 0.6392539739608765, 0.4347195625305176, 0.4074510633945465, 0.09753081202507019, 0.5659353137016296, 0.8572037816047668, 1.0502164363861084]], "sfx.logattacktime.mean": [0.21925917267799377], "sfx.inharmonicity.mean": [0.707837700843811]}