{"lowlevel.spectral_centroid.mean": [0.4896940588951111], "lowlevel.spectral_contrast.mean": [[0.20734572410583496, 0.9098231792449951, 1.172706127166748, 1.2898057699203491, 0.44298243522644043, 0.38289642333984375]], "lowlevel.dissonance.mean": [0.4239746332168579], "lowlevel.hfc.mean": [0.4935941696166992], "lowlevel.mfcc.mean": [[0.6068891286849976, 0.28134024143218994, 0.08475902676582336, -0.2828459143638611, 0.3960369825363159, 0.6587757468223572, 0.1799544095993042, -0.019993454217910767, 0.24077096581459045, 0.6477886438369751, 0.8778396844863892, 0.9970739483833313, 0.8509986400604248]], "sfx.logattacktime.mean": [0.2302461862564087], "sfx.inharmonicity.mean": [0.5207409858703613]}