{"lowlevel.spectral_centroid.mean": [0.3525204658508301], "lowlevel.spectral_contrast.mean": [[0.41912972927093506, 0.670732855796814, 0.8198351860046387, 0.7837082147598267, 0.5337686538696289, 0.2682349681854248]], "lowlevel.dissonance.mean": [0.25961506366729736], "lowlevel.hfc.mean": [0.4664716124534607], "lowlevel.mfcc.mean": [[0.454257607460022, 0.9447435140609741, 0.6186841726303101, 0.052318960428237915, 0.24029232561588287, 0.3204399347305298, 0.3747784495353699, 0.30743908882141113, 0.3715642988681793, 0.49757033586502075, 0.4733530879020691, 0.16197627782821655, 0.09952720999717712]], "sfx.logattacktime.mean": [0.33240175247192383], "sfx.inharmonicity.mean": [0.6404540538787842]}