{"lowlevel.spectral_centroid.mean": [0.37401193380355835], "lowlevel.spectral_contrast.mean": [[0.42055749893188477, 0.5945577621459961, 0.831575870513916, 0.8420722484588623, 0.6884095668792725, 0.36762261390686035]], "lowlevel.dissonance.mean": [0.3781484365463257], "lowlevel.hfc.mean": [0.47166505455970764], "lowlevel.mfcc.mean": [[0.4677450656890869, 1.0687159299850464, 0.3895553946495056, 0.11644935607910156, 0.2770994305610657, 0.3158141076564789, 0.4392355978488922, 0.46335533261299133, 0.42998525500297546, 0.3529098927974701, 0.42182424664497375, 0.4512152671813965, 0.4580398201942444]], "sfx.logattacktime.mean": [1.0775399208068848], "sfx.inharmonicity.mean": [0.9291794300079346]}