{"lowlevel.spectral_centroid.mean": [0.6890826225280762], "lowlevel.spectral_contrast.mean": [[0.5272809267044067, 1.0041426420211792, 1.1233197450637817, 1.2778140306472778, 1.3911142349243164, 1.1624603271484375]], "lowlevel.dissonance.mean": [0.04221057891845703], "lowlevel.hfc.mean": [0.48596176505088806], "lowlevel.mfcc.mean": [[0.4187692403793335, -0.00013783574104309082, 0.04557102918624878, 0.632642924785614, 0.23659399151802063, 0.17156612873077393, 0.6059861779212952, 0.3310633897781372, 1.2157542705535889, 1.5690851211547852, 0.9972772598266602, 1.312779426574707, 0.45411261916160583]], "sfx.logattacktime.mean": [0.2553766965866089], "sfx.inharmonicity.mean": [0.3980029225349426]}