{"lowlevel.spectral_centroid.mean": [0.3275710940361023], "lowlevel.spectral_contrast.mean": [[0.6536978483200073, 0.5309398174285889, 0.5874723196029663, 0.5720169544219971, 0.550260066986084, 0.38184213638305664]], "lowlevel.dissonance.mean": [0.3262348175048828], "lowlevel.hfc.mean": [0.47184741497039795], "lowlevel.mfcc.mean": [[0.5393474102020264, 1.006202220916748, 0.6412962675094604, 0.5173139572143555, 0.6178309917449951, 0.48404866456985474, 0.5947778224945068, 0.5387639999389648, 0.5499932765960693, 0.5221700072288513, 0.5129360556602478, 0.4521019160747528, 0.46210673451423645]], "sfx.logattacktime.mean": [0.47238069772720337], "sfx.inharmonicity.mean": [0.23063254356384277]}