{"lowlevel.spectral_centroid.mean": [0.4228106737136841], "lowlevel.spectral_contrast.mean": [[0.38349878787994385, 0.30512452125549316, 0.38387060165405273, 0.2736320495605469, 0.23819351196289062, 0.21726155281066895]], "lowlevel.dissonance.mean": [0.5113906860351562], "lowlevel.hfc.mean": [0.46530741453170776], "lowlevel.mfcc.mean": [[0.15321886539459229, 0.4102495312690735, 0.6827059984207153, 0.5474675893783569, 0.6180691123008728, 0.6070865988731384, 0.673257052898407, 0.6617863178253174, 0.6910394430160522, 0.6588637828826904, 0.6670446395874023, 0.6276184916496277, 0.5892118811607361]], "sfx.logattacktime.mean": [0.1602349877357483], "sfx.inharmonicity.mean": [0.2774103581905365]}