{"lowlevel.spectral_centroid.mean": [0.3629039525985718], "lowlevel.spectral_contrast.mean": [[0.47798633575439453, 0.572826623916626, 0.6557023525238037, 0.7092666625976562, 0.7395229339599609, 0.6930675506591797]], "lowlevel.dissonance.mean": [0.4873772859573364], "lowlevel.hfc.mean": [0.46578049659729004], "lowlevel.mfcc.mean": [[0.5036541223526001, 0.6869311332702637, 0.5026693344116211, 0.3791901767253876, 0.37393704056739807, 0.42612332105636597, 0.45136332511901855, 0.42058876156806946, 0.3915347158908844, 0.36974695324897766, 0.41758793592453003, 0.43416130542755127, 0.3498189151287079]], "sfx.logattacktime.mean": [0.8292526006698608], "sfx.inharmonicity.mean": [0.47645801305770874]}