{"lowlevel.spectral_centroid.mean": [0.32275861501693726], "lowlevel.spectral_contrast.mean": [[0.569413423538208, 0.347009539604187, 0.493918776512146, 0.37688517570495605, 0.46619462966918945, 0.3258845806121826]], "lowlevel.dissonance.mean": [0.5621352195739746], "lowlevel.hfc.mean": [0.4659886062145233], "lowlevel.mfcc.mean": [[0.2946314811706543, 0.5853894948959351, 0.6740754842758179, 0.4806482195854187, 0.62168288230896, 0.6127514243125916, 0.6487488150596619, 0.6445523500442505, 0.46986711025238037, 0.2173772156238556, 0.40093839168548584, 0.9247845411300659, 1.0122796297073364]], "sfx.logattacktime.mean": [0.24376696348190308], "sfx.inharmonicity.mean": [0.341124951839447]}