{"lowlevel.spectral_centroid.mean": [0.40576621890068054], "lowlevel.spectral_contrast.mean": [[0.3173125982284546, 0.3446141481399536, 1.1527807712554932, 0.6456685066223145, 0.5288126468658447, 0.36520981788635254]], "lowlevel.dissonance.mean": [-0.027428627014160156], "lowlevel.hfc.mean": [0.49245399236679077], "lowlevel.mfcc.mean": [[0.26729726791381836, 0.4959770143032074, 0.49483057856559753, 0.3624265193939209, 0.47828957438468933, 0.4852760136127472, 0.7541669607162476, 0.9589143991470337, 0.9001625776290894, 0.5963506698608398, 0.22322699427604675, -0.303214430809021, -0.3517988324165344]], "sfx.logattacktime.mean": [0.31357064843177795], "sfx.inharmonicity.mean": [0.3082362413406372]}