{"lowlevel.spectral_centroid.mean": [0.5271252393722534], "lowlevel.spectral_contrast.mean": [[0.29941117763519287, 0.19311141967773438, 0.22939753532409668, 0.840827465057373, 0.5735571384429932, 0.36382055282592773]], "lowlevel.dissonance.mean": [0.7357568740844727], "lowlevel.hfc.mean": [0.47307759523391724], "lowlevel.mfcc.mean": [[0.11849987506866455, 0.18923039734363556, 0.46154510974884033, 0.4865620732307434, 0.6692454814910889, 0.8788909912109375, 0.7282097339630127, 0.10992637276649475, 0.5182769298553467, 1.1971105337142944, 0.608492374420166, 0.5900821685791016, 0.21745899319648743]], "sfx.logattacktime.mean": [0.1533348560333252], "sfx.inharmonicity.mean": [0.6807960271835327]}