{"lowlevel.spectral_centroid.mean": [0.3440092206001282], "lowlevel.spectral_contrast.mean": [[1.1315406560897827, 0.6236097812652588, 0.42112183570861816, 0.40162229537963867, 0.4017062187194824, 0.39624738693237305]], "lowlevel.dissonance.mean": [-0.021890461444854736], "lowlevel.hfc.mean": [0.4757857918739319], "lowlevel.mfcc.mean": [[0.3725597858428955, 0.5903071761131287, 0.7416062355041504, 0.931636393070221, 0.8439761400222778, 0.6745570302009583, 0.5237035155296326, 0.40397322177886963, 0.4258943796157837, 0.33401626348495483, 0.18325719237327576, 0.027400344610214233, 0.04695746302604675]], "sfx.logattacktime.mean": [0.7401546835899353], "sfx.inharmonicity.mean": [0.21421894431114197]}