{"lowlevel.spectral_centroid.mean": [0.6798158288002014], "lowlevel.spectral_contrast.mean": [[0.19711554050445557, 0.29375946521759033, 0.7060995101928711, 0.6018342971801758, 0.625938892364502, 0.3727538585662842]], "lowlevel.dissonance.mean": [0.4009290933609009], "lowlevel.hfc.mean": [0.4655270278453827], "lowlevel.mfcc.mean": [[0.17503821849822998, 0.28615421056747437, 0.20578572154045105, 0.010046333074569702, 0.26906925439834595, 0.39258047938346863, 0.5992988348007202, 0.7377023100852966, 0.7815879583358765, 0.5764220356941223, 0.5854119062423706, 0.5644868016242981, 0.3170589208602905]], "sfx.logattacktime.mean": [0.7385287284851074], "sfx.inharmonicity.mean": [1.5506861209869385]}