{"lowlevel.spectral_centroid.mean": [0.32378265261650085], "lowlevel.spectral_contrast.mean": [[0.7291765213012695, 0.5253618955612183, 0.41527748107910156, 0.21137118339538574, 0.18941974639892578, 0.22742748260498047]], "lowlevel.dissonance.mean": [-0.5537935495376587], "lowlevel.hfc.mean": [0.46523019671440125], "lowlevel.mfcc.mean": [[0.1535276174545288, 0.4102242887020111, 0.69560706615448, 0.5530823469161987, 0.47379302978515625, 0.2418898344039917, 0.12383899092674255, -0.014320433139801025, -0.02926051616668701, -0.06768840551376343, -0.015014350414276123, 0.003957659006118774, 0.0784589946269989]], "sfx.logattacktime.mean": [0.3167561888694763], "sfx.inharmonicity.mean": [0.31716346740722656]}