{"lowlevel.spectral_centroid.mean": [0.3221403658390045], "lowlevel.spectral_contrast.mean": [[0.8449580669403076, 0.92423415184021, 0.7865567207336426, 0.6823350191116333, 0.5605494976043701, 0.38350582122802734]], "lowlevel.dissonance.mean": [-0.00871509313583374], "lowlevel.hfc.mean": [0.4656216502189636], "lowlevel.mfcc.mean": [[0.4325159788131714, 0.9668010473251343, 0.8329683542251587, 0.3818952441215515, 0.46324169635772705, 0.40560370683670044, 0.45991918444633484, 0.5188272595405579, 0.4900745749473572, 0.3389858603477478, 0.34114110469818115, 0.32241493463516235, 0.2983947992324829]], "sfx.logattacktime.mean": [0.3832913041114807], "sfx.inharmonicity.mean": [0.23803693056106567]}