{"lowlevel.spectral_centroid.mean": [0.37407568097114563], "lowlevel.spectral_contrast.mean": [[0.4351760149002075, 1.0617899894714355, 1.0923969745635986, 0.9930578470230103, 0.8179547786712646, 0.5442533493041992]], "lowlevel.dissonance.mean": [0.27536511421203613], "lowlevel.hfc.mean": [0.4669972360134125], "lowlevel.mfcc.mean": [[0.4508938789367676, 0.5493391752243042, 0.2168179750442505, 0.13873803615570068, 0.34414517879486084, 0.3659517765045166, 0.20110827684402466, 0.17857497930526733, -0.037461817264556885, -0.043057024478912354, 0.28170114755630493, 0.14227595925331116, 0.18734988570213318]], "sfx.logattacktime.mean": [0.8011200428009033], "sfx.inharmonicity.mean": [0.532084047794342]}