{"lowlevel.spectral_centroid.mean": [0.3093680441379547], "lowlevel.spectral_contrast.mean": [[0.8239940404891968, 0.6577863693237305, 0.4721059799194336, 0.23883819580078125, 0.15736627578735352, 0.2052605152130127]], "lowlevel.dissonance.mean": [-0.2975519299507141], "lowlevel.hfc.mean": [0.46547314524650574], "lowlevel.mfcc.mean": [[0.1982649564743042, 0.5070897936820984, 0.8022631406784058, 0.6400479078292847, 0.575271725654602, 0.4925050437450409, 0.5039839148521423, 0.46870315074920654, 0.48676788806915283, 0.3915807604789734, 0.35347557067871094, 0.24545057117938995, 0.17660120129585266]], "sfx.logattacktime.mean": [0.19224822521209717], "sfx.inharmonicity.mean": [0.20202887058258057]}