{"lowlevel.spectral_centroid.mean": [0.3277861177921295], "lowlevel.spectral_contrast.mean": [[0.5071442127227783, 0.38137733936309814, 0.3427243232727051, 0.24259734153747559, 0.2113964557647705, 0.2666773796081543]], "lowlevel.dissonance.mean": [0.08579361438751221], "lowlevel.hfc.mean": [0.4650845229625702], "lowlevel.mfcc.mean": [[0.12775826454162598, 0.33652251958847046, 0.5848491191864014, 0.41703835129737854, 0.437806636095047, 0.3485323488712311, 0.3402267098426819, 0.27719107270240784, 0.2967665195465088, 0.2537844181060791, 0.24005252122879028, 0.17926186323165894, 0.15321213006973267]], "sfx.logattacktime.mean": [0.3299524188041687], "sfx.inharmonicity.mean": [0.21315163373947144]}