{"lowlevel.spectral_centroid.mean": [0.332362562417984], "lowlevel.spectral_contrast.mean": [[0.8739872574806213, 0.34652161598205566, 0.35326170921325684, 0.34805893898010254, 0.3435344696044922, 0.30320072174072266]], "lowlevel.dissonance.mean": [0.5266718864440918], "lowlevel.hfc.mean": [0.46829724311828613], "lowlevel.mfcc.mean": [[0.21283578872680664, 0.5440348386764526, 0.8727707266807556, 0.8934234380722046, 0.9979292750358582, 0.9340308904647827, 0.9360740184783936, 0.907447099685669, 0.866565465927124, 0.7298325896263123, 0.6824358701705933, 0.624324381351471, 0.5522385239601135]], "sfx.logattacktime.mean": [0.3715687394142151], "sfx.inharmonicity.mean": [0.2018253207206726]}