{"lowlevel.spectral_centroid.mean": [0.3828388452529907], "lowlevel.spectral_contrast.mean": [[0.3852909803390503, 0.26209771633148193, 0.37415623664855957, 0.3603215217590332, 0.3536965847015381, 0.5043079853057861]], "lowlevel.dissonance.mean": [0.6999825239181519], "lowlevel.hfc.mean": [0.46521949768066406], "lowlevel.mfcc.mean": [[0.5129231214523315, 0.5397729873657227, 0.43598905205726624, 0.657501220703125, 0.6050195097923279, 0.9355299472808838, 0.7021220922470093, 0.7661964893341064, 0.6429937481880188, 0.556186318397522, 0.5173465013504028, 0.5333608388900757, 0.5477587580680847]], "sfx.logattacktime.mean": [0.521918535232544], "sfx.inharmonicity.mean": [0.7420566082000732]}