{"lowlevel.spectral_centroid.mean": [0.3943006992340088], "lowlevel.spectral_contrast.mean": [[0.4669085741043091, 0.19325196743011475, 0.5349220037460327, 0.21288013458251953, 0.4803431034088135, 0.3370063304901123]], "lowlevel.dissonance.mean": [0.5833158493041992], "lowlevel.hfc.mean": [0.46684375405311584], "lowlevel.mfcc.mean": [[0.12184488773345947, 0.2139642983675003, 0.5117262601852417, 0.6579285264015198, 0.504657506942749, 0.46433335542678833, 0.8875998258590698, 0.9704834222793579, 0.949980616569519, 0.9563058614730835, 0.7942931056022644, 0.5102338194847107, 0.46333760023117065]], "sfx.logattacktime.mean": [0.27428239583969116], "sfx.inharmonicity.mean": [0.4799685478210449]}