{"lowlevel.spectral_centroid.mean": [0.34195828437805176], "lowlevel.spectral_contrast.mean": [[0.8843191266059875, 1.053601622581482, 0.8300271034240723, 0.8238973617553711, 0.6477646827697754, 0.6427483558654785]], "lowlevel.dissonance.mean": [0.5573084354400635], "lowlevel.hfc.mean": [0.7929005026817322], "lowlevel.mfcc.mean": [[1.1163822412490845, 0.8421611785888672, 0.6059707403182983, 0.5214281678199768, 0.4641348421573639, 0.5780776143074036, 0.37653157114982605, 0.38544633984565735, 0.4121202528476715, 0.5879313349723816, 0.6035139560699463, 0.6659203171730042, 0.47945958375930786]], "sfx.logattacktime.mean": [0.4344685971736908], "sfx.inharmonicity.mean": [0.3017893135547638]}