{"lowlevel.spectral_centroid.mean": [0.3598232865333557], "lowlevel.spectral_contrast.mean": [[0.6193332672119141, 0.37604641914367676, 0.2970259189605713, 0.18643474578857422, 0.16111373901367188, 0.19818115234375]], "lowlevel.dissonance.mean": [0.15961480140686035], "lowlevel.hfc.mean": [0.4655287265777588], "lowlevel.mfcc.mean": [[0.16712045669555664, 0.45815861225128174, 0.8018860816955566, 0.7282806634902954, 0.759916365146637, 0.7141628861427307, 0.7522931098937988, 0.7184355854988098, 0.7328216433525085, 0.6842644214630127, 0.662251353263855, 0.582443356513977, 0.5241391062736511]], "sfx.logattacktime.mean": [0.2918057143688202], "sfx.inharmonicity.mean": [0.2064298838376999]}