{"lowlevel.spectral_centroid.mean": [0.38379088044166565], "lowlevel.spectral_contrast.mean": [[0.48994600772857666, 0.38250625133514404, 0.4441549777984619, 0.41968488693237305, 0.43025970458984375, 0.4346923828125]], "lowlevel.dissonance.mean": [0.6373525857925415], "lowlevel.hfc.mean": [0.4685260057449341], "lowlevel.mfcc.mean": [[0.6540579795837402, 0.6297602653503418, 0.66490638256073, 0.5884850025177002, 0.5396541953086853, 0.5328835248947144, 0.5759239196777344, 0.715556263923645, 0.6508975028991699, 0.606218695640564, 0.7132734656333923, 0.595741331577301, 0.5593290328979492]], "sfx.logattacktime.mean": [0.6306637525558472], "sfx.inharmonicity.mean": [0.32208096981048584]}