{"lowlevel.spectral_centroid.mean": [0.3907742202281952], "lowlevel.spectral_contrast.mean": [[0.21621763706207275, 0.5105438232421875, 0.5038039684295654, 0.3358592987060547, 0.21280503273010254, 0.21585488319396973]], "lowlevel.dissonance.mean": [0.22393906116485596], "lowlevel.hfc.mean": [0.4650735855102539], "lowlevel.mfcc.mean": [[-0.026323437690734863, 0.5065933465957642, 0.7844434976577759, 0.5616118907928467, 0.5106200575828552, 0.4340232312679291, 0.46529993414878845, 0.44726985692977905, 0.46098220348358154, 0.3601427376270294, 0.2942422032356262, 0.27519410848617554, 0.4931180477142334]], "sfx.logattacktime.mean": [0.37442198395729065], "sfx.inharmonicity.mean": [0.8396811485290527]}