{"lowlevel.spectral_centroid.mean": [0.5508242845535278], "lowlevel.spectral_contrast.mean": [[0.4714852571487427, 0.643073558807373, 0.820825457572937, 0.9049975872039795, 0.9611129760742188, 0.8263335227966309]], "lowlevel.dissonance.mean": [0.634524941444397], "lowlevel.hfc.mean": [0.7328808903694153], "lowlevel.mfcc.mean": [[0.9469856023788452, 0.2741054892539978, -0.1317494809627533, 0.21229258179664612, 0.16444429755210876, 0.17312073707580566, 0.22825416922569275, 0.38214144110679626, 0.18175864219665527, 0.16876274347305298, 0.3551476001739502, 0.4173746705055237, 0.4057620167732239]], "sfx.logattacktime.mean": [0.2763851284980774], "sfx.inharmonicity.mean": [0.9307388067245483]}