{"lowlevel.spectral_centroid.mean": [0.35322824120521545], "lowlevel.spectral_contrast.mean": [[0.32801592350006104, 0.4004315137863159, 0.40179991722106934, 0.20421695709228516, 0.21136093139648438, 0.24094343185424805]], "lowlevel.dissonance.mean": [0.09857809543609619], "lowlevel.hfc.mean": [0.4650755822658539], "lowlevel.mfcc.mean": [[0.11513328552246094, 0.30965423583984375, 0.5712053179740906, 0.39253419637680054, 0.34774672985076904, 0.21974366903305054, 0.26607537269592285, 0.2743005156517029, 0.33581307530403137, 0.351560115814209, 0.3630748987197876, 0.2962806224822998, 0.33404237031936646]], "sfx.logattacktime.mean": [0.1883462369441986], "sfx.inharmonicity.mean": [0.897529125213623]}