{"lowlevel.spectral_centroid.mean": [0.3222631812095642], "lowlevel.spectral_contrast.mean": [[1.1276259422302246, 1.180204153060913, 0.9708936214447021, 0.8780245780944824, 0.7562658786773682, 0.5211703777313232]], "lowlevel.dissonance.mean": [0.14677655696868896], "lowlevel.hfc.mean": [0.49947482347488403], "lowlevel.mfcc.mean": [[0.5507360696792603, 0.563208818435669, 0.2759978771209717, 0.5852639675140381, 0.37914618849754333, 0.20625197887420654, 0.25078439712524414, 0.18615353107452393, 0.09054577350616455, 0.24212640523910522, 0.27222853899002075, 0.18147164583206177, 0.2342727780342102]], "sfx.logattacktime.mean": [0.5663155913352966], "sfx.inharmonicity.mean": [0.19387635588645935]}