{"lowlevel.spectral_centroid.mean": [0.3732418715953827], "lowlevel.spectral_contrast.mean": [[0.7503016591072083, 1.2580971717834473, 1.5030579566955566, 1.262939691543579, 0.9786088466644287, 0.697108268737793]], "lowlevel.dissonance.mean": [0.2100740671157837], "lowlevel.hfc.mean": [0.5169647336006165], "lowlevel.mfcc.mean": [[0.7514233589172363, 0.7624585628509521, 0.06985753774642944, 0.32974401116371155, 0.051201462745666504, 0.22903336584568024, 0.3734731078147888, 0.291922003030777, 0.3274093270301819, 0.11558914184570312, 0.14406529068946838, 0.6353141069412231, 0.27047494053840637]], "sfx.logattacktime.mean": [0.5810031294822693], "sfx.inharmonicity.mean": [0.312674343585968]}