{"lowlevel.spectral_centroid.mean": [0.36601006984710693], "lowlevel.spectral_contrast.mean": [[0.9438599944114685, 0.9444732666015625, 0.43013226985931396, 0.38478779792785645, 0.3809225559234619, 0.3971531391143799]], "lowlevel.dissonance.mean": [-0.015625953674316406], "lowlevel.hfc.mean": [0.4728074371814728], "lowlevel.mfcc.mean": [[0.39477670192718506, 0.5957459211349487, 0.7157355546951294, 0.875638484954834, 0.6620270609855652, 0.38985368609428406, 0.19516748189926147, 0.07205769419670105, 0.10728228092193604, 0.06818169355392456, -0.0019759535789489746, -0.057846784591674805, 0.07518935203552246]], "sfx.logattacktime.mean": [0.6145358085632324], "sfx.inharmonicity.mean": [0.25954222679138184]}