{"lowlevel.spectral_centroid.mean": [0.3222005367279053], "lowlevel.spectral_contrast.mean": [[0.7120471000671387, 0.7747077941894531, 0.715328574180603, 0.8586453199386597, 0.8230557441711426, 0.2626302242279053]], "lowlevel.dissonance.mean": [0.12966227531433105], "lowlevel.hfc.mean": [0.47165560722351074], "lowlevel.mfcc.mean": [[0.5504664182662964, 1.3758877515792847, 0.5159698128700256, 0.2971172034740448, 0.7808482646942139, 0.41218310594558716, 0.35280048847198486, 0.5348580479621887, 0.4908045530319214, 0.37745726108551025, 0.5693548321723938, 0.41408997774124146, 0.25514477491378784]], "sfx.logattacktime.mean": [0.5075492262840271], "sfx.inharmonicity.mean": [0.6207187175750732]}