{"lowlevel.spectral_centroid.mean": [0.32704874873161316], "lowlevel.spectral_contrast.mean": [[0.9079899787902832, 0.5860669612884521, 0.4029031991958618, 0.24921321868896484, 0.1458442211151123, 0.19145822525024414]], "lowlevel.dissonance.mean": [-0.2153816819190979], "lowlevel.hfc.mean": [0.4662174582481384], "lowlevel.mfcc.mean": [[0.2138223648071289, 0.6059226989746094, 0.9731571674346924, 0.8416698575019836, 0.7828191518783569, 0.7046986818313599, 0.7600035667419434, 0.728871762752533, 0.715542197227478, 0.6631737351417542, 0.6820639371871948, 0.6339890956878662, 0.5524170398712158]], "sfx.logattacktime.mean": [0.2795720100402832], "sfx.inharmonicity.mean": [0.19707491993904114]}