{"lowlevel.spectral_centroid.mean": [0.3381720185279846], "lowlevel.spectral_contrast.mean": [[0.5759297609329224, 0.6805649995803833, 0.6559246778488159, 0.6532814502716064, 0.581740140914917, 0.38008975982666016]], "lowlevel.dissonance.mean": [0.38092470169067383], "lowlevel.hfc.mean": [0.473324179649353], "lowlevel.mfcc.mean": [[0.4739570617675781, 0.850204348564148, 0.5407568216323853, 0.3670880198478699, 0.491958886384964, 0.38496896624565125, 0.41023901104927063, 0.38056471943855286, 0.46425482630729675, 0.5543590188026428, 0.4732653498649597, 0.408113956451416, 0.4867804944515228]], "sfx.logattacktime.mean": [0.8716186285018921], "sfx.inharmonicity.mean": [0.36390241980552673]}