{"lowlevel.spectral_centroid.mean": [0.6035997271537781], "lowlevel.spectral_contrast.mean": [[0.4870036840438843, 0.21181762218475342, 0.23836827278137207, 0.29996705055236816, 0.8656172752380371, 0.9010317325592041]], "lowlevel.dissonance.mean": [0.7100319862365723], "lowlevel.hfc.mean": [0.5157767534255981], "lowlevel.mfcc.mean": [[0.22256529331207275, 0.08284246176481247, 0.6543247103691101, 0.7138557434082031, 0.7910386919975281, 0.6597728729248047, 0.7927469611167908, 1.0261552333831787, 0.9075753092765808, 0.23221804201602936, 1.0045052766799927, 1.0030996799468994, 0.21100860834121704]], "sfx.logattacktime.mean": [0.48314952850341797], "sfx.inharmonicity.mean": [0.6223249435424805]}