{"lowlevel.spectral_centroid.mean": [0.9387730360031128], "lowlevel.spectral_contrast.mean": [[0.38989925384521484, 0.5360844135284424, 0.4081507921218872, 0.4611644744873047, 0.4573535919189453, 0.3637709617614746]], "lowlevel.dissonance.mean": [0.5811771154403687], "lowlevel.hfc.mean": [0.46925076842308044], "lowlevel.mfcc.mean": [[0.2531707286834717, 0.45241332054138184, 0.3730887174606323, 0.3159485459327698, 0.29347825050354004, -0.003591775894165039, 0.3530488610267639, 0.2561196982860565, 0.04357832670211792, 0.42805397510528564, 0.5760078430175781, 0.405937135219574, 0.6030110120773315]], "sfx.logattacktime.mean": [0.41804367303848267], "sfx.inharmonicity.mean": [0.816855788230896]}