{"lowlevel.spectral_centroid.mean": [0.8855035305023193], "lowlevel.spectral_contrast.mean": [[0.3919413089752197, 0.2145686149597168, 0.7473123073577881, 0.8182518482208252, 0.8795421123504639, 0.7545628547668457]], "lowlevel.dissonance.mean": [0.64699387550354], "lowlevel.hfc.mean": [0.49435165524482727], "lowlevel.mfcc.mean": [[0.255643367767334, 0.18632259964942932, 0.42400118708610535, 0.3174850046634674, 0.9568910002708435, 0.8932886719703674, 0.8788206577301025, 0.5762782096862793, 1.0776901245117188, 0.5962362885475159, -0.36407214403152466, 1.0576889514923096, 0.5781806707382202]], "sfx.logattacktime.mean": [0.7348814010620117], "sfx.inharmonicity.mean": [1.1735522747039795]}