{"lowlevel.spectral_centroid.mean": [0.3222585916519165], "lowlevel.spectral_contrast.mean": [[1.1675889492034912, 0.7929410934448242, 0.8395228385925293, 0.7636047601699829, 0.5971488952636719, 0.4347982406616211]], "lowlevel.dissonance.mean": [0.5864099264144897], "lowlevel.hfc.mean": [0.4666392207145691], "lowlevel.mfcc.mean": [[0.5204037427902222, 0.5325798392295837, -0.013750612735748291, 0.3217436969280243, 0.46096542477607727, 0.20787829160690308, 0.3364792764186859, 0.33961302042007446, 0.5913556814193726, 0.8318376541137695, 0.8473289012908936, 0.893773078918457, 1.3073852062225342]], "sfx.logattacktime.mean": [0.556443989276886], "sfx.inharmonicity.mean": [0.4823269546031952]}