{"lowlevel.spectral_centroid.mean": [0.3056129217147827], "lowlevel.spectral_contrast.mean": [[0.7275598645210266, 0.6026978492736816, 0.5010936260223389, 0.44972801208496094, 0.30941128730773926, 0.32976412773132324]], "lowlevel.dissonance.mean": [0.3347358703613281], "lowlevel.hfc.mean": [0.466682493686676], "lowlevel.mfcc.mean": [[0.47150707244873047, 0.9657243490219116, 0.914277970790863, 0.6331881284713745, 0.6599761247634888, 0.7251714468002319, 0.8224343061447144, 0.6494397521018982, 0.5231236815452576, 0.5057700872421265, 0.461411714553833, 0.4267902374267578, 0.5347868204116821]], "sfx.logattacktime.mean": [0.7912047505378723], "sfx.inharmonicity.mean": [0.21376730501651764]}