{"lowlevel.spectral_centroid.mean": [0.30334436893463135], "lowlevel.spectral_contrast.mean": [[0.6462658643722534, 0.43819117546081543, 0.3133816719055176, 0.20666074752807617, 0.18525457382202148, 0.22644758224487305]], "lowlevel.dissonance.mean": [0.02798926830291748], "lowlevel.hfc.mean": [0.46544551849365234], "lowlevel.mfcc.mean": [[0.16895663738250732, 0.45272111892700195, 0.8220973014831543, 0.809211254119873, 0.8573959469795227, 0.7968210577964783, 0.775108814239502, 0.696089506149292, 0.7066349387168884, 0.6658103466033936, 0.684992253780365, 0.6449520587921143, 0.6191667914390564]], "sfx.logattacktime.mean": [0.2167699933052063], "sfx.inharmonicity.mean": [0.22510600090026855]}