{"lowlevel.spectral_centroid.mean": [0.36316466331481934], "lowlevel.spectral_contrast.mean": [[0.31624269485473633, 1.1129862070083618, 0.6283700466156006, 0.6390800476074219, 0.4201772212982178, 0.33562541007995605]], "lowlevel.dissonance.mean": [-0.1307951807975769], "lowlevel.hfc.mean": [0.47708871960639954], "lowlevel.mfcc.mean": [[0.2863147258758545, 0.6100674271583557, 0.6287457942962646, 0.38630610704421997, 0.46023887395858765, 0.24642683565616608, 0.10180389881134033, 0.12785634398460388, 0.23980990052223206, 0.34888947010040283, 0.6839686632156372, 0.9563707113265991, 1.0002928972244263]], "sfx.logattacktime.mean": [0.265605092048645], "sfx.inharmonicity.mean": [0.20802763104438782]}