{"lowlevel.spectral_centroid.mean": [0.668941080570221], "lowlevel.spectral_contrast.mean": [[0.4359252452850342, 0.19100677967071533, 0.25380706787109375, 0.6278557777404785, 0.8507490158081055, 0.7459452152252197]], "lowlevel.dissonance.mean": [0.6904284954071045], "lowlevel.hfc.mean": [0.48169416189193726], "lowlevel.mfcc.mean": [[0.24792170524597168, 0.045849427580833435, 0.4430869519710541, 0.4682265520095825, 0.9032566547393799, 0.8115972280502319, 0.6924937963485718, 0.8560958504676819, 0.7981934547424316, 0.3490334153175354, 0.6173854470252991, 1.2211887836456299, 0.899509072303772]], "sfx.logattacktime.mean": [0.12888360023498535], "sfx.inharmonicity.mean": [0.64963698387146]}