{"lowlevel.spectral_centroid.mean": [0.5307930707931519], "lowlevel.spectral_contrast.mean": [[0.16895794868469238, 0.922283411026001, 0.9358327388763428, 0.8956568241119385, 1.115323543548584, 0.8777732849121094]], "lowlevel.dissonance.mean": [0.41520965099334717], "lowlevel.hfc.mean": [0.4778675138950348], "lowlevel.mfcc.mean": [[0.5314971208572388, 0.20928063988685608, 0.20946329832077026, 0.5881661176681519, 0.04735514521598816, 0.08557453751564026, 0.26906949281692505, 0.41387832164764404, 0.514493465423584, 0.7009794116020203, 0.9248912334442139, 1.0948615074157715, 0.9753843545913696]], "sfx.logattacktime.mean": [0.5914764404296875], "sfx.inharmonicity.mean": [0.4075189232826233]}