{"lowlevel.spectral_centroid.mean": [0.45110106468200684], "lowlevel.spectral_contrast.mean": [[0.3973724842071533, 0.7058546543121338, 0.7548038959503174, 0.8749868869781494, 0.5096898078918457, 0.7625560760498047]], "lowlevel.dissonance.mean": [0.6027553081512451], "lowlevel.hfc.mean": [0.48090890049934387], "lowlevel.mfcc.mean": [[0.6563963890075684, 0.3714200258255005, 0.09312239289283752, -0.021006226539611816, -0.1019483208656311, 0.5122309327125549, 0.550067126750946, 0.425265371799469, 0.2476070523262024, 0.4551384150981903, 0.4369955062866211, 0.6644633412361145, 0.23046860098838806]], "sfx.logattacktime.mean": [0.38975924253463745], "sfx.inharmonicity.mean": [0.5925583243370056]}