{"lowlevel.spectral_centroid.mean": [0.3023938536643982], "lowlevel.spectral_contrast.mean": [[0.9029272198677063, 0.5756183862686157, 0.4931936264038086, 0.5056779384613037, 0.31610989570617676, 0.3779871463775635]], "lowlevel.dissonance.mean": [0.3672652244567871], "lowlevel.hfc.mean": [0.4729653298854828], "lowlevel.mfcc.mean": [[0.5226893424987793, 0.9169273376464844, 0.9423038959503174, 0.6534358263015747, 0.5077992081642151, 0.7241697311401367, 0.7388131022453308, 0.6647622585296631, 0.6804504990577698, 0.636582612991333, 0.7455651164054871, 0.7218389511108398, 0.6930423378944397]], "sfx.logattacktime.mean": [0.3499434292316437], "sfx.inharmonicity.mean": [0.1999422162771225]}