{"lowlevel.spectral_centroid.mean": [0.5762625932693481], "lowlevel.spectral_contrast.mean": [[0.8335682153701782, 0.9958537817001343, 0.6831523180007935, 0.7779214382171631, 0.7402553558349609, 0.638099193572998]], "lowlevel.dissonance.mean": [0.11582255363464355], "lowlevel.hfc.mean": [0.47264227271080017], "lowlevel.mfcc.mean": [[0.3785959482192993, 0.4487611651420593, 0.44803133606910706, 0.5024632215499878, 0.24582742154598236, 0.06233888864517212, -0.056182682514190674, -0.06545066833496094, 0.11121699213981628, 0.25999248027801514, 0.23199501633644104, 0.11546677350997925, 0.1945340931415558]], "sfx.logattacktime.mean": [0.36271119117736816], "sfx.inharmonicity.mean": [0.37969347834587097]}