{"lowlevel.spectral_centroid.mean": [0.397219181060791], "lowlevel.spectral_contrast.mean": [[0.4475756883621216, 1.305019736289978, 1.5317541360855103, 1.4041370153427124, 1.1056668758392334, 0.672168493270874]], "lowlevel.dissonance.mean": [0.2315441370010376], "lowlevel.hfc.mean": [0.5189996361732483], "lowlevel.mfcc.mean": [[0.7576888799667358, 0.5745946168899536, -0.08330938220024109, 0.27618128061294556, 0.39737462997436523, 0.4275873303413391, 0.16226089000701904, 0.2442394644021988, 0.02423885464668274, -0.10881221294403076, 0.3225576877593994, 0.6428106427192688, 1.0047181844711304]], "sfx.logattacktime.mean": [0.5145673751831055], "sfx.inharmonicity.mean": [0.33168596029281616]}