{"lowlevel.spectral_centroid.mean": [0.4721863269805908], "lowlevel.spectral_contrast.mean": [[1.0355267524719238, 1.5974713563919067, 1.3410019874572754, 1.6247302293777466, 1.6807960271835327, 1.5818864107131958]], "lowlevel.dissonance.mean": [0.4030756950378418], "lowlevel.hfc.mean": [0.5733873248100281], "lowlevel.mfcc.mean": [[1.008272409439087, 0.6561449766159058, -0.06582507491111755, 1.0386970043182373, -0.017264336347579956, 0.1768416166305542, -0.09701049327850342, -0.026485979557037354, 0.5378552675247192, 0.8643532395362854, 0.6415610909461975, 0.32189029455184937, -0.015244662761688232]], "sfx.logattacktime.mean": [0.46033579111099243], "sfx.inharmonicity.mean": [0.3520176112651825]}