{"lowlevel.spectral_centroid.mean": [0.49516159296035767], "lowlevel.spectral_contrast.mean": [[0.2397165298461914, 0.40707147121429443, 0.3038177490234375, 0.28453779220581055, 0.2315537929534912, 0.2070751190185547]], "lowlevel.dissonance.mean": [0.5176682472229004], "lowlevel.hfc.mean": [0.46517425775527954], "lowlevel.mfcc.mean": [[0.15588533878326416, 0.3963029384613037, 0.6060510873794556, 0.40522027015686035, 0.49826744198799133, 0.528800368309021, 0.5887885093688965, 0.5262146592140198, 0.5070555210113525, 0.4374952018260956, 0.4404189884662628, 0.4695136547088623, 0.5470722913742065]], "sfx.logattacktime.mean": [0.17661148309707642], "sfx.inharmonicity.mean": [0.40435731410980225]}