{"lowlevel.spectral_centroid.mean": [0.3374606668949127], "lowlevel.spectral_contrast.mean": [[0.6286148428916931, 0.6747720241546631, 0.41323912143707275, 0.4071033000946045, 0.33621859550476074, 0.34853434562683105]], "lowlevel.dissonance.mean": [0.2441861629486084], "lowlevel.hfc.mean": [0.4654761254787445], "lowlevel.mfcc.mean": [[0.2857036590576172, 0.5834692120552063, 0.6416347026824951, 0.4881308078765869, 0.3162895739078522, 0.12496775388717651, 0.09083476662635803, -0.08207166194915771, 0.04954123497009277, 0.08628752827644348, 0.12886351346969604, 0.2893412709236145, 0.5092180371284485]], "sfx.logattacktime.mean": [0.16901353001594543], "sfx.inharmonicity.mean": [0.30320480465888977]}