{"lowlevel.spectral_centroid.mean": [0.38024425506591797], "lowlevel.spectral_contrast.mean": [[0.46360886096954346, 0.39598679542541504, 0.4592403173446655, 0.28522348403930664, 0.48412132263183594, 0.29862070083618164]], "lowlevel.dissonance.mean": [0.578372597694397], "lowlevel.hfc.mean": [0.46658653020858765], "lowlevel.mfcc.mean": [[0.12097024917602539, 0.22277459502220154, 0.48092392086982727, 0.6442506313323975, 0.5972244143486023, 0.3630262017250061, 0.660376787185669, 0.9065438508987427, 0.9468582272529602, 0.9728427529335022, 1.0072500705718994, 0.7854034900665283, 0.5491363406181335]], "sfx.logattacktime.mean": [0.28473368287086487], "sfx.inharmonicity.mean": [0.4599011242389679]}