{"lowlevel.spectral_centroid.mean": [0.37792274355888367], "lowlevel.spectral_contrast.mean": [[0.6723740696907043, 0.6808325052261353, 0.8992524147033691, 0.8497079610824585, 0.7684063911437988, 0.7189574241638184]], "lowlevel.dissonance.mean": [0.3364070653915405], "lowlevel.hfc.mean": [0.4684564471244812], "lowlevel.mfcc.mean": [[0.6101279258728027, 0.6040542125701904, 0.3559504449367523, 0.5886155366897583, 0.0900210440158844, 0.5517212152481079, 0.6800170540809631, 0.6466438174247742, 0.8522418737411499, 0.6700968742370605, 0.5598151087760925, 0.620212733745575, 0.40291666984558105]], "sfx.logattacktime.mean": [1.0457289218902588], "sfx.inharmonicity.mean": [0.41737765073776245]}