{"lowlevel.spectral_centroid.mean": [0.3361823856830597], "lowlevel.spectral_contrast.mean": [[0.33984899520874023, 0.39017724990844727, 0.3679490089416504, 0.38208961486816406, 0.38868045806884766, 0.3318626880645752]], "lowlevel.dissonance.mean": [0.6414828300476074], "lowlevel.hfc.mean": [0.46517109870910645], "lowlevel.mfcc.mean": [[0.5018332004547119, 0.6775280237197876, 0.60111403465271, 0.46000614762306213, 0.7002726793289185, 0.6447693109512329, 0.7346395254135132, 0.8081682920455933, 0.44892990589141846, 0.43920081853866577, 0.3751105070114136, 0.3694189786911011, 0.44793450832366943]], "sfx.logattacktime.mean": [0.8500286936759949], "sfx.inharmonicity.mean": [0.27707892656326294]}