{"lowlevel.spectral_centroid.mean": [1.1566615104675293], "lowlevel.spectral_contrast.mean": [[0.06933629512786865, 0.8143855333328247, 0.7226846218109131, 0.47986388206481934, 0.3049771785736084, 0.3196842670440674]], "lowlevel.dissonance.mean": [0.20259881019592285], "lowlevel.hfc.mean": [0.6068417429924011], "lowlevel.mfcc.mean": [[0.2586197853088379, 0.3657480478286743, 0.4829849898815155, 0.266471266746521, 0.40562498569488525, 0.4410558342933655, 0.21645581722259521, 0.1617462933063507, 0.06466591358184814, -0.19287484884262085, 0.10241183638572693, 0.7875441908836365, 1.211658239364624]], "sfx.logattacktime.mean": [0.23140031099319458], "sfx.inharmonicity.mean": [0.7821985483169556]}