{"lowlevel.spectral_centroid.mean": [0.4479289650917053], "lowlevel.spectral_contrast.mean": [[0.6274771690368652, 0.22411835193634033, 0.7772494554519653, 0.25062036514282227, 0.46807026863098145, 0.5634002685546875]], "lowlevel.dissonance.mean": [0.435754656791687], "lowlevel.hfc.mean": [0.4778843820095062], "lowlevel.mfcc.mean": [[0.17574679851531982, 0.18805842101573944, 0.5929651856422424, 0.5886719822883606, 0.4669620096683502, 0.9828525185585022, 1.1507346630096436, 0.9881327152252197, 0.792332649230957, 0.48183050751686096, 0.6311522126197815, 0.9336557984352112, 1.2140183448791504]], "sfx.logattacktime.mean": [0.28658685088157654], "sfx.inharmonicity.mean": [0.5370761752128601]}