{"lowlevel.spectral_centroid.mean": [0.31005123257637024], "lowlevel.spectral_contrast.mean": [[0.8337573409080505, 0.5053110122680664, 0.4273141622543335, 0.3755013942718506, 0.25745201110839844, 0.323300838470459]], "lowlevel.dissonance.mean": [0.28127431869506836], "lowlevel.hfc.mean": [0.466024249792099], "lowlevel.mfcc.mean": [[0.32290542125701904, 0.7760496139526367, 0.9852844476699829, 0.754209041595459, 0.7320483922958374, 0.8041707873344421, 0.8555987477302551, 0.7720438838005066, 0.746014416217804, 0.677568793296814, 0.6775746941566467, 0.7072798013687134, 0.7375103235244751]], "sfx.logattacktime.mean": [0.8056764006614685], "sfx.inharmonicity.mean": [0.21093358099460602]}