{"lowlevel.spectral_centroid.mean": [0.3578285574913025], "lowlevel.spectral_contrast.mean": [[0.2356429100036621, 0.3649648427963257, 0.4954061508178711, 0.29065775871276855, 0.2595937252044678, 0.27939891815185547]], "lowlevel.dissonance.mean": [0.4134202003479004], "lowlevel.hfc.mean": [0.46510863304138184], "lowlevel.mfcc.mean": [[0.10724830627441406, 0.22973597049713135, 0.4584955871105194, 0.3442543148994446, 0.32106906175613403, 0.26166826486587524, 0.3424134850502014, 0.41052940487861633, 0.5513673424720764, 0.6586955785751343, 0.6399074792861938, 0.49216580390930176, 0.3710412383079529]], "sfx.logattacktime.mean": [0.24609383940696716], "sfx.inharmonicity.mean": [0.2425316572189331]}