{"lowlevel.spectral_centroid.mean": [0.9522860050201416], "lowlevel.spectral_contrast.mean": [[-0.006396055221557617, 0.09685659408569336, 1.1577147245407104, 1.196533441543579, 0.20894265174865723, 0.2603180408477783]], "lowlevel.dissonance.mean": [0.24407148361206055], "lowlevel.hfc.mean": [0.6090613007545471], "lowlevel.mfcc.mean": [[0.24405312538146973, 0.3999131917953491, 0.24416795372962952, -0.17004072666168213, 0.17134207487106323, 0.585926353931427, 0.40928763151168823, 0.45897573232650757, 1.1375665664672852, 1.2834821939468384, 0.7826313972473145, -0.5676276683807373, -0.836287260055542]], "sfx.logattacktime.mean": [0.3597204089164734], "sfx.inharmonicity.mean": [0.6111574172973633]}