{"lowlevel.spectral_centroid.mean": [0.32418766617774963], "lowlevel.spectral_contrast.mean": [[0.2892380952835083, 0.3791813850402832, 0.4863508939743042, 0.2847254276275635, 0.2393956184387207, 0.24755859375]], "lowlevel.dissonance.mean": [0.341381311416626], "lowlevel.hfc.mean": [0.465222030878067], "lowlevel.mfcc.mean": [[0.15328752994537354, 0.40320631861686707, 0.70427405834198, 0.5834897756576538, 0.5692219138145447, 0.43993520736694336, 0.434988796710968, 0.45587483048439026, 0.5822082161903381, 0.6458424925804138, 0.6539701819419861, 0.5022995471954346, 0.3239861726760864]], "sfx.logattacktime.mean": [0.8616765737533569], "sfx.inharmonicity.mean": [0.2931521236896515]}