{"lowlevel.spectral_centroid.mean": [0.3094196021556854], "lowlevel.spectral_contrast.mean": [[0.615443229675293, 0.4965173006057739, 0.545845627784729, 0.4677700996398926, 0.4077913761138916, 0.37301135063171387]], "lowlevel.dissonance.mean": [0.3350120782852173], "lowlevel.hfc.mean": [0.4670959413051605], "lowlevel.mfcc.mean": [[0.4252077341079712, 0.9223171472549438, 0.8671947121620178, 0.5303891897201538, 0.5399988293647766, 0.5729753971099854, 0.593777060508728, 0.6326676607131958, 0.6423027515411377, 0.5272817611694336, 0.5207217335700989, 0.5395321249961853, 0.5804481506347656]], "sfx.logattacktime.mean": [0.6822903156280518], "sfx.inharmonicity.mean": [0.22154268622398376]}