{"lowlevel.spectral_centroid.mean": [0.4801385998725891], "lowlevel.spectral_contrast.mean": [[0.4510301351547241, 0.9289779663085938, 1.2097686529159546, 1.2798373699188232, 0.7845702171325684, 0.5817906856536865]], "lowlevel.dissonance.mean": [0.7023450136184692], "lowlevel.hfc.mean": [0.4673362672328949], "lowlevel.mfcc.mean": [[0.5363237857818604, 0.328197717666626, -0.23883113265037537, 0.22479397058486938, 0.41416135430336, 0.20531341433525085, 0.3586861491203308, 0.10466697812080383, 0.3107270896434784, 0.9132457971572876, 1.0916414260864258, 1.140263557434082, 1.112602710723877]], "sfx.logattacktime.mean": [0.6644002199172974], "sfx.inharmonicity.mean": [0.5771306157112122]}