{"lowlevel.spectral_centroid.mean": [0.35230565071105957], "lowlevel.spectral_contrast.mean": [[0.6498149037361145, 0.3985038995742798, 0.2991211414337158, 0.2163853645324707, 0.2071547508239746, 0.20976948738098145]], "lowlevel.dissonance.mean": [0.5062011480331421], "lowlevel.hfc.mean": [0.4651944041252136], "lowlevel.mfcc.mean": [[0.15445363521575928, 0.42251908779144287, 0.7597987651824951, 0.7059948444366455, 0.7527886629104614, 0.687339186668396, 0.7090482115745544, 0.6828604340553284, 0.7005233764648438, 0.6813868284225464, 0.740867018699646, 0.7430511713027954, 0.7245818376541138]], "sfx.logattacktime.mean": [0.3156172037124634], "sfx.inharmonicity.mean": [0.20069250464439392]}