{"lowlevel.spectral_centroid.mean": [0.3292842209339142], "lowlevel.spectral_contrast.mean": [[0.8903188109397888, 0.9522415399551392, 0.5727671384811401, 0.3733952045440674, 0.18619823455810547, 0.20360088348388672]], "lowlevel.dissonance.mean": [-0.41130149364471436], "lowlevel.hfc.mean": [0.4659960865974426], "lowlevel.mfcc.mean": [[0.22854077816009521, 0.6060112714767456, 0.8515200614929199, 0.5813543796539307, 0.5231698751449585, 0.44102996587753296, 0.3928954005241394, 0.25965288281440735, 0.21102893352508545, 0.10493353009223938, 0.08680295944213867, 0.10048508644104004, 0.21185576915740967]], "sfx.logattacktime.mean": [0.23946702480316162], "sfx.inharmonicity.mean": [0.20691493153572083]}