{"lowlevel.spectral_centroid.mean": [0.3371756672859192], "lowlevel.spectral_contrast.mean": [[0.6333044171333313, 0.5887572765350342, 0.46526384353637695, 0.5366775989532471, 0.4323103427886963, 0.44095540046691895]], "lowlevel.dissonance.mean": [0.16054952144622803], "lowlevel.hfc.mean": [0.4675067663192749], "lowlevel.mfcc.mean": [[0.5092517137527466, 0.791520357131958, 0.6234430074691772, 0.6122458577156067, 0.5911501049995422, 0.6032332181930542, 0.17217117547988892, 0.15887302160263062, -0.012766838073730469, 0.22914856672286987, 0.37220659852027893, 0.4231857359409332, 0.48289626836776733]], "sfx.logattacktime.mean": [0.6399248242378235], "sfx.inharmonicity.mean": [0.37583768367767334]}