{"lowlevel.spectral_centroid.mean": [0.31174710392951965], "lowlevel.spectral_contrast.mean": [[0.4505648612976074, 0.35850322246551514, 0.5376237630844116, 0.3246173858642578, 0.2839188575744629, 0.32300806045532227]], "lowlevel.dissonance.mean": [0.6268898248672485], "lowlevel.hfc.mean": [0.46773767471313477], "lowlevel.mfcc.mean": [[0.4087843894958496, 0.9325448274612427, 0.9776173830032349, 0.7420031428337097, 0.6904308795928955, 0.6466538310050964, 0.6598753929138184, 0.6277275681495667, 0.5952056646347046, 0.553050696849823, 0.2792665958404541, 0.16526088118553162, 0.23988831043243408]], "sfx.logattacktime.mean": [0.45638060569763184], "sfx.inharmonicity.mean": [0.3708503246307373]}