{"lowlevel.spectral_centroid.mean": [0.3567325174808502], "lowlevel.spectral_contrast.mean": [[0.5601630210876465, 0.9421179294586182, 0.9061843156814575, 0.6881657838821411, 0.5689558982849121, 0.314314603805542]], "lowlevel.dissonance.mean": [0.013906359672546387], "lowlevel.hfc.mean": [0.4651244580745697], "lowlevel.mfcc.mean": [[0.26148879528045654, 0.5403409004211426, 0.48837387561798096, 0.20030586421489716, 0.25824084877967834, 0.10462403297424316, 0.25246089696884155, 0.3390304744243622, 0.10441997647285461, -0.1099996566772461, 0.08116549253463745, 0.34508949518203735, 0.5375136137008667]], "sfx.logattacktime.mean": [0.48093879222869873], "sfx.inharmonicity.mean": [0.32117021083831787]}