{"lowlevel.spectral_centroid.mean": [0.4459826946258545], "lowlevel.spectral_contrast.mean": [[0.3459947109222412, 0.6386928558349609, 0.6413112878799438, 0.916857123374939, 0.6834635734558105, 0.47574830055236816]], "lowlevel.dissonance.mean": [0.6445515155792236], "lowlevel.hfc.mean": [0.47530362010002136], "lowlevel.mfcc.mean": [[0.8622020483016968, 0.5595476627349854, 0.24470366537570953, 0.22830234467983246, 0.3577156662940979, 0.4270070791244507, 0.8175228238105774, 0.3373602628707886, 0.17220738530158997, 0.8232444524765015, 0.7640917897224426, 0.5579031109809875, 0.5329163074493408]], "sfx.logattacktime.mean": [0.3283311128616333], "sfx.inharmonicity.mean": [0.623481035232544]}