{"lowlevel.spectral_centroid.mean": [0.3274993896484375], "lowlevel.spectral_contrast.mean": [[0.5218764543533325, 0.5954639911651611, 0.5861973762512207, 0.5612778663635254, 0.583198070526123, 0.3212907314300537]], "lowlevel.dissonance.mean": [0.3434600830078125], "lowlevel.hfc.mean": [0.4710284173488617], "lowlevel.mfcc.mean": [[0.27072739601135254, 0.8334274291992188, 0.5108262300491333, 0.42165815830230713, 0.5890141725540161, 0.4601759910583496, 0.32404273748397827, 0.31537726521492004, 0.39892157912254333, 0.4056917130947113, 0.3883782923221588, 0.34134551882743835, 0.38638076186180115]], "sfx.logattacktime.mean": [0.27383163571357727], "sfx.inharmonicity.mean": [0.5391847491264343]}