{"lowlevel.spectral_centroid.mean": [0.31680652499198914], "lowlevel.spectral_contrast.mean": [[0.6258987784385681, 0.4396456480026245, 0.21809983253479004, 0.18670248985290527, 0.17050480842590332, 0.20855116844177246]], "lowlevel.dissonance.mean": [0.18098556995391846], "lowlevel.hfc.mean": [0.4654843211174011], "lowlevel.mfcc.mean": [[0.1470245122909546, 0.4496851861476898, 0.8900649547576904, 0.9433303475379944, 1.0349633693695068, 0.9580954313278198, 0.9179732203483582, 0.8003326654434204, 0.7458940744400024, 0.6571981906890869, 0.6259667873382568, 0.5594450235366821, 0.5389582514762878]], "sfx.logattacktime.mean": [0.21321985125541687], "sfx.inharmonicity.mean": [0.234221413731575]}