{"lowlevel.spectral_centroid.mean": [0.687650740146637], "lowlevel.spectral_contrast.mean": [[0.45390784740448, 0.19352388381958008, 0.6683119535446167, 0.29594969749450684, 0.832195520401001, 0.9267749786376953]], "lowlevel.dissonance.mean": [0.6307215690612793], "lowlevel.hfc.mean": [0.47771313786506653], "lowlevel.mfcc.mean": [[0.2576488256454468, 0.05799751728773117, 0.5815548896789551, 0.6010794639587402, 0.41807159781455994, 0.8857163190841675, 1.038719892501831, 1.261690616607666, 0.7150148749351501, 0.2445298582315445, 0.5913260579109192, 0.481433629989624, 0.7278525233268738]], "sfx.logattacktime.mean": [0.5618684887886047], "sfx.inharmonicity.mean": [0.47915878891944885]}