{"lowlevel.spectral_centroid.mean": [0.38554418087005615], "lowlevel.spectral_contrast.mean": [[0.8194995522499084, 1.3293359279632568, 0.8687707185745239, 0.3450920581817627, 0.32816195487976074, 0.3890495300292969]], "lowlevel.dissonance.mean": [-0.2816395163536072], "lowlevel.hfc.mean": [0.47739362716674805], "lowlevel.mfcc.mean": [[0.633385419845581, 0.512981116771698, 0.8532407283782959, 0.28377199172973633, -0.21460330486297607, -0.3849583864212036, -0.28932058811187744, -0.005398690700531006, 0.17276465892791748, 0.31917643547058105, 0.3335774540901184, 0.3543756604194641, 0.28861239552497864]], "sfx.logattacktime.mean": [0.3851116895675659], "sfx.inharmonicity.mean": [0.3665328621864319]}