{"lowlevel.spectral_centroid.mean": [0.7000687718391418], "lowlevel.spectral_contrast.mean": [[0.4244096279144287, 0.22336256504058838, 0.23287749290466309, 0.2860543727874756, 0.91274094581604, 1.0347280502319336]], "lowlevel.dissonance.mean": [0.7146854400634766], "lowlevel.hfc.mean": [0.49967750906944275], "lowlevel.mfcc.mean": [[0.20255935192108154, 0.17126968502998352, 0.7020370364189148, 0.8205496072769165, 0.5530812740325928, 0.9208479523658752, 1.1995844841003418, 0.12192907929420471, 1.26340913772583, 0.5270209312438965, 0.35057488083839417, 1.0670886039733887, 0.20985373854637146]], "sfx.logattacktime.mean": [0.5667911767959595], "sfx.inharmonicity.mean": [0.6601787805557251]}