{"lowlevel.spectral_centroid.mean": [0.3095985949039459], "lowlevel.spectral_contrast.mean": [[0.7823671102523804, 0.6400632858276367, 0.5213140249252319, 0.5689165592193604, 0.42545366287231445, 0.38635993003845215]], "lowlevel.dissonance.mean": [0.3222513198852539], "lowlevel.hfc.mean": [0.46557050943374634], "lowlevel.mfcc.mean": [[0.42433369159698486, 0.9541189670562744, 0.8397624492645264, 0.4033604562282562, 0.6063437461853027, 0.737955629825592, 0.609900176525116, 0.37336283922195435, 0.5735288858413696, 0.7015422582626343, 0.5988686084747314, 0.6991696357727051, 0.847467303276062]], "sfx.logattacktime.mean": [0.7288289070129395], "sfx.inharmonicity.mean": [0.22681118547916412]}