{"lowlevel.spectral_centroid.mean": [0.3444526493549347], "lowlevel.spectral_contrast.mean": [[0.5675582885742188, 0.7119252681732178, 0.6554210186004639, 0.5518431663513184, 0.3328580856323242, 0.31366395950317383]], "lowlevel.dissonance.mean": [-0.030438244342803955], "lowlevel.hfc.mean": [0.46966007351875305], "lowlevel.mfcc.mean": [[0.38749873638153076, 0.8293715715408325, 0.7976853251457214, 0.45510244369506836, 0.3338521122932434, 0.3024556636810303, 0.3331858515739441, 0.3693714141845703, 0.43682053685188293, 0.3973274230957031, 0.45482829213142395, 0.4772301912307739, 0.6372014284133911]], "sfx.logattacktime.mean": [0.19572234153747559], "sfx.inharmonicity.mean": [0.3738403618335724]}