{"lowlevel.spectral_centroid.mean": [0.31290683150291443], "lowlevel.spectral_contrast.mean": [[0.7375590205192566, 0.4555460214614868, 0.2834005355834961, 0.22558975219726562, 0.15625858306884766, 0.19803357124328613]], "lowlevel.dissonance.mean": [0.21618008613586426], "lowlevel.hfc.mean": [0.4657692015171051], "lowlevel.mfcc.mean": [[0.1924043893814087, 0.5561608672142029, 0.9503943920135498, 0.8905316591262817, 0.8915877342224121, 0.8081923723220825, 0.8047640323638916, 0.7075195908546448, 0.6439338326454163, 0.5448859930038452, 0.5352014303207397, 0.5084518194198608, 0.5263996124267578]], "sfx.logattacktime.mean": [0.23360571265220642], "sfx.inharmonicity.mean": [0.19211216270923615]}