{"lowlevel.spectral_centroid.mean": [0.36623990535736084], "lowlevel.spectral_contrast.mean": [[0.9269747138023376, 0.32250726222991943, 0.2853677272796631, 0.307811975479126, 0.35195302963256836, 0.4172508716583252]], "lowlevel.dissonance.mean": [0.6729207038879395], "lowlevel.hfc.mean": [0.4686345160007477], "lowlevel.mfcc.mean": [[0.5934996604919434, 0.23874151706695557, 0.8815109729766846, 1.0229418277740479, 1.12972092628479, 1.1437156200408936, 1.0422617197036743, 0.9653126001358032, 0.8000550270080566, 0.7017746567726135, 0.5503546595573425, 0.4950909912586212, 0.39983633160591125]], "sfx.logattacktime.mean": [0.3024488091468811], "sfx.inharmonicity.mean": [0.2782450020313263]}