{"lowlevel.spectral_centroid.mean": [0.45799219608306885], "lowlevel.spectral_contrast.mean": [[0.4564892053604126, 0.49611401557922363, 0.5119349956512451, 0.48715972900390625, 0.8953757286071777, 0.5887677669525146]], "lowlevel.dissonance.mean": [0.534843921661377], "lowlevel.hfc.mean": [0.47593554854393005], "lowlevel.mfcc.mean": [[0.5737593173980713, 0.8250864744186401, 0.1457664668560028, 0.4678647518157959, 0.603507399559021, 0.1913047730922699, 0.597210168838501, 0.5726000666618347, 0.5093011856079102, 0.44840049743652344, 0.4652658700942993, 0.3580915927886963, 0.41488000750541687]], "sfx.logattacktime.mean": [0.6255343556404114], "sfx.inharmonicity.mean": [0.4788506031036377]}