{"lowlevel.spectral_centroid.mean": [0.39589494466781616], "lowlevel.spectral_contrast.mean": [[1.1100702285766602, 0.7886601686477661, 0.898736834526062, 0.9385764598846436, 0.9585318565368652, 0.6666545867919922]], "lowlevel.dissonance.mean": [0.1079174280166626], "lowlevel.hfc.mean": [0.475106418132782], "lowlevel.mfcc.mean": [[0.4420006275177002, 0.4587854743003845, 0.38530948758125305, 0.7470992207527161, 0.5211222767829895, 0.31134849786758423, 0.07268136739730835, 0.015892833471298218, 0.09171280264854431, 0.04349347949028015, -0.17942512035369873, -0.44054532051086426, -0.474573016166687]], "sfx.logattacktime.mean": [0.4422975182533264], "sfx.inharmonicity.mean": [0.24399815499782562]}