{"lowlevel.spectral_centroid.mean": [0.33220773935317993], "lowlevel.spectral_contrast.mean": [[0.952034056186676, 0.9576894044876099, 0.5333672761917114, 0.5808460712432861, 0.5709571838378906, 0.5047996044158936]], "lowlevel.dissonance.mean": [0.032131075859069824], "lowlevel.hfc.mean": [0.4748894274234772], "lowlevel.mfcc.mean": [[0.4368366003036499, 0.6040182709693909, 0.7129620313644409, 0.9485783576965332, 0.7366980314254761, 0.560205340385437, 0.4310292899608612, 0.4005652070045471, 0.5334610342979431, 0.5957757830619812, 0.5864382386207581, 0.5471660494804382, 0.6337174773216248]], "sfx.logattacktime.mean": [0.34229063987731934], "sfx.inharmonicity.mean": [0.23982304334640503]}