{"lowlevel.spectral_centroid.mean": [0.3388315737247467], "lowlevel.spectral_contrast.mean": [[0.9195899963378906, 0.7617412805557251, 0.5100253820419312, 0.25992584228515625, 0.1664752960205078, 0.1972811222076416]], "lowlevel.dissonance.mean": [-0.264858603477478], "lowlevel.hfc.mean": [0.4658665657043457], "lowlevel.mfcc.mean": [[0.18588471412658691, 0.5126416087150574, 0.8104720711708069, 0.6116652488708496, 0.5746352672576904, 0.5051889419555664, 0.4901852309703827, 0.360458105802536, 0.27327248454093933, 0.11363634467124939, 0.004449963569641113, -0.1186867356300354, -0.09299743175506592]], "sfx.logattacktime.mean": [0.22914335131645203], "sfx.inharmonicity.mean": [0.21995995938777924]}