{"lowlevel.spectral_centroid.mean": [0.46800822019577026], "lowlevel.spectral_contrast.mean": [[0.21363162994384766, 1.119485855102539, 1.0404692888259888, 1.2003085613250732, 0.9702267646789551, 0.6860966682434082]], "lowlevel.dissonance.mean": [0.46333563327789307], "lowlevel.hfc.mean": [0.4843599796295166], "lowlevel.mfcc.mean": [[0.5667330026626587, 0.34435001015663147, 0.11512792110443115, 0.44555091857910156, 0.37855473160743713, 0.11658504605293274, -0.0042171478271484375, 0.15231770277023315, 0.2943636476993561, 0.22927626967430115, 0.2150009274482727, 0.818095326423645, 0.8375064134597778]], "sfx.logattacktime.mean": [0.552027702331543], "sfx.inharmonicity.mean": [0.3899374008178711]}