{"lowlevel.spectral_centroid.mean": [0.3974820673465729], "lowlevel.spectral_contrast.mean": [[0.5424797534942627, 0.5178965330123901, 0.42306971549987793, 0.2704803943634033, 0.20529794692993164, 0.24048590660095215]], "lowlevel.dissonance.mean": [0.018886327743530273], "lowlevel.hfc.mean": [0.46516478061676025], "lowlevel.mfcc.mean": [[0.1646651029586792, 0.41383352875709534, 0.7184352278709412, 0.6006516814231873, 0.605258584022522, 0.5621262192726135, 0.5664646029472351, 0.4609265923500061, 0.44014912843704224, 0.33375614881515503, 0.278866171836853, 0.3044087290763855, 0.256867378950119]], "sfx.logattacktime.mean": [0.24852624535560608], "sfx.inharmonicity.mean": [0.23998385667800903]}