{"lowlevel.spectral_centroid.mean": [0.43460962176322937], "lowlevel.spectral_contrast.mean": [[0.7240156531333923, 0.3745213747024536, 0.30188703536987305, 0.3260006904602051, 0.2634725570678711, 0.3063778877258301]], "lowlevel.dissonance.mean": [0.6062710285186768], "lowlevel.hfc.mean": [0.4658318758010864], "lowlevel.mfcc.mean": [[0.3411494493484497, 0.5297268629074097, 0.8487682938575745, 0.7139102816581726, 0.7356514930725098, 0.7131072282791138, 0.7430340647697449, 0.6582410931587219, 0.6398959159851074, 0.6390511393547058, 0.7344350814819336, 0.7621169090270996, 0.7473702430725098]], "sfx.logattacktime.mean": [0.5623167753219604], "sfx.inharmonicity.mean": [0.34403350949287415]}