{"lowlevel.spectral_centroid.mean": [0.3409821689128876], "lowlevel.spectral_contrast.mean": [[0.5647141933441162, 1.0352067947387695, 0.8966188430786133, 0.8081148862838745, 0.7831265926361084, 0.7586967945098877]], "lowlevel.dissonance.mean": [0.30575013160705566], "lowlevel.hfc.mean": [0.4725622534751892], "lowlevel.mfcc.mean": [[0.649998664855957, 0.8892734050750732, 0.38400572538375854, 0.48791494965553284, 0.3025711178779602, 0.2568579316139221, 0.23768958449363708, 0.16280990839004517, 0.1964285969734192, 0.24074384570121765, 0.18600282073020935, 0.33553245663642883, 0.49818873405456543]], "sfx.logattacktime.mean": [0.5248008370399475], "sfx.inharmonicity.mean": [1.039081335067749]}