{"lowlevel.spectral_centroid.mean": [0.3377498686313629], "lowlevel.spectral_contrast.mean": [[0.38327348232269287, 0.38036489486694336, 0.36608338356018066, 0.5252740383148193, 0.2809896469116211, 0.2647058963775635]], "lowlevel.dissonance.mean": [0.45158207416534424], "lowlevel.hfc.mean": [0.46620500087738037], "lowlevel.mfcc.mean": [[0.32538437843322754, 0.760638952255249, 0.7845792770385742, 0.3003975749015808, 0.4279368817806244, 0.670607328414917, 0.7674492597579956, 0.6006364226341248, 0.5555843114852905, 0.5759005546569824, 0.5668843388557434, 0.44291186332702637, 0.4341326355934143]], "sfx.logattacktime.mean": [0.5125572681427002], "sfx.inharmonicity.mean": [0.21878938376903534]}