{"lowlevel.spectral_centroid.mean": [0.3384779393672943], "lowlevel.spectral_contrast.mean": [[0.8020070195198059, 0.4883115291595459, 0.427021861076355, 0.2792518138885498, 0.17961573600769043, 0.2031724452972412]], "lowlevel.dissonance.mean": [-0.19345510005950928], "lowlevel.hfc.mean": [0.4654369056224823], "lowlevel.mfcc.mean": [[0.188645601272583, 0.5288395285606384, 0.8607732653617859, 0.7233809232711792, 0.736907422542572, 0.706391453742981, 0.7220932841300964, 0.6045051217079163, 0.49585288763046265, 0.3157094717025757, 0.23352515697479248, 0.19975993037223816, 0.2777177691459656]], "sfx.logattacktime.mean": [0.12181267142295837], "sfx.inharmonicity.mean": [0.24666902422904968]}