{"lowlevel.spectral_centroid.mean": [0.3267143964767456], "lowlevel.spectral_contrast.mean": [[0.5426217317581177, 0.300922155380249, 0.4071546792984009, 0.440274715423584, 0.4151265621185303, 0.6309914588928223]], "lowlevel.dissonance.mean": [0.6782983541488647], "lowlevel.hfc.mean": [0.4654918909072876], "lowlevel.mfcc.mean": [[0.6356722116470337, 0.7375290393829346, 0.3815801441669464, 0.5872881412506104, 0.5072999000549316, 0.9585144519805908, 0.6397475600242615, 0.8841654658317566, 0.5657185316085815, 0.7188464999198914, 0.6244651079177856, 0.6447052359580994, 0.5630699396133423]], "sfx.logattacktime.mean": [0.7157164216041565], "sfx.inharmonicity.mean": [0.8611240386962891]}