{"lowlevel.spectral_centroid.mean": [0.31047895550727844], "lowlevel.spectral_contrast.mean": [[0.8676970601081848, 0.6536072492599487, 0.5715562105178833, 0.5673236846923828, 0.44103360176086426, 0.29857587814331055]], "lowlevel.dissonance.mean": [-0.005389690399169922], "lowlevel.hfc.mean": [0.4656752049922943], "lowlevel.mfcc.mean": [[0.34805989265441895, 0.8289809226989746, 0.9158885478973389, 0.6488500237464905, 0.6427435874938965, 0.43561995029449463, 0.33959537744522095, 0.27781227231025696, 0.3228786587715149, 0.4013042449951172, 0.4541029930114746, 0.22357642650604248, -0.01421499252319336]], "sfx.logattacktime.mean": [0.23127275705337524], "sfx.inharmonicity.mean": [0.27669858932495117]}