{"lowlevel.spectral_centroid.mean": [0.3451778292655945], "lowlevel.spectral_contrast.mean": [[0.5795623064041138, 0.5576044321060181, 0.5051206350326538, 0.5686013698577881, 0.38895225524902344, 0.23733854293823242]], "lowlevel.dissonance.mean": [0.15114200115203857], "lowlevel.hfc.mean": [0.4655475616455078], "lowlevel.mfcc.mean": [[0.3349494934082031, 0.775619387626648, 0.7137832045555115, 0.11902168393135071, 0.08586516976356506, 0.1656927466392517, 0.26544180512428284, 0.23094254732131958, 0.22365009784698486, 0.1882832646369934, 0.28351297974586487, 0.33676502108573914, 0.39983877539634705]], "sfx.logattacktime.mean": [0.5620949864387512], "sfx.inharmonicity.mean": [0.3711720108985901]}