{"lowlevel.spectral_centroid.mean": [0.3599579632282257], "lowlevel.spectral_contrast.mean": [[1.021620273590088, 1.2148430347442627, 0.8326989412307739, 0.7564151287078857, 0.8349437713623047, 0.9448816776275635]], "lowlevel.dissonance.mean": [0.6175302267074585], "lowlevel.hfc.mean": [0.9412499666213989], "lowlevel.mfcc.mean": [[1.2520198822021484, 0.7180856466293335, 0.3560195565223694, 0.682265043258667, 0.34377574920654297, 0.4832165241241455, 0.2522602081298828, 0.3744620978832245, 0.5414079427719116, 0.2775970697402954, 0.46493056416511536, 0.6609514951705933, 0.534178614616394]], "sfx.logattacktime.mean": [0.5468496680259705], "sfx.inharmonicity.mean": [0.4397236406803131]}