{"lowlevel.spectral_centroid.mean": [0.37048250436782837], "lowlevel.spectral_contrast.mean": [[0.5337492227554321, 0.8632315397262573, 1.1215416193008423, 0.31069040298461914, 0.11354446411132812, 0.11167407035827637]], "lowlevel.dissonance.mean": [-0.2362196445465088], "lowlevel.hfc.mean": [0.4678676426410675], "lowlevel.mfcc.mean": [[0.08787977695465088, 0.7184345722198486, 0.6607459783554077, -0.2337801456451416, -0.6414307951927185, -0.46110332012176514, 0.08814561367034912, 0.32078325748443604, 0.2387828528881073, 0.09248459339141846, 0.36437085270881653, 0.8524620532989502, 1.2068634033203125]], "sfx.logattacktime.mean": [0.7218105792999268], "sfx.inharmonicity.mean": [0.8251819610595703]}