{"lowlevel.spectral_centroid.mean": [0.3140963315963745], "lowlevel.spectral_contrast.mean": [[0.6169431209564209, 0.5943801403045654, 0.5762410163879395, 0.5353851318359375, 0.39806175231933594, 0.31032848358154297]], "lowlevel.dissonance.mean": [0.5522356033325195], "lowlevel.hfc.mean": [0.4652590751647949], "lowlevel.mfcc.mean": [[0.3629882335662842, 0.8861273527145386, 0.9507079720497131, 0.522159993648529, 0.5184449553489685, 0.49683016538619995, 0.4750802516937256, 0.4448886513710022, 0.5213494896888733, 0.5031405091285706, 0.5090464949607849, 0.477392315864563, 0.47712451219558716]], "sfx.logattacktime.mean": [0.39598342776298523], "sfx.inharmonicity.mean": [0.24066142737865448]}