{"lowlevel.spectral_centroid.mean": [0.3540797829627991], "lowlevel.spectral_contrast.mean": [[0.18293607234954834, 0.31766748428344727, 0.36548566818237305, 0.3808150291442871, 0.4011244773864746, 0.3400242328643799]], "lowlevel.dissonance.mean": [0.47106289863586426], "lowlevel.hfc.mean": [0.4654255509376526], "lowlevel.mfcc.mean": [[0.2805734872817993, 0.7784923315048218, 0.45179829001426697, 0.35408011078834534, 0.4697886109352112, 0.4892013967037201, 0.4178500175476074, 0.42091354727745056, 0.47340837121009827, 0.5309260487556458, 0.6171284317970276, 0.5603394508361816, 0.5167032480239868]], "sfx.logattacktime.mean": [0.41135069727897644], "sfx.inharmonicity.mean": [0.9450690746307373]}