{"lowlevel.spectral_centroid.mean": [0.7422391176223755], "lowlevel.spectral_contrast.mean": [[0.48965156078338623, 0.19706761837005615, 0.6629800796508789, 0.48307180404663086, 0.8810687065124512, 0.9637887477874756]], "lowlevel.dissonance.mean": [0.5884125232696533], "lowlevel.hfc.mean": [0.4842328131198883], "lowlevel.mfcc.mean": [[0.2453857660293579, 0.08601652830839157, 0.5244646668434143, 0.46018505096435547, 0.566698431968689, 0.6302883625030518, 0.9240880012512207, 1.2767128944396973, 0.9271788597106934, 0.43729275465011597, 0.8905200362205505, -0.03398692607879639, 0.5714921951293945]], "sfx.logattacktime.mean": [0.5521635413169861], "sfx.inharmonicity.mean": [0.5729105472564697]}