{"lowlevel.spectral_centroid.mean": [1.0111128091812134], "lowlevel.spectral_contrast.mean": [[0.28385043144226074, 0.6991952657699585, 0.7012434005737305, 0.46740078926086426, 0.5781276226043701, 0.6940994262695312]], "lowlevel.dissonance.mean": [0.24345767498016357], "lowlevel.hfc.mean": [0.5730898380279541], "lowlevel.mfcc.mean": [[0.47446680068969727, 0.3334813416004181, 0.16120800375938416, 0.3529466986656189, -0.018429696559906006, 0.05610990524291992, 0.12459293007850647, 0.4396972954273224, 0.7716671228408813, 0.6564158201217651, 0.44561824202537537, 0.28755658864974976, 0.17349502444267273]], "sfx.logattacktime.mean": [0.402179092168808], "sfx.inharmonicity.mean": [0.6881771087646484]}