{"lowlevel.spectral_centroid.mean": [0.40100473165512085], "lowlevel.spectral_contrast.mean": [[0.19870209693908691, 1.4991767406463623, 1.4797507524490356, 1.775826096534729, 1.4265687465667725, 0.9489841461181641]], "lowlevel.dissonance.mean": [0.08683836460113525], "lowlevel.hfc.mean": [0.48830392956733704], "lowlevel.mfcc.mean": [[0.5055534839630127, 0.25260448455810547, 0.05767175555229187, 0.5797423124313354, 0.1588614583015442, 0.5323364734649658, 0.5253911018371582, 0.2519855499267578, 0.794292151927948, 1.653730034828186, 1.2843122482299805, 0.8979012966156006, 0.421011358499527]], "sfx.logattacktime.mean": [0.33318236470222473], "sfx.inharmonicity.mean": [0.22881686687469482]}