{"lowlevel.spectral_centroid.mean": [0.35320693254470825], "lowlevel.spectral_contrast.mean": [[0.2969939708709717, 1.2580106258392334, 0.8531661033630371, 0.5902650356292725, 0.3965432643890381, 0.3268117904663086]], "lowlevel.dissonance.mean": [-0.13357555866241455], "lowlevel.hfc.mean": [0.47893863916397095], "lowlevel.mfcc.mean": [[0.2967435121536255, 0.6480240821838379, 0.6874801516532898, 0.40284809470176697, 0.3860052824020386, 0.20879870653152466, 0.08434849977493286, 0.018054544925689697, 0.04306676983833313, -0.0011373162269592285, 0.14827626943588257, 0.3640759289264679, 0.5195264220237732]], "sfx.logattacktime.mean": [0.287411093711853], "sfx.inharmonicity.mean": [0.5349926948547363]}