{"lowlevel.spectral_centroid.mean": [0.40926748514175415], "lowlevel.spectral_contrast.mean": [[0.19704532623291016, 0.2719465494155884, 0.3575437068939209, 0.43376708030700684, 0.573890209197998, 0.38367414474487305]], "lowlevel.dissonance.mean": [0.6922931671142578], "lowlevel.hfc.mean": [0.46527501940727234], "lowlevel.mfcc.mean": [[0.3872401714324951, 0.7875021696090698, 0.2349424809217453, 0.31461676955223083, 0.7246978878974915, 0.5079852938652039, 0.6225172877311707, 0.5032021403312683, 0.38389766216278076, 0.4141760468482971, 0.6952118873596191, 0.4382249116897583, 0.5068054795265198]], "sfx.logattacktime.mean": [0.625859797000885], "sfx.inharmonicity.mean": [1.0700763463974]}