{"lowlevel.spectral_centroid.mean": [0.44418537616729736], "lowlevel.spectral_contrast.mean": [[0.7719125747680664, 0.3550184965133667, 0.40589797496795654, 0.3719017505645752, 0.394176721572876, 0.520636796951294]], "lowlevel.dissonance.mean": [0.48953163623809814], "lowlevel.hfc.mean": [0.49084702134132385], "lowlevel.mfcc.mean": [[0.5688256025314331, 0.5238386392593384, 0.7920475602149963, 0.5789458155632019, 0.5653651356697083, 0.9139999151229858, 0.5760549902915955, 0.836794376373291, 0.7955309152603149, 0.6744455099105835, 0.7675134539604187, 0.7609238028526306, 0.7258102893829346]], "sfx.logattacktime.mean": [0.708819568157196], "sfx.inharmonicity.mean": [0.8778542280197144]}