{"lowlevel.spectral_centroid.mean": [0.6049451231956482], "lowlevel.spectral_contrast.mean": [[0.15546417236328125, 0.16387712955474854, 0.22171592712402344, 0.7844753265380859, 0.47281575202941895, 0.5045289993286133]], "lowlevel.dissonance.mean": [0.5497188568115234], "lowlevel.hfc.mean": [0.46723464131355286], "lowlevel.mfcc.mean": [[-0.024098873138427734, 0.1773606389760971, 0.5308218598365784, 0.46180248260498047, 0.5578728914260864, 1.065110206604004, 0.9179509282112122, 0.33191269636154175, 0.15160584449768066, 0.39692914485931396, 0.9430241584777832, 0.8780090808868408, 0.7733093500137329]], "sfx.logattacktime.mean": [0.41802525520324707], "sfx.inharmonicity.mean": [0.4977324306964874]}