{"lowlevel.spectral_centroid.mean": [0.3276546597480774], "lowlevel.spectral_contrast.mean": [[0.841229259967804, 0.6281299591064453, 0.46151745319366455, 0.3477213382720947, 0.3222014904022217, 0.33507728576660156]], "lowlevel.dissonance.mean": [-0.08758246898651123], "lowlevel.hfc.mean": [0.46558457612991333], "lowlevel.mfcc.mean": [[0.3098222017288208, 0.6230142116546631, 0.6749081611633301, 0.5164227485656738, 0.32422977685928345, 0.05054658651351929, -0.019559264183044434, -0.13637131452560425, 0.008854418992996216, 0.061194002628326416, 0.044243961572647095, 0.01374506950378418, 0.13627007603645325]], "sfx.logattacktime.mean": [0.1906091272830963], "sfx.inharmonicity.mean": [0.4198252558708191]}