{"lowlevel.spectral_centroid.mean": [0.32858532667160034], "lowlevel.spectral_contrast.mean": [[0.41472697257995605, 0.6087090969085693, 0.454836368560791, 0.3664989471435547, 0.25103163719177246, 0.2220015525817871]], "lowlevel.dissonance.mean": [-0.10447859764099121], "lowlevel.hfc.mean": [0.46523672342300415], "lowlevel.mfcc.mean": [[-0.0022231340408325195, 0.5396524667739868, 0.784003496170044, 0.5947263836860657, 0.5419014692306519, 0.36703506112098694, 0.2835766077041626, 0.23346124589443207, 0.33213889598846436, 0.42324647307395935, 0.5266891121864319, 0.4338650405406952, 0.2958739399909973]], "sfx.logattacktime.mean": [0.926486611366272], "sfx.inharmonicity.mean": [0.29102492332458496]}