{"lowlevel.spectral_centroid.mean": [0.3385881185531616], "lowlevel.spectral_contrast.mean": [[0.7840248942375183, 0.38533997535705566, 0.33462977409362793, 0.35965681076049805, 0.3525087833404541, 0.3149409294128418]], "lowlevel.dissonance.mean": [0.4886622428894043], "lowlevel.hfc.mean": [0.4677732288837433], "lowlevel.mfcc.mean": [[0.20437836647033691, 0.5411484241485596, 0.8809964656829834, 0.8856188058853149, 0.9715901613235474, 0.8737851977348328, 0.8575961589813232, 0.828477144241333, 0.7824496030807495, 0.631568431854248, 0.6036790013313293, 0.569379985332489, 0.500541090965271]], "sfx.logattacktime.mean": [0.26693758368492126], "sfx.inharmonicity.mean": [0.20411789417266846]}