{"lowlevel.spectral_centroid.mean": [0.365219384431839], "lowlevel.spectral_contrast.mean": [[0.5961410999298096, 0.24721527099609375, 0.29897379875183105, 0.5542068481445312, 0.53755784034729, 0.4416658878326416]], "lowlevel.dissonance.mean": [0.6872388124465942], "lowlevel.hfc.mean": [0.47940507531166077], "lowlevel.mfcc.mean": [[0.22304534912109375, 0.35455387830734253, 0.6048544049263, 0.6137786507606506, 0.6895712018013, 0.7747849225997925, 0.8259902000427246, 0.7660523653030396, 0.5662726759910583, 0.8690884113311768, 1.1288261413574219, 0.5136966109275818, 0.2781827449798584]], "sfx.logattacktime.mean": [0.26223739981651306], "sfx.inharmonicity.mean": [0.3138081133365631]}