{"lowlevel.spectral_centroid.mean": [0.37902846932411194], "lowlevel.spectral_contrast.mean": [[0.27488529682159424, 0.3013695478439331, 0.3616049289703369, 0.39981555938720703, 0.45026278495788574, 0.3965466022491455]], "lowlevel.dissonance.mean": [0.6777611970901489], "lowlevel.hfc.mean": [0.4653192162513733], "lowlevel.mfcc.mean": [[0.445825457572937, 0.7703267335891724, 0.347900390625, 0.43000587821006775, 0.6932789087295532, 0.5823830962181091, 0.6302264928817749, 0.4045812487602234, 0.6168276071548462, 0.5482786893844604, 0.5921778678894043, 0.4047781527042389, 0.5978983044624329]], "sfx.logattacktime.mean": [0.5944384932518005], "sfx.inharmonicity.mean": [1.1064971685409546]}