{"lowlevel.spectral_centroid.mean": [0.38408929109573364], "lowlevel.spectral_contrast.mean": [[0.5174763202667236, 1.3832204341888428, 1.3934712409973145, 1.507012128829956, 1.2739965915679932, 0.6874282360076904]], "lowlevel.dissonance.mean": [0.36046302318573], "lowlevel.hfc.mean": [0.569102942943573], "lowlevel.mfcc.mean": [[0.8025304079055786, 0.6042274236679077, -0.033437579870224, 0.38074734807014465, 0.3260396122932434, 0.2805749773979187, 0.26946792006492615, 0.43975040316581726, 0.15257877111434937, 0.12615689635276794, 0.3545382618904114, 0.7551435828208923, 0.5096301436424255]], "sfx.logattacktime.mean": [0.517765998840332], "sfx.inharmonicity.mean": [0.30704590678215027]}