{"lowlevel.spectral_centroid.mean": [0.7075748443603516], "lowlevel.spectral_contrast.mean": [[0.41474175453186035, 0.21963751316070557, 0.23206257820129395, 0.2828190326690674, 0.890068769454956, 0.9359927177429199]], "lowlevel.dissonance.mean": [0.6842433214187622], "lowlevel.hfc.mean": [0.4968601167201996], "lowlevel.mfcc.mean": [[0.20019614696502686, 0.16717728972434998, 0.6997542381286621, 0.8068809509277344, 0.5568033456802368, 0.9322956800460815, 1.1531667709350586, 0.1692286729812622, 1.2270702123641968, 0.5357227921485901, 0.3683798909187317, 1.02998685836792, 0.24228596687316895]], "sfx.logattacktime.mean": [0.5667931437492371], "sfx.inharmonicity.mean": [0.7063660621643066]}