{"lowlevel.spectral_centroid.mean": [0.42736539244651794], "lowlevel.spectral_contrast.mean": [[0.19418811798095703, 0.1915135383605957, 1.781332015991211, 1.605239748954773, 1.629689335823059, 1.1130385398864746]], "lowlevel.dissonance.mean": [0.23553848266601562], "lowlevel.hfc.mean": [0.5001837015151978], "lowlevel.mfcc.mean": [[0.491202712059021, 0.18745091557502747, 0.15305006504058838, 0.419203519821167, 0.20588114857673645, 0.591171145439148, 0.7042117118835449, 1.369635820388794, 1.554161548614502, 0.8754348754882812, -0.7408862709999084, -1.080451250076294, -0.42140984535217285]], "sfx.logattacktime.mean": [0.32300126552581787], "sfx.inharmonicity.mean": [0.3817458748817444]}