{"lowlevel.spectral_centroid.mean": [0.42025601863861084], "lowlevel.spectral_contrast.mean": [[0.5135681629180908, 0.7322708368301392, 0.2978339195251465, 0.29448962211608887, 0.4197981357574463, 0.3137385845184326]], "lowlevel.dissonance.mean": [0.6124650239944458], "lowlevel.hfc.mean": [0.4889385402202606], "lowlevel.mfcc.mean": [[0.3185948133468628, 0.5391876697540283, 0.5783213973045349, 0.5183053016662598, 0.4884570837020874, 0.168454110622406, 0.0823826789855957, 0.19871321320533752, 0.10531756281852722, 0.32797276973724365, 0.5544646978378296, 0.5854803323745728, 0.7472239136695862]], "sfx.logattacktime.mean": [0.6485996842384338], "sfx.inharmonicity.mean": [0.3982643485069275]}