{"lowlevel.spectral_centroid.mean": [0.42866140604019165], "lowlevel.spectral_contrast.mean": [[0.31856870651245117, 0.581023097038269, 0.30367040634155273, 0.29872751235961914, 0.2793459892272949, 0.31943440437316895]], "lowlevel.dissonance.mean": [0.5469204187393188], "lowlevel.hfc.mean": [0.46517953276634216], "lowlevel.mfcc.mean": [[0.37695086002349854, 0.4846023917198181, 0.653447151184082, 0.4626676142215729, 0.47997361421585083, 0.43382516503334045, 0.4158298969268799, 0.3838329613208771, 0.399935245513916, 0.4301028549671173, 0.49479570984840393, 0.5194741487503052, 0.5715748071670532]], "sfx.logattacktime.mean": [0.390350878238678], "sfx.inharmonicity.mean": [0.3180603086948395]}