{"lowlevel.spectral_centroid.mean": [0.33190855383872986], "lowlevel.spectral_contrast.mean": [[0.5963332653045654, 0.6982831954956055, 0.7336664199829102, 0.5716450214385986, 0.583317756652832, 0.5233259201049805]], "lowlevel.dissonance.mean": [0.35737311840057373], "lowlevel.hfc.mean": [0.4685564935207367], "lowlevel.mfcc.mean": [[0.6495112180709839, 1.0832973718643188, 0.4453768730163574, 0.5412014126777649, 0.5293095707893372, 0.21189716458320618, 0.6931458115577698, 0.41723835468292236, 0.2272963523864746, 0.3549309968948364, 0.30901986360549927, 0.4246394634246826, 0.6147947907447815]], "sfx.logattacktime.mean": [0.562258780002594], "sfx.inharmonicity.mean": [0.3220251798629761]}