{"lowlevel.spectral_centroid.mean": [0.33639365434646606], "lowlevel.spectral_contrast.mean": [[0.7483813762664795, 0.8649533987045288, 0.6605316400527954, 0.67548668384552, 0.5707123279571533, 0.36441922187805176]], "lowlevel.dissonance.mean": [0.29715919494628906], "lowlevel.hfc.mean": [0.4678824841976166], "lowlevel.mfcc.mean": [[0.46013522148132324, 0.6626578569412231, 0.4960283935070038, 0.4071061909198761, 0.5519382953643799, 0.32782456278800964, 0.2781130075454712, 0.18691745400428772, 0.0079115629196167, -0.04739612340927124, 0.1319715976715088, 0.11786279082298279, 0.01807945966720581]], "sfx.logattacktime.mean": [0.6512066125869751], "sfx.inharmonicity.mean": [0.2676698863506317]}