{"lowlevel.spectral_centroid.mean": [0.37140709161758423], "lowlevel.spectral_contrast.mean": [[0.31276655197143555, 1.0452795028686523, 0.6082895994186401, 0.6477725505828857, 0.435915470123291, 0.3436458110809326]], "lowlevel.dissonance.mean": [-0.03846031427383423], "lowlevel.hfc.mean": [0.47647130489349365], "lowlevel.mfcc.mean": [[0.2554219961166382, 0.5499651432037354, 0.6034920811653137, 0.3994098901748657, 0.521732747554779, 0.36434584856033325, 0.2198408544063568, 0.2304278165102005, 0.3778725862503052, 0.5030750036239624, 0.7939715385437012, 0.9730542898178101, 0.9005265235900879]], "sfx.logattacktime.mean": [0.25680798292160034], "sfx.inharmonicity.mean": [0.3181757926940918]}