{"lowlevel.spectral_centroid.mean": [0.32545483112335205], "lowlevel.spectral_contrast.mean": [[0.6830546259880066, 0.6744937896728516, 0.643000602722168, 0.4912729263305664, 0.400221586227417, 0.35315966606140137]], "lowlevel.dissonance.mean": [0.4990711212158203], "lowlevel.hfc.mean": [0.4685497581958771], "lowlevel.mfcc.mean": [[0.4943380355834961, 0.9918005466461182, 0.7864056825637817, 0.5115256905555725, 0.6148643493652344, 0.5232813358306885, 0.2987685203552246, 0.275418758392334, 0.5095261931419373, 0.5790541172027588, 0.40374675393104553, 0.08903965353965759, 0.11325716972351074]], "sfx.logattacktime.mean": [0.8586379885673523], "sfx.inharmonicity.mean": [0.2380632907152176]}