{"lowlevel.spectral_centroid.mean": [0.46829429268836975], "lowlevel.spectral_contrast.mean": [[0.45312440395355225, 0.9489532709121704, 0.679581880569458, 0.6470856666564941, 0.7138433456420898, 0.37828588485717773]], "lowlevel.dissonance.mean": [0.32757842540740967], "lowlevel.hfc.mean": [0.47151979804039], "lowlevel.mfcc.mean": [[0.3535330295562744, 0.4468490183353424, 0.43130823969841003, 0.7548266649246216, 0.6781802177429199, 0.27295422554016113, 0.3127915859222412, 0.23417310416698456, 0.13604766130447388, 0.31200844049453735, 0.26077380776405334, 0.20525318384170532, 0.49425145983695984]], "sfx.logattacktime.mean": [0.2768639326095581], "sfx.inharmonicity.mean": [0.41588592529296875]}