{"lowlevel.spectral_centroid.mean": [0.4014379382133484], "lowlevel.spectral_contrast.mean": [[0.4574211835861206, 1.4360206127166748, 1.2583940029144287, 1.0328179597854614, 1.4673584699630737, 0.8924107551574707]], "lowlevel.dissonance.mean": [0.27722930908203125], "lowlevel.hfc.mean": [0.513422966003418], "lowlevel.mfcc.mean": [[0.7645007371902466, 0.37107640504837036, 0.09818226099014282, 0.6405647397041321, 0.1807461380958557, -0.07234042882919312, 0.12759628891944885, 0.87330162525177, 0.2769319713115692, 0.2835719883441925, 1.2937257289886475, 1.7088205814361572, 1.4137675762176514]], "sfx.logattacktime.mean": [0.5091961622238159], "sfx.inharmonicity.mean": [0.3382886052131653]}