{"lowlevel.spectral_centroid.mean": [0.38797876238822937], "lowlevel.spectral_contrast.mean": [[0.2975224256515503, 0.5682138204574585, 0.2912635803222656, 0.20287227630615234, 0.20249342918395996, 0.20708894729614258]], "lowlevel.dissonance.mean": [0.1408001184463501], "lowlevel.hfc.mean": [0.46512746810913086], "lowlevel.mfcc.mean": [[0.13757312297821045, 0.393636554479599, 0.7479956150054932, 0.6903518438339233, 0.6908012628555298, 0.5853248834609985, 0.587507963180542, 0.4878075420856476, 0.4695710241794586, 0.4060322046279907, 0.33849459886550903, 0.3008451461791992, 0.3877534866333008]], "sfx.logattacktime.mean": [0.27125099301338196], "sfx.inharmonicity.mean": [0.2585364580154419]}