{"lowlevel.spectral_centroid.mean": [0.33982616662979126], "lowlevel.spectral_contrast.mean": [[0.6112750768661499, 0.7647438049316406, 0.6478387117385864, 0.4654862880706787, 0.44109439849853516, 0.35625743865966797]], "lowlevel.dissonance.mean": [0.23411524295806885], "lowlevel.hfc.mean": [0.46531933546066284], "lowlevel.mfcc.mean": [[0.3853703737258911, 0.692163348197937, 0.4963222146034241, 0.3446594178676605, 0.21254757046699524, -0.026211589574813843, 0.10042986273765564, -0.08090370893478394, -0.011929035186767578, 0.18689939379692078, 0.17059001326560974, 0.1797662377357483, 0.2991815209388733]], "sfx.logattacktime.mean": [0.23533448576927185], "sfx.inharmonicity.mean": [0.47080907225608826]}