{"lowlevel.spectral_centroid.mean": [0.4901244640350342], "lowlevel.spectral_contrast.mean": [[0.2181485891342163, 0.18168163299560547, 0.2133924961090088, 0.666808009147644, 0.2117023468017578, 0.5223641395568848]], "lowlevel.dissonance.mean": [0.68399977684021], "lowlevel.hfc.mean": [0.48276060819625854], "lowlevel.mfcc.mean": [[0.10638868808746338, 0.1567595899105072, 0.4631650447845459, 0.42749568819999695, 0.5702210068702698, 0.8674743175506592, 0.56796795129776, 0.2753194272518158, 0.5797898173332214, 0.7556332349777222, 0.8015333414077759, 0.5230962038040161, 0.16204944252967834]], "sfx.logattacktime.mean": [0.21182486414909363], "sfx.inharmonicity.mean": [0.4688429832458496]}