{"lowlevel.spectral_centroid.mean": [0.3243459463119507], "lowlevel.spectral_contrast.mean": [[1.1220510005950928, 0.8662859201431274, 0.8169413805007935, 0.5868678092956543, 0.5929551124572754, 0.2678337097167969]], "lowlevel.dissonance.mean": [-0.6088396310806274], "lowlevel.hfc.mean": [0.47474631667137146], "lowlevel.mfcc.mean": [[0.3905491828918457, 0.8849223852157593, 0.780909538269043, 0.28290024399757385, 0.27297353744506836, 0.025813043117523193, -0.09565120935440063, 0.027493029832839966, 0.090841144323349, -0.0763886570930481, -0.047332704067230225, -0.06418919563293457, -0.029917597770690918]], "sfx.logattacktime.mean": [0.6997030973434448], "sfx.inharmonicity.mean": [0.3272664546966553]}