{"lowlevel.spectral_centroid.mean": [0.5802137851715088], "lowlevel.spectral_contrast.mean": [[0.24129700660705566, 0.17617559432983398, 0.2012953758239746, 0.18868136405944824, 0.6128408908843994, 0.28335070610046387]], "lowlevel.dissonance.mean": [0.7239428758621216], "lowlevel.hfc.mean": [0.4694346487522125], "lowlevel.mfcc.mean": [[0.06881141662597656, 0.13308469951152802, 0.47457653284072876, 0.4930271506309509, 0.48055532574653625, 0.4146014451980591, 0.7322474122047424, 0.4183746576309204, 0.49785885214805603, 0.7242220044136047, 0.4859803318977356, 0.4199743866920471, 0.8187826871871948]], "sfx.logattacktime.mean": [0.21033021807670593], "sfx.inharmonicity.mean": [0.6647441387176514]}