{"lowlevel.spectral_centroid.mean": [0.8694882392883301], "lowlevel.spectral_contrast.mean": [[0.2723731994628906, 0.3450065851211548, 0.38566362857818604, 0.38810014724731445, 0.4400041103363037, 0.4494032859802246]], "lowlevel.dissonance.mean": [0.6624621152877808], "lowlevel.hfc.mean": [0.4674101769924164], "lowlevel.mfcc.mean": [[0.5776562690734863, 0.5443577766418457, 0.6295582056045532, 0.1840040534734726, 0.6196678876876831, 0.5968349575996399, 0.4414767026901245, 0.4800282418727875, 0.6643465757369995, 0.2889043092727661, 0.5298618078231812, 0.3789702355861664, 0.4513038992881775]], "sfx.logattacktime.mean": [0.5301231145858765], "sfx.inharmonicity.mean": [0.39850175380706787]}