{"lowlevel.spectral_centroid.mean": [0.3058784306049347], "lowlevel.spectral_contrast.mean": [[0.8931376934051514, 0.5823880434036255, 0.5201632976531982, 0.5516700744628906, 0.37775564193725586, 0.4334249496459961]], "lowlevel.dissonance.mean": [0.4838961362838745], "lowlevel.hfc.mean": [0.475557804107666], "lowlevel.mfcc.mean": [[0.6624821424484253, 1.01152765750885, 0.8365997076034546, 0.5619620084762573, 0.47746118903160095, 0.8054677248001099, 0.6327642202377319, 0.6026521921157837, 0.6627993583679199, 0.6076388359069824, 0.6719892024993896, 0.6169682741165161, 0.5883175134658813]], "sfx.logattacktime.mean": [0.5450220704078674], "sfx.inharmonicity.mean": [0.22526955604553223]}