{"lowlevel.spectral_centroid.mean": [1.3401775360107422], "lowlevel.spectral_contrast.mean": [[0.03317153453826904, 0.2499687671661377, 0.4427453279495239, 0.34952855110168457, 0.2959170341491699, 0.2808215618133545]], "lowlevel.dissonance.mean": [0.4153554439544678], "lowlevel.hfc.mean": [0.4724062383174896], "lowlevel.mfcc.mean": [[0.2160245180130005, 0.11516115069389343, 0.41748523712158203, 0.29169172048568726, 0.2663162052631378, 0.17600145936012268, 0.40181344747543335, 0.7339324951171875, 0.8954395055770874, 0.5604721307754517, 0.25880515575408936, 0.34859955310821533, 0.5703278183937073]], "sfx.logattacktime.mean": [0.3882766366004944], "sfx.inharmonicity.mean": [0.8831486701965332]}