{"lowlevel.spectral_centroid.mean": [0.46360981464385986], "lowlevel.spectral_contrast.mean": [[0.8237031698226929, 0.4956768751144409, 0.29210782051086426, 0.3409907817840576, 0.3529174327850342, 0.328904390335083]], "lowlevel.dissonance.mean": [0.2373049259185791], "lowlevel.hfc.mean": [0.471485435962677], "lowlevel.mfcc.mean": [[0.2580084800720215, 0.48787209391593933, 0.7005645036697388, 0.8116859793663025, 0.7817319631576538, 0.6531250476837158, 0.6159543991088867, 0.5485830307006836, 0.6149279475212097, 0.6124428510665894, 0.5481148958206177, 0.4280707538127899, 0.42726027965545654]], "sfx.logattacktime.mean": [0.4094941020011902], "sfx.inharmonicity.mean": [0.3564913272857666]}