{"lowlevel.spectral_centroid.mean": [0.37060070037841797], "lowlevel.spectral_contrast.mean": [[0.2401045560836792, 0.7716274261474609, 0.31509971618652344, 0.30066370964050293, 0.2845022678375244, 0.31844377517700195]], "lowlevel.dissonance.mean": [0.3609222173690796], "lowlevel.hfc.mean": [0.4651307463645935], "lowlevel.mfcc.mean": [[0.402488112449646, 0.5294649600982666, 0.6791948080062866, 0.4559819996356964, 0.3990907669067383, 0.272541880607605, 0.2288290560245514, 0.19659960269927979, 0.2226102352142334, 0.31397101283073425, 0.5176764130592346, 0.6813637018203735, 0.8303018808364868]], "sfx.logattacktime.mean": [0.386668860912323], "sfx.inharmonicity.mean": [0.3030366897583008]}