{"lowlevel.spectral_centroid.mean": [0.38166695833206177], "lowlevel.spectral_contrast.mean": [[1.2641990184783936, 1.4799282550811768, 1.6768598556518555, 1.698873519897461, 1.3891810178756714, 0.5305571556091309]], "lowlevel.dissonance.mean": [0.15165889263153076], "lowlevel.hfc.mean": [0.4773320257663727], "lowlevel.mfcc.mean": [[0.5721611976623535, 0.71584153175354, -0.25520727038383484, -0.1676419973373413, 0.3911627531051636, 0.179061621427536, 0.14130493998527527, -0.32063066959381104, -0.3484305739402771, -0.3393276333808899, -0.5872712731361389, -0.5753763914108276, -0.20683026313781738]], "sfx.logattacktime.mean": [0.32809722423553467], "sfx.inharmonicity.mean": [0.29241204261779785]}