{"lowlevel.spectral_centroid.mean": [0.6023256778717041], "lowlevel.spectral_contrast.mean": [[0.28665757179260254, 0.3770289421081543, 0.2249467372894287, 0.25598931312561035, 0.19450759887695312, 0.22632145881652832]], "lowlevel.dissonance.mean": [0.41346001625061035], "lowlevel.hfc.mean": [0.4651009142398834], "lowlevel.mfcc.mean": [[0.13248491287231445, 0.3659977316856384, 0.6653769016265869, 0.5452113151550293, 0.5861234068870544, 0.5573021769523621, 0.6151279211044312, 0.5602748990058899, 0.5010017156600952, 0.41616955399513245, 0.4875403940677643, 0.5263695120811462, 0.5586252808570862]], "sfx.logattacktime.mean": [0.12141531705856323], "sfx.inharmonicity.mean": [0.40598371624946594]}