{"lowlevel.spectral_centroid.mean": [0.3502595126628876], "lowlevel.spectral_contrast.mean": [[0.6720466017723083, 0.595855712890625, 0.5251506567001343, 0.5285260677337646, 0.33913493156433105, 0.21573710441589355]], "lowlevel.dissonance.mean": [0.22795677185058594], "lowlevel.hfc.mean": [0.4679804742336273], "lowlevel.mfcc.mean": [[0.34474706649780273, 0.8388044834136963, 0.8688328862190247, 0.3381103277206421, 0.31954362988471985, 0.3820943236351013, 0.3566260039806366, 0.24020476639270782, 0.30430442094802856, 0.32436108589172363, 0.3569351136684418, 0.3482081890106201, 0.38632556796073914]], "sfx.logattacktime.mean": [0.6636579036712646], "sfx.inharmonicity.mean": [0.2649182379245758]}