{"lowlevel.spectral_centroid.mean": [0.4640185236930847], "lowlevel.spectral_contrast.mean": [[0.24187302589416504, 0.25998449325561523, 0.6515951156616211, 1.0073291063308716, 0.2864530086517334, 0.34166812896728516]], "lowlevel.dissonance.mean": [0.47382473945617676], "lowlevel.hfc.mean": [0.4817347526550293], "lowlevel.mfcc.mean": [[0.42522692680358887, 0.5031585693359375, 0.4523666799068451, 0.18300285935401917, 0.5878637433052063, 0.8589478731155396, 0.696652889251709, 0.4464227855205536, 0.5944742560386658, 0.6827256083488464, 0.2939823269844055, -0.13711541891098022, 0.08812874555587769]], "sfx.logattacktime.mean": [0.5205051898956299], "sfx.inharmonicity.mean": [0.5588060617446899]}