{"lowlevel.spectral_centroid.mean": [0.40583106875419617], "lowlevel.spectral_contrast.mean": [[0.2042449712753296, 0.21305203437805176, 1.1759617328643799, 0.7256795167922974, 0.4137303829193115, 0.2892332077026367]], "lowlevel.dissonance.mean": [0.07436895370483398], "lowlevel.hfc.mean": [0.46521511673927307], "lowlevel.mfcc.mean": [[0.16156339645385742, 0.31294816732406616, 0.371376097202301, 0.1884278506040573, 0.3725862503051758, 0.5338121652603149, 0.8292675018310547, 1.2018086910247803, 1.3887763023376465, 0.5455265641212463, -0.6129372715950012, -0.40636926889419556, 0.9152694940567017]], "sfx.logattacktime.mean": [0.3557589650154114], "sfx.inharmonicity.mean": [0.46683329343795776]}