{"lowlevel.spectral_centroid.mean": [0.6311054229736328], "lowlevel.spectral_contrast.mean": [[0.5044997930526733, 0.34943342208862305, 0.5337880849838257, 1.3321706056594849, 1.206055760383606, 1.0073678493499756]], "lowlevel.dissonance.mean": [0.7116678953170776], "lowlevel.hfc.mean": [0.5175836086273193], "lowlevel.mfcc.mean": [[0.7413386106491089, 0.28335273265838623, 0.3017687201499939, 0.2979857623577118, 0.5189991593360901, 0.49629953503608704, 0.7038404941558838, 0.5283315181732178, 0.04819968342781067, 1.22467041015625, 0.8730542063713074, -0.2759305238723755, 0.8873257637023926]], "sfx.logattacktime.mean": [0.49871692061424255], "sfx.inharmonicity.mean": [0.7253527641296387]}