{"lowlevel.spectral_centroid.mean": [0.47897711396217346], "lowlevel.spectral_contrast.mean": [[0.4336507320404053, 0.4603123664855957, 0.43675363063812256, 0.4861326217651367, 0.7196700572967529, 0.4436192512512207]], "lowlevel.dissonance.mean": [0.5565612316131592], "lowlevel.hfc.mean": [0.4712229073047638], "lowlevel.mfcc.mean": [[0.3818763494491577, 0.4524165689945221, 0.3627539873123169, 0.6258842945098877, 0.6122794151306152, 0.37298184633255005, 0.3302072286605835, 0.3824275732040405, 0.3968811333179474, 0.49755895137786865, 0.5610401630401611, 0.45845580101013184, 0.5044658184051514]], "sfx.logattacktime.mean": [0.2835153639316559], "sfx.inharmonicity.mean": [0.48921602964401245]}