{"lowlevel.spectral_centroid.mean": [0.43430089950561523], "lowlevel.spectral_contrast.mean": [[0.44781601428985596, 0.3151637315750122, 1.6214710474014282, 1.1027519702911377, 1.3419713973999023, 1.1562082767486572]], "lowlevel.dissonance.mean": [0.23187792301177979], "lowlevel.hfc.mean": [0.5436070561408997], "lowlevel.mfcc.mean": [[0.6928298473358154, 0.2056589424610138, 0.27129805088043213, 0.38393521308898926, -0.07043063640594482, 0.5983293652534485, 0.7161598801612854, 1.4086875915527344, 0.6803075075149536, 0.07785889506340027, -0.2338927984237671, -0.14290368556976318, 1.5295217037200928]], "sfx.logattacktime.mean": [0.5169944167137146], "sfx.inharmonicity.mean": [0.3260658383369446]}