{"lowlevel.spectral_centroid.mean": [0.33243346214294434], "lowlevel.spectral_contrast.mean": [[1.264371395111084, 0.7130862474441528, 0.5726252794265747, 0.6355850696563721, 0.7698907852172852, 1.0696148872375488]], "lowlevel.dissonance.mean": [0.6580592393875122], "lowlevel.hfc.mean": [0.5120202302932739], "lowlevel.mfcc.mean": [[0.8492650985717773, 0.9963529109954834, 0.04595300555229187, 0.8905448913574219, 0.5293068289756775, 0.3908560872077942, 0.5676270723342896, 0.24310413002967834, 0.4557950794696808, 0.018219351768493652, -0.14538425207138062, -0.27917784452438354, -0.2600587010383606]], "sfx.logattacktime.mean": [0.4332233667373657], "sfx.inharmonicity.mean": [0.2991073727607727]}