{"lowlevel.spectral_centroid.mean": [0.3521409034729004], "lowlevel.spectral_contrast.mean": [[0.17677438259124756, 0.3337137699127197, 0.3889261484146118, 0.3505849838256836, 0.3734140396118164, 0.3214542865753174]], "lowlevel.dissonance.mean": [0.5458773374557495], "lowlevel.hfc.mean": [0.46562597155570984], "lowlevel.mfcc.mean": [[0.27015185356140137, 0.8002381324768066, 0.5061852335929871, 0.3054248094558716, 0.3778122663497925, 0.4120592474937439, 0.3833848237991333, 0.4308724105358124, 0.4832301139831543, 0.5210190415382385, 0.6523842811584473, 0.638559877872467, 0.6454602479934692]], "sfx.logattacktime.mean": [0.41280290484428406], "sfx.inharmonicity.mean": [0.6981956958770752]}