{"lowlevel.spectral_centroid.mean": [0.3522198796272278], "lowlevel.spectral_contrast.mean": [[0.7648192644119263, 0.7485787868499756, 0.8899879455566406, 0.8220596313476562, 0.7828934192657471, 0.6081264019012451]], "lowlevel.dissonance.mean": [0.13939666748046875], "lowlevel.hfc.mean": [0.4693768322467804], "lowlevel.mfcc.mean": [[0.5490968227386475, 0.8784404993057251, 0.40062645077705383, 0.2808462381362915, 0.054644763469696045, -0.07515108585357666, 0.06665986776351929, 0.14688599109649658, 0.29300007224082947, 0.12050014734268188, 0.1654202938079834, 0.24075612425804138, 0.3604925870895386]], "sfx.logattacktime.mean": [0.7355905771255493], "sfx.inharmonicity.mean": [0.6099156141281128]}