{"lowlevel.spectral_centroid.mean": [0.34798648953437805], "lowlevel.spectral_contrast.mean": [[0.4660518169403076, 0.4711003303527832, 0.21814680099487305, 0.45427894592285156, 0.39002466201782227, 0.7278974056243896]], "lowlevel.dissonance.mean": [0.6205397844314575], "lowlevel.hfc.mean": [0.46603795886039734], "lowlevel.mfcc.mean": [[0.11523866653442383, 0.2560221552848816, 0.4680677354335785, 0.5120127201080322, 0.7491850256919861, 0.5530719757080078, 0.3686235547065735, 0.4086160659790039, 0.6684398055076599, 0.8007789850234985, 0.8808307647705078, 0.9369826316833496, 1.0241308212280273]], "sfx.logattacktime.mean": [0.31351619958877563], "sfx.inharmonicity.mean": [0.41245466470718384]}