{"lowlevel.spectral_centroid.mean": [0.35497021675109863], "lowlevel.spectral_contrast.mean": [[0.8913877010345459, 1.117044448852539, 0.4038567543029785, 0.3167901039123535, 0.3679177761077881, 0.38213253021240234]], "lowlevel.dissonance.mean": [-0.25063204765319824], "lowlevel.hfc.mean": [0.47050848603248596], "lowlevel.mfcc.mean": [[0.36667394638061523, 0.643457293510437, 0.8366783857345581, 0.9813787937164307, 0.8138175010681152, 0.5592917203903198, 0.37106752395629883, 0.22900497913360596, 0.2741958498954773, 0.31759023666381836, 0.3228251039981842, 0.3269766569137573, 0.4992012083530426]], "sfx.logattacktime.mean": [0.4127931594848633], "sfx.inharmonicity.mean": [0.20840227603912354]}