{"lowlevel.spectral_centroid.mean": [0.3704114258289337], "lowlevel.spectral_contrast.mean": [[0.22422242164611816, 0.484352707862854, 0.6510895490646362, 0.32471418380737305, 0.3427305221557617, 0.33832430839538574]], "lowlevel.dissonance.mean": [0.3637503385543823], "lowlevel.hfc.mean": [0.46512216329574585], "lowlevel.mfcc.mean": [[0.14850151538848877, 0.2833772301673889, 0.43675142526626587, 0.37765517830848694, 0.318899929523468, 0.19566774368286133, 0.3141316771507263, 0.43576499819755554, 0.697914719581604, 0.8191268444061279, 0.7615540623664856, 0.5645235180854797, 0.3417854905128479]], "sfx.logattacktime.mean": [0.23822790384292603], "sfx.inharmonicity.mean": [0.23905490338802338]}