{"lowlevel.spectral_centroid.mean": [0.3142929971218109], "lowlevel.spectral_contrast.mean": [[0.6013727188110352, 0.7001665830612183, 0.6781220436096191, 0.491426944732666, 0.383634090423584, 0.35317206382751465]], "lowlevel.dissonance.mean": [0.5731985569000244], "lowlevel.hfc.mean": [0.4676395654678345], "lowlevel.mfcc.mean": [[0.45963776111602783, 0.9682319164276123, 0.8547233939170837, 0.564516544342041, 0.6527596712112427, 0.5579860806465149, 0.2873002588748932, 0.24210992455482483, 0.5521126389503479, 0.5944680571556091, 0.2884598970413208, 0.014151394367218018, 0.09875801205635071]], "sfx.logattacktime.mean": [0.8363367915153503], "sfx.inharmonicity.mean": [0.23357194662094116]}