{"lowlevel.spectral_centroid.mean": [0.40027493238449097], "lowlevel.spectral_contrast.mean": [[0.23413050174713135, 0.2614293098449707, 0.3792586326599121, 0.4289371967315674, 0.43691015243530273, 0.37128162384033203]], "lowlevel.dissonance.mean": [0.6853333711624146], "lowlevel.hfc.mean": [0.46515995264053345], "lowlevel.mfcc.mean": [[0.35896921157836914, 0.7763681411743164, 0.34559908509254456, 0.21691766381263733, 0.6510704755783081, 0.6756787300109863, 0.8028759956359863, 0.6141858100891113, 0.6622864603996277, 0.4364510476589203, 0.511957585811615, 0.3669147491455078, 0.469779908657074]], "sfx.logattacktime.mean": [0.7642866373062134], "sfx.inharmonicity.mean": [0.8293354511260986]}