{"lowlevel.spectral_centroid.mean": [0.8515477180480957], "lowlevel.spectral_contrast.mean": [[0.10137641429901123, 1.169825792312622, 1.0107333660125732, 0.6487479209899902, 0.3680121898651123, 0.3631095886230469]], "lowlevel.dissonance.mean": [0.08298051357269287], "lowlevel.hfc.mean": [0.6636773347854614], "lowlevel.mfcc.mean": [[0.3692283630371094, 0.5065783262252808, 0.49515387415885925, 0.2042396515607834, 0.35409602522850037, 0.42158442735671997, 0.04569816589355469, -0.030965149402618408, -0.19435572624206543, -0.5522044897079468, -0.10518759489059448, 0.9601520299911499, 1.5960681438446045]], "sfx.logattacktime.mean": [0.24831250309944153], "sfx.inharmonicity.mean": [0.6325476169586182]}