{"lowlevel.spectral_centroid.mean": [0.3157639503479004], "lowlevel.spectral_contrast.mean": [[0.5788089036941528, 0.40632379055023193, 0.24465370178222656, 0.15441226959228516, 0.15054798126220703, 0.1982872486114502]], "lowlevel.dissonance.mean": [0.23308861255645752], "lowlevel.hfc.mean": [0.4655326008796692], "lowlevel.mfcc.mean": [[0.17260730266571045, 0.5167739391326904, 0.9551560878753662, 0.9681900143623352, 0.9757261276245117, 0.8182059526443481, 0.737670361995697, 0.6342271566390991, 0.6301846504211426, 0.595865786075592, 0.6061540842056274, 0.550268828868866, 0.5056565999984741]], "sfx.logattacktime.mean": [0.2940635681152344], "sfx.inharmonicity.mean": [0.21158850193023682]}