{"lowlevel.spectral_centroid.mean": [0.6416596174240112], "lowlevel.spectral_contrast.mean": [[0.480072021484375, 0.33136868476867676, 0.5176125764846802, 1.443278193473816, 1.4770663976669312, 1.297776460647583]], "lowlevel.dissonance.mean": [0.7096558809280396], "lowlevel.hfc.mean": [0.6222560405731201], "lowlevel.mfcc.mean": [[0.7676583528518677, 0.2504773736000061, 0.26305705308914185, 0.47039976716041565, 0.33139529824256897, 0.7098439335823059, 0.7751821279525757, 0.7244060039520264, -0.09447348117828369, 0.3893463611602783, 1.84074068069458, 0.1387275755405426, -0.1722489595413208]], "sfx.logattacktime.mean": [0.4917638599872589], "sfx.inharmonicity.mean": [0.6570679545402527]}