{"lowlevel.spectral_centroid.mean": [0.5215801000595093], "lowlevel.spectral_contrast.mean": [[0.3577388525009155, 1.1529974937438965, 0.7267544269561768, 0.8816688060760498, 0.8705325126647949, 0.6681156158447266]], "lowlevel.dissonance.mean": [0.12154138088226318], "lowlevel.hfc.mean": [0.48535236716270447], "lowlevel.mfcc.mean": [[0.39906978607177734, 0.28266003727912903, 0.262356162071228, 0.46167823672294617, 0.19223228096961975, 0.07326623797416687, -0.0038256049156188965, 0.04193305969238281, 0.35717660188674927, 0.6372473835945129, 0.7851518392562866, 0.9373380541801453, 1.1209442615509033]], "sfx.logattacktime.mean": [0.3729912042617798], "sfx.inharmonicity.mean": [0.549203097820282]}