{"lowlevel.spectral_centroid.mean": [0.3477019965648651], "lowlevel.spectral_contrast.mean": [[0.508414626121521, 0.4854825735092163, 0.422605037689209, 0.397993803024292, 0.42303013801574707, 0.4327266216278076]], "lowlevel.dissonance.mean": [0.3461049795150757], "lowlevel.hfc.mean": [0.46779435873031616], "lowlevel.mfcc.mean": [[0.3278437852859497, 0.6240965127944946, 0.8399170637130737, 0.7400885820388794, 0.6964389681816101, 0.6224229335784912, 0.6568489670753479, 0.6174508333206177, 0.6485750675201416, 0.5920339822769165, 0.6157654523849487, 0.6399322748184204, 0.5508625507354736]], "sfx.logattacktime.mean": [0.7964169979095459], "sfx.inharmonicity.mean": [0.319799542427063]}