{"lowlevel.spectral_centroid.mean": [1.62412428855896], "lowlevel.spectral_contrast.mean": [[0.330944299697876, 0.42439544200897217, 0.32413387298583984, 0.3999660015106201, 0.5761053562164307, 0.4275357723236084]], "lowlevel.dissonance.mean": [0.6575897932052612], "lowlevel.hfc.mean": [0.46825411915779114], "lowlevel.mfcc.mean": [[0.3552020788192749, 0.39384758472442627, 0.443519651889801, 0.307735800743103, 0.5229072570800781, 0.4582153260707855, 0.19640907645225525, 0.41109415888786316, 0.36735785007476807, 0.24135860800743103, 0.4948241114616394, 0.6813580989837646, 0.3523206412792206]], "sfx.logattacktime.mean": [0.5150347352027893], "sfx.inharmonicity.mean": [0.7431813478469849]}