{"lowlevel.spectral_centroid.mean": [0.6304364204406738], "lowlevel.spectral_contrast.mean": [[0.285733699798584, 1.0754506587982178, 1.0263558626174927, 1.3581095933914185, 1.3185604810714722, 1.0016276836395264]], "lowlevel.dissonance.mean": [0.15644371509552002], "lowlevel.hfc.mean": [0.4733571410179138], "lowlevel.mfcc.mean": [[0.3932088613510132, 0.10303656756877899, -0.003542095422744751, 0.4536384642124176, 0.3477921783924103, 0.01424303650856018, -0.19630932807922363, 0.32302945852279663, 0.7245895862579346, 0.6735818386077881, 0.8147120475769043, 1.6234261989593506, 1.686435580253601]], "sfx.logattacktime.mean": [0.21151211857795715], "sfx.inharmonicity.mean": [0.5779832601547241]}