{"lowlevel.spectral_centroid.mean": [0.40287747979164124], "lowlevel.spectral_contrast.mean": [[0.6379342079162598, 0.5794440507888794, 0.5522269010543823, 0.5244104862213135, 0.6944153308868408, 0.7116148471832275]], "lowlevel.dissonance.mean": [0.6770803928375244], "lowlevel.hfc.mean": [0.6053133606910706], "lowlevel.mfcc.mean": [[1.1570124626159668, 0.47658538818359375, 0.64682936668396, 0.7315413355827332, 0.6062579154968262, 0.5281931161880493, 0.4421802759170532, 0.595821738243103, 0.4173765480518341, 0.31907862424850464, 0.5416332483291626, 0.4818841218948364, 0.314352810382843]], "sfx.logattacktime.mean": [0.5489172339439392], "sfx.inharmonicity.mean": [0.7177977561950684]}