{"lowlevel.spectral_centroid.mean": [0.320606529712677], "lowlevel.spectral_contrast.mean": [[0.45563769340515137, 0.7131285667419434, 0.49679291248321533, 0.3939034938812256, 0.32289981842041016, 0.23189163208007812]], "lowlevel.dissonance.mean": [-0.01900160312652588], "lowlevel.hfc.mean": [0.4660360813140869], "lowlevel.mfcc.mean": [[0.20083272457122803, 0.9751657247543335, 1.0115447044372559, 0.6337239146232605, 0.5062519907951355, 0.2874864339828491, 0.22169986367225647, 0.2072790563106537, 0.2915670871734619, 0.2661357522010803, 0.3146709203720093, 0.445786714553833, 0.5970965623855591]], "sfx.logattacktime.mean": [0.2828816771507263], "sfx.inharmonicity.mean": [0.920899510383606]}