{"lowlevel.spectral_centroid.mean": [0.47363606095314026], "lowlevel.spectral_contrast.mean": [[0.3459376096725464, 0.39614737033843994, 0.40183448791503906, 0.40483570098876953, 0.5306391716003418, 0.43302106857299805]], "lowlevel.dissonance.mean": [0.675385594367981], "lowlevel.hfc.mean": [0.4651380181312561], "lowlevel.mfcc.mean": [[0.4201924800872803, 0.5196977853775024, 0.138602614402771, 0.47764164209365845, 0.3331639766693115, 0.02273961901664734, 0.3886811137199402, 0.2611212730407715, 0.18137812614440918, 0.3853437006473541, 0.21958863735198975, 0.18547126650810242, 0.5618546605110168]], "sfx.logattacktime.mean": [0.5762741565704346], "sfx.inharmonicity.mean": [0.5332527160644531]}