{"lowlevel.spectral_centroid.mean": [1.2114077806472778], "lowlevel.spectral_contrast.mean": [[0.23999011516571045, 0.25233519077301025, 0.24581003189086914, 0.2901570796966553, 0.131575345993042, 0.10813403129577637]], "lowlevel.dissonance.mean": [0.5262924432754517], "lowlevel.hfc.mean": [0.4653953015804291], "lowlevel.mfcc.mean": [[0.1538844108581543, 0.40950989723205566, 0.649660587310791, 0.42649003863334656, 0.47177064418792725, 0.49315035343170166, 0.5217592120170593, 0.42176395654678345, 0.42586463689804077, 0.4690070152282715, 0.5656658411026001, 0.514212429523468, 0.43841680884361267]], "sfx.logattacktime.mean": [0.584277331829071], "sfx.inharmonicity.mean": [0.8382003307342529]}