{"lowlevel.spectral_centroid.mean": [0.3626590073108673], "lowlevel.spectral_contrast.mean": [[0.622988760471344, 0.9831913709640503, 0.7710375785827637, 0.4392416477203369, 0.3440093994140625, 0.25248241424560547]], "lowlevel.dissonance.mean": [-0.4370083212852478], "lowlevel.hfc.mean": [0.47134771943092346], "lowlevel.mfcc.mean": [[0.26201701164245605, 0.5416852235794067, 0.5660995841026306, 0.2997734546661377, 0.1830015778541565, -0.08235138654708862, -0.06758242845535278, 0.07844388484954834, 0.2909393906593323, 0.3466218113899231, 0.3707607388496399, 0.3517559766769409, 0.4205469787120819]], "sfx.logattacktime.mean": [0.58097243309021], "sfx.inharmonicity.mean": [0.3628174066543579]}