{"lowlevel.spectral_centroid.mean": [0.39227861166000366], "lowlevel.spectral_contrast.mean": [[0.9240659475326538, 1.1433147192001343, 1.6073346138000488, 1.2202972173690796, 1.0343385934829712, 0.669482946395874]], "lowlevel.dissonance.mean": [0.24373269081115723], "lowlevel.hfc.mean": [0.5335452556610107], "lowlevel.mfcc.mean": [[0.8249920606613159, 0.7090766429901123, 0.02598634362220764, 0.305419921875, 0.10987791419029236, 0.2499776929616928, 0.34526339173316956, 0.4024548828601837, 0.6763592958450317, 0.10901737213134766, -0.09211814403533936, 0.42223289608955383, 0.660792887210846]], "sfx.logattacktime.mean": [0.5000872611999512], "sfx.inharmonicity.mean": [0.3220403790473938]}