{"lowlevel.spectral_centroid.mean": [0.38348594307899475], "lowlevel.spectral_contrast.mean": [[0.42092108726501465, 1.0179117918014526, 0.6307764053344727, 0.7868865728378296, 0.6083183288574219, 0.5418682098388672]], "lowlevel.dissonance.mean": [0.5029420852661133], "lowlevel.hfc.mean": [0.47033488750457764], "lowlevel.mfcc.mean": [[0.5250438451766968, 0.4839799106121063, 0.043386220932006836, 0.28627389669418335, 0.2180359661579132, 0.009389340877532959, -0.10254096984863281, -0.21885383129119873, 0.35531848669052124, 0.3504161238670349, 0.25041306018829346, 0.42986178398132324, 0.9286090135574341]], "sfx.logattacktime.mean": [0.5638266205787659], "sfx.inharmonicity.mean": [0.5618462562561035]}