{"lowlevel.spectral_centroid.mean": [0.4069291651248932], "lowlevel.spectral_contrast.mean": [[0.33565402030944824, 0.3236210346221924, 0.4683830738067627, 0.429180383682251, 0.4488852024078369, 0.9959425926208496]], "lowlevel.dissonance.mean": [0.7007986307144165], "lowlevel.hfc.mean": [0.46623051166534424], "lowlevel.mfcc.mean": [[0.6823444366455078, 0.724350094795227, 0.12896817922592163, 0.6680591106414795, 0.22744256258010864, 0.8196283578872681, 0.41519099473953247, 0.5462480783462524, 0.34131699800491333, 0.19792112708091736, 0.23179593682289124, 0.14318540692329407, 0.5066146850585938]], "sfx.logattacktime.mean": [0.6617087721824646], "sfx.inharmonicity.mean": [1.017144799232483]}