{"lowlevel.spectral_centroid.mean": [0.3808774948120117], "lowlevel.spectral_contrast.mean": [[0.5839385986328125, 0.43750572204589844, 0.410556435585022, 0.24813342094421387, 0.1853773593902588, 0.21288633346557617]], "lowlevel.dissonance.mean": [-0.14675956964492798], "lowlevel.hfc.mean": [0.4652600884437561], "lowlevel.mfcc.mean": [[0.18255960941314697, 0.487114816904068, 0.8026033639907837, 0.6797637939453125, 0.6811490654945374, 0.6304305195808411, 0.6482665538787842, 0.5598574876785278, 0.49956706166267395, 0.39210397005081177, 0.38386309146881104, 0.35964450240135193, 0.3741198778152466]], "sfx.logattacktime.mean": [0.2040242850780487], "sfx.inharmonicity.mean": [0.21552474796772003]}