{"lowlevel.spectral_centroid.mean": [0.4669114351272583], "lowlevel.spectral_contrast.mean": [[0.45204782485961914, 0.3180428743362427, 0.46895885467529297, 1.8408701419830322, 1.4403953552246094, 1.1748359203338623]], "lowlevel.dissonance.mean": [0.49263083934783936], "lowlevel.hfc.mean": [0.5635237097740173], "lowlevel.mfcc.mean": [[0.6641867160797119, 0.24262237548828125, 0.26805680990219116, 0.2301703691482544, 0.29646483063697815, 0.8479809165000916, 0.8389683961868286, 1.1330475807189941, 0.13267332315444946, -0.8227118253707886, 0.6347455978393555, 2.445514678955078, 1.2167115211486816]], "sfx.logattacktime.mean": [0.45489320158958435], "sfx.inharmonicity.mean": [0.5055686831474304]}