{"lowlevel.spectral_centroid.mean": [0.4360508322715759], "lowlevel.spectral_contrast.mean": [[0.7696650624275208, 0.499772310256958, 0.6710286140441895, 0.6950680017471313, 0.6720786094665527, 0.5492537021636963]], "lowlevel.dissonance.mean": [0.6272908449172974], "lowlevel.hfc.mean": [0.4691903293132782], "lowlevel.mfcc.mean": [[0.5903118848800659, 0.5541229248046875, -0.15803059935569763, 0.03028210997581482, -0.11598843336105347, -0.029521286487579346, 0.09448596835136414, 0.009344279766082764, 0.15681740641593933, 0.06819120049476624, 0.09935465455055237, 0.10145103931427002, 0.1426401138305664]], "sfx.logattacktime.mean": [0.8783358931541443], "sfx.inharmonicity.mean": [0.7374203205108643]}