{"lowlevel.spectral_centroid.mean": [0.344618558883667], "lowlevel.spectral_contrast.mean": [[1.0163602828979492, 1.3289331197738647, 1.5638418197631836, 1.3439979553222656, 1.0207043886184692, 0.5512194633483887]], "lowlevel.dissonance.mean": [0.006241440773010254], "lowlevel.hfc.mean": [0.4684600532054901], "lowlevel.mfcc.mean": [[0.5329804420471191, 0.8860198259353638, 0.26028525829315186, 0.03614121675491333, 0.27213573455810547, 0.1101471483707428, 0.1405273973941803, 0.0370347797870636, 0.15568658709526062, 0.30828988552093506, 0.44217509031295776, 0.3199465274810791, -0.09797084331512451]], "sfx.logattacktime.mean": [0.3666386306285858], "sfx.inharmonicity.mean": [0.3991333246231079]}