{"lowlevel.spectral_centroid.mean": [0.4625225067138672], "lowlevel.spectral_contrast.mean": [[0.6207458972930908, 1.0170127153396606, 0.9747751951217651, 0.9187965393066406, 0.8595623970031738, 0.6087081432342529]], "lowlevel.dissonance.mean": [0.31894397735595703], "lowlevel.hfc.mean": [0.4719370901584625], "lowlevel.mfcc.mean": [[0.5057779550552368, 0.46154072880744934, 0.24555550515651703, 0.3142677843570709, 0.1509591042995453, 0.04413112998008728, 0.17258697748184204, 0.26953738927841187, 0.33450597524642944, 0.20907491445541382, 0.2104325294494629, 0.40698525309562683, 0.3852475583553314]], "sfx.logattacktime.mean": [0.5524758100509644], "sfx.inharmonicity.mean": [0.4317951798439026]}