{"lowlevel.spectral_centroid.mean": [0.3713798522949219], "lowlevel.spectral_contrast.mean": [[0.9128689169883728, 1.2349029779434204, 0.6262369155883789, 0.29703402519226074, 0.31035423278808594, 0.37530946731567383]], "lowlevel.dissonance.mean": [-0.3192979693412781], "lowlevel.hfc.mean": [0.4725255072116852], "lowlevel.mfcc.mean": [[0.5642963647842407, 0.5217390656471252, 0.9741994142532349, 0.5878939032554626, 0.11788362264633179, -0.20338356494903564, -0.31792306900024414, -0.17091631889343262, 0.007003188133239746, 0.22974804043769836, 0.3471991717815399, 0.45663487911224365, 0.43973860144615173]], "sfx.logattacktime.mean": [0.24863293766975403], "sfx.inharmonicity.mean": [0.2870692312717438]}