{"lowlevel.spectral_centroid.mean": [0.35873115062713623], "lowlevel.spectral_contrast.mean": [[0.9847278594970703, 1.0440115928649902, 0.3282759189605713, 0.2861824035644531, 0.32497382164001465, 0.38404107093811035]], "lowlevel.dissonance.mean": [-0.02181321382522583], "lowlevel.hfc.mean": [0.47107240557670593], "lowlevel.mfcc.mean": [[0.5691781044006348, 0.4574555456638336, 1.0714086294174194, 1.0172536373138428, 0.7692528963088989, 0.4348529875278473, 0.1081034243106842, -0.022027671337127686, -0.10312634706497192, -0.05352663993835449, 0.0027992725372314453, 0.14401894807815552, 0.24016964435577393]], "sfx.logattacktime.mean": [0.2520379424095154], "sfx.inharmonicity.mean": [0.2906850278377533]}