{"lowlevel.spectral_centroid.mean": [0.31926560401916504], "lowlevel.spectral_contrast.mean": [[1.042503833770752, 0.7890521287918091, 0.5388556718826294, 0.5080435276031494, 0.5078139305114746, 0.5546205043792725]], "lowlevel.dissonance.mean": [0.6312035322189331], "lowlevel.hfc.mean": [0.5268107652664185], "lowlevel.mfcc.mean": [[0.9569361805915833, 0.8540052175521851, 0.659072756767273, 0.83758944272995, 0.6572748422622681, 0.6791502237319946, 0.5234338045120239, 0.4650477170944214, 0.4463028609752655, 0.3658755421638489, 0.3872981071472168, 0.4021075665950775, 0.3647406995296478]], "sfx.logattacktime.mean": [0.5291180610656738], "sfx.inharmonicity.mean": [0.2541298270225525]}