{"lowlevel.spectral_centroid.mean": [0.7624717950820923], "lowlevel.spectral_contrast.mean": [[0.3753390312194824, 0.3105512857437134, 0.3483731746673584, 0.36258840560913086, 0.3910493850708008, 0.49950408935546875]], "lowlevel.dissonance.mean": [0.7285552024841309], "lowlevel.hfc.mean": [0.4659441411495209], "lowlevel.mfcc.mean": [[0.6828144788742065, 0.2505563497543335, 0.3974402844905853, 0.47038930654525757, 0.2478477954864502, 0.4135693311691284, 0.3647077679634094, 0.3299161493778229, 0.3350422978401184, 0.3288971483707428, 0.4199243187904358, 0.4084193706512451, 0.4108949303627014]], "sfx.logattacktime.mean": [0.7404084205627441], "sfx.inharmonicity.mean": [0.890610933303833]}