{"lowlevel.spectral_centroid.mean": [0.3721693158149719], "lowlevel.spectral_contrast.mean": [[0.6166934967041016, 0.9805272817611694, 1.0510324239730835, 0.9550966024398804, 0.8734629154205322, 0.7882390022277832]], "lowlevel.dissonance.mean": [0.27614784240722656], "lowlevel.hfc.mean": [0.4801623523235321], "lowlevel.mfcc.mean": [[0.6756664514541626, 0.8034889698028564, 0.3014310300350189, 0.467572957277298, 0.19006460905075073, 0.21482595801353455, 0.13354897499084473, 0.27036476135253906, 0.3293047547340393, 0.45308801531791687, 0.3540394902229309, 0.3339950442314148, 0.5105682611465454]], "sfx.logattacktime.mean": [0.7744888067245483], "sfx.inharmonicity.mean": [0.4385811686515808]}