{"lowlevel.spectral_centroid.mean": [0.35825589299201965], "lowlevel.spectral_contrast.mean": [[0.2256382703781128, 0.8189259767532349, 0.7061766386032104, 0.43796467781066895, 0.2669498920440674, 0.2600362300872803]], "lowlevel.dissonance.mean": [0.07326614856719971], "lowlevel.hfc.mean": [0.46849432587623596], "lowlevel.mfcc.mean": [[0.19666194915771484, 0.4738343358039856, 0.6572092771530151, 0.3705904185771942, 0.27415937185287476, 0.26054567098617554, 0.35205069184303284, 0.322290301322937, 0.3467438220977783, 0.3093845844268799, 0.35840940475463867, 0.4941967725753784, 0.8120559453964233]], "sfx.logattacktime.mean": [0.18143504858016968], "sfx.inharmonicity.mean": [0.2693096995353699]}