{"lowlevel.spectral_centroid.mean": [0.3712831437587738], "lowlevel.spectral_contrast.mean": [[0.2566964626312256, 1.3932998180389404, 0.37699055671691895, 1.0470433235168457, 1.2039272785186768, 0.6638762950897217]], "lowlevel.dissonance.mean": [0.15381312370300293], "lowlevel.hfc.mean": [0.488249272108078], "lowlevel.mfcc.mean": [[0.6637294292449951, 0.6494739055633545, 0.22918006777763367, 0.3992331624031067, 0.3285728693008423, -0.2786226272583008, 0.1798834204673767, -0.06472223997116089, -0.1924782395362854, 0.8439467549324036, 1.7867090702056885, 1.0209964513778687, 0.6985860466957092]], "sfx.logattacktime.mean": [0.5986801981925964], "sfx.inharmonicity.mean": [0.30239027738571167]}