{"lowlevel.spectral_centroid.mean": [0.30892741680145264], "lowlevel.spectral_contrast.mean": [[0.8120697140693665, 0.553402304649353, 0.508926510810852, 0.5592999458312988, 0.3374338150024414, 0.4417722225189209]], "lowlevel.dissonance.mean": [0.4419834613800049], "lowlevel.hfc.mean": [0.47175681591033936], "lowlevel.mfcc.mean": [[0.604381799697876, 1.0171184539794922, 0.8490606546401978, 0.5555984377861023, 0.3608056902885437, 0.7562466859817505, 0.6423000693321228, 0.5127602815628052, 0.604602575302124, 0.659582793712616, 0.757724404335022, 0.6213893294334412, 0.557147204875946]], "sfx.logattacktime.mean": [0.6046077609062195], "sfx.inharmonicity.mean": [0.19426971673965454]}