{"lowlevel.spectral_centroid.mean": [0.44700759649276733], "lowlevel.spectral_contrast.mean": [[0.3809405565261841, 0.4492835998535156, 0.9327682256698608, 0.8328567743301392, 0.8027231693267822, 0.49496006965637207]], "lowlevel.dissonance.mean": [0.5059729814529419], "lowlevel.hfc.mean": [0.47096768021583557], "lowlevel.mfcc.mean": [[0.5811550617218018, 0.5434185862541199, -0.020070642232894897, 0.213518887758255, 0.28542375564575195, 0.15785232186317444, 0.4756121039390564, 0.6828235387802124, 0.8534662127494812, 0.644073486328125, 0.24609991908073425, 0.1344776451587677, 0.548502504825592]], "sfx.logattacktime.mean": [0.5585485100746155], "sfx.inharmonicity.mean": [0.8418314456939697]}