{"lowlevel.spectral_centroid.mean": [0.41315189003944397], "lowlevel.spectral_contrast.mean": [[0.4896118640899658, 1.3061509132385254, 1.2140283584594727, 1.09708833694458, 1.3013862371444702, 0.7617702484130859]], "lowlevel.dissonance.mean": [0.3611140251159668], "lowlevel.hfc.mean": [0.5295339226722717], "lowlevel.mfcc.mean": [[0.8086975812911987, 0.4938052296638489, -0.04924526810646057, 0.46749356389045715, 0.28055959939956665, 0.06456056237220764, 0.03794547915458679, 0.5524560213088989, 0.47153958678245544, 0.4180980324745178, 0.402153879404068, 0.9600672721862793, 1.466111421585083]], "sfx.logattacktime.mean": [0.39214056730270386], "sfx.inharmonicity.mean": [0.30334728956222534]}