{"lowlevel.spectral_centroid.mean": [0.319810688495636], "lowlevel.spectral_contrast.mean": [[0.8499063849449158, 0.7804887294769287, 0.3599972724914551, 0.35824108123779297, 0.41185688972473145, 0.4079012870788574]], "lowlevel.dissonance.mean": [0.08826780319213867], "lowlevel.hfc.mean": [0.47155705094337463], "lowlevel.mfcc.mean": [[0.39707016944885254, 0.6484371423721313, 0.8234870433807373, 1.0169546604156494, 0.8403737545013428, 0.629671573638916, 0.4927723705768585, 0.4493408799171448, 0.6116088032722473, 0.7628375887870789, 0.7770620584487915, 0.6928575038909912, 0.6555416584014893]], "sfx.logattacktime.mean": [0.5638958811759949], "sfx.inharmonicity.mean": [0.2119903564453125]}