{"lowlevel.spectral_centroid.mean": [0.5519173741340637], "lowlevel.spectral_contrast.mean": [[0.4791841506958008, 0.3556116819381714, 0.5423415899276733, 1.5785797834396362, 1.2637850046157837, 1.0061302185058594]], "lowlevel.dissonance.mean": [0.6715121269226074], "lowlevel.hfc.mean": [0.5698474645614624], "lowlevel.mfcc.mean": [[0.7650210857391357, 0.3179980516433716, 0.2502943277359009, 0.23753845691680908, 0.5980101823806763, 0.6687994003295898, 0.6660076379776001, 0.5765772461891174, -0.19409537315368652, 1.0941359996795654, 1.472458839416504, -0.13115239143371582, 0.08783343434333801]], "sfx.logattacktime.mean": [0.510861337184906], "sfx.inharmonicity.mean": [0.5672152638435364]}