{"lowlevel.spectral_centroid.mean": [0.6731468439102173], "lowlevel.spectral_contrast.mean": [[0.5585448741912842, 0.1934729814529419, 0.24567890167236328, 0.2810633182525635, 0.6064145565032959, 0.6633200645446777]], "lowlevel.dissonance.mean": [0.6880824565887451], "lowlevel.hfc.mean": [0.49358996748924255], "lowlevel.mfcc.mean": [[0.18728315830230713, 0.15136317908763885, 0.6222653388977051, 0.5411661863327026, 0.9840609431266785, 0.5953110456466675, 0.7630317807197571, 0.9150480031967163, 1.0720192193984985, 0.43043628334999084, 0.6558617353439331, 1.2274965047836304, 0.48899102210998535]], "sfx.logattacktime.mean": [0.6336420178413391], "sfx.inharmonicity.mean": [0.47930237650871277]}