{"lowlevel.spectral_centroid.mean": [0.45063257217407227], "lowlevel.spectral_contrast.mean": [[0.7493470311164856, 0.6499811410903931, 0.5303512811660767, 0.40039777755737305, 0.34225916862487793, 0.33806467056274414]], "lowlevel.dissonance.mean": [0.05050492286682129], "lowlevel.hfc.mean": [0.46548789739608765], "lowlevel.mfcc.mean": [[0.31355416774749756, 0.6119117736816406, 0.6151282787322998, 0.4433690309524536, 0.29720473289489746, 0.06047329306602478, 0.03633639216423035, -0.07403641939163208, 0.04008781909942627, 0.11209532618522644, 0.10883009433746338, 0.08154362440109253, 0.20978227257728577]], "sfx.logattacktime.mean": [0.5221259593963623], "sfx.inharmonicity.mean": [0.40792620182037354]}