{"lowlevel.spectral_centroid.mean": [0.32080721855163574], "lowlevel.spectral_contrast.mean": [[0.6812713146209717, 0.9356017112731934, 0.739560604095459, 0.41846203804016113, 0.3137366771697998, 0.39280176162719727]], "lowlevel.dissonance.mean": [-0.04540252685546875], "lowlevel.hfc.mean": [0.4737817049026489], "lowlevel.mfcc.mean": [[0.47430670261383057, 0.9650760889053345, 1.065383791923523, 0.579251766204834, 0.37842097878456116, 0.1728610098361969, 0.25869470834732056, 0.3206857144832611, 0.27127179503440857, 0.3805922865867615, 0.2965712249279022, 0.3174477219581604, 0.17105430364608765]], "sfx.logattacktime.mean": [0.28669473528862], "sfx.inharmonicity.mean": [0.30146777629852295]}