{"lowlevel.spectral_centroid.mean": [0.4703035354614258], "lowlevel.spectral_contrast.mean": [[0.3545992374420166, 0.35305333137512207, 0.5214468240737915, 0.6886439323425293, 0.6474580764770508, 0.45055603981018066]], "lowlevel.dissonance.mean": [0.6634267568588257], "lowlevel.hfc.mean": [0.4725028872489929], "lowlevel.mfcc.mean": [[0.44189512729644775, 0.5147126913070679, 0.3520452380180359, 0.33580413460731506, 0.4568994343280792, 0.49107468128204346, 0.47717955708503723, 0.37403610348701477, 0.3157365322113037, 0.22987806797027588, 0.26856887340545654, 0.4194057881832123, 0.4757881164550781]], "sfx.logattacktime.mean": [0.23298072814941406], "sfx.inharmonicity.mean": [0.49099117517471313]}