{"lowlevel.spectral_centroid.mean": [0.3539113700389862], "lowlevel.spectral_contrast.mean": [[0.420560359954834, 0.47771191596984863, 0.7747372388839722, 0.6703720092773438, 0.5106780529022217, 0.28267931938171387]], "lowlevel.dissonance.mean": [0.3300212621688843], "lowlevel.hfc.mean": [0.4665568172931671], "lowlevel.mfcc.mean": [[0.33081305027008057, 1.0258241891860962, 0.5122911334037781, 0.06705167889595032, 0.36873865127563477, 0.4521200656890869, 0.5607045292854309, 0.4752658009529114, 0.40742260217666626, 0.3489484488964081, 0.2979050278663635, 0.1805771291255951, 0.2407851219177246]], "sfx.logattacktime.mean": [0.6430751085281372], "sfx.inharmonicity.mean": [0.9792622327804565]}