{"lowlevel.spectral_centroid.mean": [0.4324069619178772], "lowlevel.spectral_contrast.mean": [[0.3217658996582031, 0.3245546817779541, 0.4672912359237671, 0.47054195404052734, 0.4825267791748047, 1.0178513526916504]], "lowlevel.dissonance.mean": [0.7053729295730591], "lowlevel.hfc.mean": [0.46719059348106384], "lowlevel.mfcc.mean": [[0.7253134250640869, 0.6780619621276855, 0.15609386563301086, 0.6236081719398499, 0.24984969198703766, 0.8099333047866821, 0.39558207988739014, 0.5406903028488159, 0.4174725115299225, 0.26203835010528564, 0.40767404437065125, 0.24490271508693695, 0.45113861560821533]], "sfx.logattacktime.mean": [0.6564497947692871], "sfx.inharmonicity.mean": [1.1942099332809448]}