{"lowlevel.spectral_centroid.mean": [0.34316590428352356], "lowlevel.spectral_contrast.mean": [[1.021066427230835, 1.0851701498031616, 1.4289852380752563, 0.9828140735626221, 0.5861454010009766, 0.369443416595459]], "lowlevel.dissonance.mean": [-0.20668548345565796], "lowlevel.hfc.mean": [0.48307010531425476], "lowlevel.mfcc.mean": [[0.49655401706695557, 1.2843592166900635, 0.7491839528083801, 0.14608606696128845, 0.3191319704055786, 0.14118272066116333, 0.40017908811569214, 0.37397241592407227, 0.27586910128593445, 0.17816758155822754, 0.5423567891120911, 0.6415083408355713, 0.39759528636932373]], "sfx.logattacktime.mean": [0.6699076294898987], "sfx.inharmonicity.mean": [0.7057546377182007]}