{"lowlevel.spectral_centroid.mean": [0.3330320119857788], "lowlevel.spectral_contrast.mean": [[0.7643465399742126, 0.3523387908935547, 0.45413970947265625, 0.2823822498321533, 0.179826021194458, 0.19327402114868164]], "lowlevel.dissonance.mean": [-0.2840834856033325], "lowlevel.hfc.mean": [0.4671907424926758], "lowlevel.mfcc.mean": [[0.18619108200073242, 0.5113347768783569, 0.8263207674026489, 0.7142499685287476, 0.7672183513641357, 0.723362147808075, 0.6974701881408691, 0.5467188358306885, 0.4219604432582855, 0.23632000386714935, 0.13618344068527222, 0.03770652413368225, 0.10665750503540039]], "sfx.logattacktime.mean": [0.23630860447883606], "sfx.inharmonicity.mean": [0.2212207317352295]}