{"lowlevel.spectral_centroid.mean": [0.34575510025024414], "lowlevel.spectral_contrast.mean": [[0.2853649854660034, 0.8670536279678345, 0.7667564153671265, 0.7147175073623657, 0.5141441822052002, 0.2563667297363281]], "lowlevel.dissonance.mean": [0.01624166965484619], "lowlevel.hfc.mean": [0.4667261838912964], "lowlevel.mfcc.mean": [[0.12272369861602783, 0.6677682399749756, 0.5307950377464294, 0.25948458909988403, 0.37069737911224365, 0.22839179635047913, 0.3066476583480835, 0.6662735939025879, 1.1452875137329102, 1.230109691619873, 0.9286354780197144, 0.7413389682769775, 0.6471701860427856]], "sfx.logattacktime.mean": [0.2553766965866089], "sfx.inharmonicity.mean": [0.34816327691078186]}