{"lowlevel.spectral_centroid.mean": [0.3872736096382141], "lowlevel.spectral_contrast.mean": [[0.8884448409080505, 0.8513050079345703, 0.8383644819259644, 0.7770875692367554, 0.8878939151763916, 1.2621066570281982]], "lowlevel.dissonance.mean": [0.6484063863754272], "lowlevel.hfc.mean": [0.6123619079589844], "lowlevel.mfcc.mean": [[1.1255218982696533, 0.7592508792877197, 0.17478355765342712, 0.8399587273597717, 0.2950562834739685, 0.815395176410675, 0.1950819492340088, 0.4164956212043762, 0.7384042143821716, 0.14105799794197083, 0.38264572620391846, 0.4256611764431, 0.2941794991493225]], "sfx.logattacktime.mean": [0.6186345219612122], "sfx.inharmonicity.mean": [0.4023270010948181]}