{"lowlevel.spectral_centroid.mean": [0.597135066986084], "lowlevel.spectral_contrast.mean": [[0.22164905071258545, 0.16296565532684326, 0.18854427337646484, 0.8993668556213379, 0.19211697578430176, 0.5458889007568359]], "lowlevel.dissonance.mean": [0.6956658363342285], "lowlevel.hfc.mean": [0.4772001802921295], "lowlevel.mfcc.mean": [[0.12242281436920166, 0.06152285635471344, 0.452156126499176, 0.34855395555496216, 0.5862809419631958, 0.8083946704864502, 0.12093162536621094, 0.41748303174972534, 0.676383376121521, 0.7348593473434448, 0.4909617304801941, 0.12725815176963806, 0.5516374707221985]], "sfx.logattacktime.mean": [0.789412796497345], "sfx.inharmonicity.mean": [0.815184473991394]}