{"lowlevel.spectral_centroid.mean": [0.36808323860168457], "lowlevel.spectral_contrast.mean": [[0.5306578874588013, 0.654996395111084, 0.6658247709274292, 0.6507737636566162, 0.42803335189819336, 0.20082402229309082]], "lowlevel.dissonance.mean": [-0.007843375205993652], "lowlevel.hfc.mean": [0.46514642238616943], "lowlevel.mfcc.mean": [[0.2333214282989502, 0.5828402638435364, 0.7029001712799072, 0.2701491117477417, 0.22186723351478577, 0.21694618463516235, 0.15761259198188782, 0.004707276821136475, 0.11866244673728943, 0.29879188537597656, 0.4108448922634125, 0.34630411863327026, 0.37688982486724854]], "sfx.logattacktime.mean": [0.7100647687911987], "sfx.inharmonicity.mean": [0.3693377375602722]}