{"lowlevel.spectral_centroid.mean": [0.4573231339454651], "lowlevel.spectral_contrast.mean": [[0.2884138822555542, 0.5275464057922363, 0.630927562713623, 0.5381295680999756, 0.35666871070861816, 0.29055142402648926]], "lowlevel.dissonance.mean": [0.4637882709503174], "lowlevel.hfc.mean": [0.46513593196868896], "lowlevel.mfcc.mean": [[0.19631004333496094, 0.3877575993537903, 0.3884616494178772, 0.12751492857933044, 0.23996131122112274, 0.20619681477546692, 0.23877474665641785, 0.3245176672935486, 0.36426299810409546, 0.26653724908828735, 0.2865428924560547, 0.38263028860092163, 0.5935211181640625]], "sfx.logattacktime.mean": [0.5862751603126526], "sfx.inharmonicity.mean": [1.521043300628662]}