{"lowlevel.spectral_centroid.mean": [0.35639071464538574], "lowlevel.spectral_contrast.mean": [[0.7242864966392517, 1.539947271347046, 1.484008550643921, 1.4790347814559937, 1.1111019849777222, 0.6400654315948486]], "lowlevel.dissonance.mean": [0.0027757883071899414], "lowlevel.hfc.mean": [0.47139671444892883], "lowlevel.mfcc.mean": [[0.555443286895752, 0.7609763145446777, 0.030554145574569702, 0.03295519948005676, 0.18886759877204895, 0.08335033059120178, 0.16749835014343262, 0.22197893261909485, 0.41934841871261597, 0.3248180150985718, 0.10166001319885254, -0.2067769169807434, -0.05133742094039917]], "sfx.logattacktime.mean": [0.3616749346256256], "sfx.inharmonicity.mean": [0.1995270699262619]}