{"lowlevel.spectral_centroid.mean": [0.3595326542854309], "lowlevel.spectral_contrast.mean": [[1.0258393287658691, 1.3213474750518799, 1.3531442880630493, 1.1801893711090088, 0.22495293617248535, 0.19094014167785645]], "lowlevel.dissonance.mean": [-0.4034625291824341], "lowlevel.hfc.mean": [0.4823800325393677], "lowlevel.mfcc.mean": [[0.5193206071853638, 0.9264674186706543, 0.5963950157165527, -0.153617262840271, 0.025797635316848755, 0.8277915120124817, 1.3123981952667236, 1.0982757806777954, 1.0669910907745361, 1.4064265489578247, 1.4609794616699219, 0.8440631628036499, 0.13415366411209106]], "sfx.logattacktime.mean": [0.12474194169044495], "sfx.inharmonicity.mean": [0.3426201641559601]}