{"lowlevel.spectral_centroid.mean": [0.6822774410247803], "lowlevel.spectral_contrast.mean": [[0.5022966861724854, 0.35687577724456787, 0.5403212308883667, 1.0690358877182007, 0.8688766956329346, 1.0866284370422363]], "lowlevel.dissonance.mean": [0.7354482412338257], "lowlevel.hfc.mean": [0.5190243721008301], "lowlevel.mfcc.mean": [[0.7443971633911133, 0.28335118293762207, 0.3180096745491028, 0.2531922459602356, 0.4461897909641266, 0.621560275554657, 0.42867904901504517, 0.474113792181015, 0.6490857601165771, 0.8281782269477844, 0.3002537488937378, -0.14937710762023926, 2.0124878883361816]], "sfx.logattacktime.mean": [0.5316084623336792], "sfx.inharmonicity.mean": [0.6727927327156067]}