{"lowlevel.spectral_centroid.mean": [0.3724956214427948], "lowlevel.spectral_contrast.mean": [[0.3629627227783203, 0.33672022819519043, 0.38262462615966797, 0.39517784118652344, 0.43401265144348145, 0.4530668258666992]], "lowlevel.dissonance.mean": [0.7083778381347656], "lowlevel.hfc.mean": [0.466639906167984], "lowlevel.mfcc.mean": [[0.5346826314926147, 0.5536006093025208, 0.3569357991218567, 0.5462455153465271, 0.6495620012283325, 0.6597486734390259, 0.7324896454811096, 0.6552063226699829, 0.657750129699707, 0.4436068832874298, 0.49768495559692383, 0.5461262464523315, 0.6254372596740723]], "sfx.logattacktime.mean": [0.6149508357048035], "sfx.inharmonicity.mean": [0.48659446835517883]}