{"lowlevel.spectral_centroid.mean": [0.3278193473815918], "lowlevel.spectral_contrast.mean": [[0.3377183675765991, 0.4065210819244385, 0.4097104072570801, 0.2816333770751953, 0.2111213207244873, 0.21745920181274414]], "lowlevel.dissonance.mean": [0.24906206130981445], "lowlevel.hfc.mean": [0.4650844633579254], "lowlevel.mfcc.mean": [[0.025754332542419434, 0.6513948440551758, 0.9577112197875977, 0.7311674356460571, 0.630772054195404, 0.5244768261909485, 0.5030851364135742, 0.36219772696495056, 0.22964197397232056, 0.044621825218200684, 0.006734609603881836, 0.019059807062149048, 0.16519886255264282]], "sfx.logattacktime.mean": [0.2817153334617615], "sfx.inharmonicity.mean": [0.4800504744052887]}