{"lowlevel.spectral_centroid.mean": [0.3294222056865692], "lowlevel.spectral_contrast.mean": [[0.37260138988494873, 0.3463616371154785, 0.42380309104919434, 0.40639328956604004, 0.3903472423553467, 0.3061530590057373]], "lowlevel.dissonance.mean": [0.5446611642837524], "lowlevel.hfc.mean": [0.465095192193985], "lowlevel.mfcc.mean": [[0.2935725450515747, 0.6722861528396606, 0.7244166135787964, 0.4379202127456665, 0.5015162229537964, 0.4580778181552887, 0.48907363414764404, 0.5332923531532288, 0.6230834722518921, 0.505388617515564, 0.38729438185691833, 0.2812330722808838, 0.2363252341747284]], "sfx.logattacktime.mean": [0.6710726022720337], "sfx.inharmonicity.mean": [0.3796316087245941]}