{"lowlevel.spectral_centroid.mean": [0.33968719840049744], "lowlevel.spectral_contrast.mean": [[0.4421740770339966, 0.5100475549697876, 0.7060065269470215, 0.6497616767883301, 0.6114675998687744, 0.26403307914733887]], "lowlevel.dissonance.mean": [0.33354878425598145], "lowlevel.hfc.mean": [0.4664474129676819], "lowlevel.mfcc.mean": [[0.2942085266113281, 0.9929916858673096, 0.6418512463569641, 0.30171558260917664, 0.42911842465400696, 0.37451013922691345, 0.526035487651825, 0.5555733442306519, 0.5050440430641174, 0.3777521252632141, 0.3534885048866272, 0.3565627634525299, 0.4419183135032654]], "sfx.logattacktime.mean": [0.2531128525733948], "sfx.inharmonicity.mean": [0.8726087808609009]}