{"lowlevel.spectral_centroid.mean": [0.401020348072052], "lowlevel.spectral_contrast.mean": [[0.7665082812309265, 1.2317200899124146, 1.32187020778656, 1.1426122188568115, 1.0730376243591309, 0.7212076187133789]], "lowlevel.dissonance.mean": [0.39001595973968506], "lowlevel.hfc.mean": [0.503136396408081], "lowlevel.mfcc.mean": [[0.8301030397415161, 0.525443434715271, -0.030106693506240845, 0.32400935888290405, 0.005006343126296997, -0.10920959711074829, 0.07904624938964844, -0.07816219329833984, 0.013114482164382935, 0.19547605514526367, 0.030667006969451904, 0.2370176613330841, 0.5022475123405457]], "sfx.logattacktime.mean": [0.5515590310096741], "sfx.inharmonicity.mean": [0.5958875417709351]}