{"lowlevel.spectral_centroid.mean": [0.3497833013534546], "lowlevel.spectral_contrast.mean": [[0.29984259605407715, 0.44604194164276123, 0.4354722499847412, 0.37091684341430664, 0.46634435653686523, 0.32154107093811035]], "lowlevel.dissonance.mean": [0.6036280393600464], "lowlevel.hfc.mean": [0.4650789201259613], "lowlevel.mfcc.mean": [[0.28587305545806885, 0.6080129742622375, 0.5664147138595581, 0.3769940733909607, 0.6377848386764526, 0.4613572359085083, 0.38255906105041504, 0.5321266651153564, 0.5404754281044006, 0.26435616612434387, 0.20703479647636414, 0.14982452988624573, 0.15422198176383972]], "sfx.logattacktime.mean": [0.6050370335578918], "sfx.inharmonicity.mean": [0.3659716844558716]}