{"lowlevel.spectral_centroid.mean": [0.3309110105037689], "lowlevel.spectral_contrast.mean": [[0.8645448684692383, 0.8667269945144653, 0.6353620290756226, 0.5034341812133789, 0.3677957057952881, 0.35500597953796387]], "lowlevel.dissonance.mean": [-0.15281909704208374], "lowlevel.hfc.mean": [0.46638673543930054], "lowlevel.mfcc.mean": [[0.37799739837646484, 0.7434537410736084, 0.6371397376060486, 0.3417052626609802, 0.11858057975769043, -0.049513041973114014, -0.01657712459564209, -0.17525577545166016, -0.0914527177810669, -0.0033312737941741943, 0.01851615309715271, 0.2524402141571045, 0.37178826332092285]], "sfx.logattacktime.mean": [0.24034246802330017], "sfx.inharmonicity.mean": [0.4619912803173065]}