{"lowlevel.spectral_centroid.mean": [0.42846959829330444], "lowlevel.spectral_contrast.mean": [[0.18881511688232422, 0.4288419485092163, 0.9462027549743652, 0.8640153408050537, 0.9517271518707275, 0.542931079864502]], "lowlevel.dissonance.mean": [0.4370276927947998], "lowlevel.hfc.mean": [0.47225630283355713], "lowlevel.mfcc.mean": [[0.3739643096923828, 0.42981988191604614, -0.11194947361946106, -0.1722448468208313, 0.08682271838188171, 0.334690660238266, 0.5945412516593933, 0.8533955812454224, 0.9651541709899902, 0.5187785625457764, 0.6475368738174438, 0.659186840057373, 0.32465308904647827]], "sfx.logattacktime.mean": [0.48737066984176636], "sfx.inharmonicity.mean": [1.4990414381027222]}