{"lowlevel.spectral_centroid.mean": [0.5429457426071167], "lowlevel.spectral_contrast.mean": [[0.7598214149475098, 0.6632851362228394, 0.6483923196792603, 0.8561713695526123, 0.7987446784973145, 0.9506206512451172]], "lowlevel.dissonance.mean": [0.7037353515625], "lowlevel.hfc.mean": [0.5911080837249756], "lowlevel.mfcc.mean": [[1.037447452545166, 0.4192275404930115, 0.1830686628818512, 0.9282082915306091, 0.49167144298553467, 0.32847467064857483, 0.18945080041885376, 0.29667553305625916, 0.488399475812912, 0.6226524710655212, 0.33636271953582764, 0.2547578811645508, 0.5904960036277771]], "sfx.logattacktime.mean": [0.510826051235199], "sfx.inharmonicity.mean": [0.7479997873306274]}