{"lowlevel.spectral_centroid.mean": [0.33847305178642273], "lowlevel.spectral_contrast.mean": [[0.596149206161499, 0.840631365776062, 0.7548623085021973, 0.7544456720352173, 0.7608914375305176, 0.8327467441558838]], "lowlevel.dissonance.mean": [0.3972489833831787], "lowlevel.hfc.mean": [0.4734656810760498], "lowlevel.mfcc.mean": [[0.6952121257781982, 0.9339953660964966, 0.3850536346435547, 0.5685437321662903, 0.3422553241252899, 0.3560526371002197, 0.32771092653274536, 0.2475481629371643, 0.32475391030311584, 0.39517641067504883, 0.399429053068161, 0.41344982385635376, 0.46430689096450806]], "sfx.logattacktime.mean": [0.5229729413986206], "sfx.inharmonicity.mean": [0.3395872712135315]}