{"lowlevel.spectral_centroid.mean": [0.3195365369319916], "lowlevel.spectral_contrast.mean": [[0.44032084941864014, 0.5853449106216431, 0.500313401222229, 0.3741133213043213, 0.2960503101348877, 0.22701001167297363]], "lowlevel.dissonance.mean": [-0.018700480461120605], "lowlevel.hfc.mean": [0.46586260199546814], "lowlevel.mfcc.mean": [[0.15587031841278076, 0.892941951751709, 1.004194974899292, 0.6787365674972534, 0.5564230680465698, 0.3308882713317871, 0.2272859811782837, 0.15850937366485596, 0.1959754228591919, 0.15891531109809875, 0.21834900975227356, 0.31969553232192993, 0.48895955085754395]], "sfx.logattacktime.mean": [0.23354339599609375], "sfx.inharmonicity.mean": [0.6999306678771973]}