{"lowlevel.spectral_centroid.mean": [0.42468464374542236], "lowlevel.spectral_contrast.mean": [[0.7405740022659302, 0.6684964895248413, 0.6227266788482666, 0.5820615291595459, 0.5933473110198975, 0.6393866539001465]], "lowlevel.dissonance.mean": [0.640931248664856], "lowlevel.hfc.mean": [0.5996867418289185], "lowlevel.mfcc.mean": [[1.1655018329620361, 0.45417478680610657, 0.5580724477767944, 0.6342244148254395, 0.5203565359115601, 0.5269790291786194, 0.46869122982025146, 0.5296363234519958, 0.5047678351402283, 0.5133013129234314, 0.4844125509262085, 0.4826383590698242, 0.4493480324745178]], "sfx.logattacktime.mean": [0.27626505494117737], "sfx.inharmonicity.mean": [0.8070285320281982]}