{"lowlevel.spectral_centroid.mean": [0.32765182852745056], "lowlevel.spectral_contrast.mean": [[0.5402628183364868, 0.8399592638015747, 0.5414749383926392, 0.4074127674102783, 0.26268601417541504, 0.2267591953277588]], "lowlevel.dissonance.mean": [-0.42862725257873535], "lowlevel.hfc.mean": [0.4654965400695801], "lowlevel.mfcc.mean": [[0.07270669937133789, 0.7044013738632202, 0.8896061182022095, 0.5949003100395203, 0.39798304438591003, 0.09918349981307983, -0.08124476671218872, -0.15325212478637695, -0.04267805814743042, 0.10640525817871094, 0.2886512577533722, 0.2674148678779602, 0.2920503318309784]], "sfx.logattacktime.mean": [0.24620327353477478], "sfx.inharmonicity.mean": [1.1470012664794922]}