{"lowlevel.spectral_centroid.mean": [0.3282308876514435], "lowlevel.spectral_contrast.mean": [[0.7680155038833618, 0.7117396593093872, 0.899822473526001, 0.808685302734375, 0.6857666969299316, 0.25898194313049316]], "lowlevel.dissonance.mean": [0.18457913398742676], "lowlevel.hfc.mean": [0.47104886174201965], "lowlevel.mfcc.mean": [[0.4999823570251465, 1.3695921897888184, 0.643781304359436, 0.2166437953710556, 0.5562191605567932, 0.30300232768058777, 0.41981619596481323, 0.6249790191650391, 0.5351439118385315, 0.4021889865398407, 0.4793922007083893, 0.3610354959964752, 0.17752692103385925]], "sfx.logattacktime.mean": [0.5236273407936096], "sfx.inharmonicity.mean": [0.7320574522018433]}