{"lowlevel.spectral_centroid.mean": [0.41600653529167175], "lowlevel.spectral_contrast.mean": [[0.20027387142181396, 0.22681903839111328, 1.8330206871032715, 1.6480090618133545, 1.6735590696334839, 1.1872379779815674]], "lowlevel.dissonance.mean": [0.20335626602172852], "lowlevel.hfc.mean": [0.495731920003891], "lowlevel.mfcc.mean": [[0.518435001373291, 0.21418346464633942, 0.08395370841026306, 0.4033627510070801, 0.062303245067596436, 0.6765309572219849, 0.6876834034919739, 0.8063756823539734, 1.6060011386871338, 1.385028600692749, 0.5203909277915955, -0.23208296298980713, -1.648368239402771]], "sfx.logattacktime.mean": [0.3304107189178467], "sfx.inharmonicity.mean": [0.23050247132778168]}