{"lowlevel.spectral_centroid.mean": [0.3023677170276642], "lowlevel.spectral_contrast.mean": [[0.528450608253479, 0.3601675033569336, 0.3902122974395752, 0.4575459957122803, 0.3231542110443115, 0.3607962131500244]], "lowlevel.dissonance.mean": [0.5245305299758911], "lowlevel.hfc.mean": [0.4657624065876007], "lowlevel.mfcc.mean": [[0.4145900011062622, 0.8899388313293457, 0.6714431047439575, 0.6248840093612671, 0.5817945003509521, 0.753983736038208, 0.9558936953544617, 0.7209882140159607, 0.4425431787967682, 0.5695474147796631, 0.48428162932395935, 0.7425516843795776, 0.6991642713546753]], "sfx.logattacktime.mean": [0.2036001980304718], "sfx.inharmonicity.mean": [0.7605363130569458]}