{"lowlevel.spectral_centroid.mean": [0.47754254937171936], "lowlevel.spectral_contrast.mean": [[0.35293519496917725, 1.0907000303268433, 0.7586265802383423, 0.8509242534637451, 0.7154693603515625, 0.5355546474456787]], "lowlevel.dissonance.mean": [0.15693414211273193], "lowlevel.hfc.mean": [0.47042933106422424], "lowlevel.mfcc.mean": [[0.43652021884918213, 0.5513538122177124, 0.2949181795120239, 0.5285937786102295, 0.35813289880752563, 0.32871246337890625, 0.25470638275146484, 0.454304039478302, 0.680470883846283, 1.0827531814575195, 0.996427595615387, 1.0996966361999512, 0.7320137023925781]], "sfx.logattacktime.mean": [0.7037156820297241], "sfx.inharmonicity.mean": [0.3635976314544678]}