{"lowlevel.spectral_centroid.mean": [0.32419610023498535], "lowlevel.spectral_contrast.mean": [[1.1229214668273926, 0.8995896577835083, 0.8995709419250488, 0.39165782928466797, 0.201934814453125, 0.23752212524414062]], "lowlevel.dissonance.mean": [-0.08582460880279541], "lowlevel.hfc.mean": [0.4695814549922943], "lowlevel.mfcc.mean": [[0.34917283058166504, 0.9121402502059937, 1.0917412042617798, 0.49844419956207275, 0.014824986457824707, -0.2099471092224121, -0.09775513410568237, -0.0332607626914978, 0.03159952163696289, 0.02115359902381897, 0.07838234305381775, 0.08978193998336792, 0.16181012988090515]], "sfx.logattacktime.mean": [0.327108770608902], "sfx.inharmonicity.mean": [0.25736162066459656]}