{"lowlevel.spectral_centroid.mean": [0.4902452230453491], "lowlevel.spectral_contrast.mean": [[0.8640477061271667, 1.1579666137695312, 0.5502032041549683, 0.3140077590942383, 0.33322668075561523, 0.3898029327392578]], "lowlevel.dissonance.mean": [-0.19066685438156128], "lowlevel.hfc.mean": [0.4715866446495056], "lowlevel.mfcc.mean": [[0.5774345397949219, 0.39924073219299316, 0.8858450651168823, 0.6053897738456726, 0.23546859622001648, -0.05209469795227051, -0.21420276165008545, -0.14185112714767456, -0.04747134447097778, 0.14427906274795532, 0.27445074915885925, 0.38668790459632874, 0.40073150396347046]], "sfx.logattacktime.mean": [0.22126200795173645], "sfx.inharmonicity.mean": [0.4546823501586914]}