{"lowlevel.spectral_centroid.mean": [0.395067423582077], "lowlevel.spectral_contrast.mean": [[0.5774217844009399, 0.9448369741439819, 1.1553670167922974, 0.8244519233703613, 0.623560905456543, 1.2574987411499023]], "lowlevel.dissonance.mean": [0.2165738344192505], "lowlevel.hfc.mean": [0.4927420914173126], "lowlevel.mfcc.mean": [[0.7088878154754639, 0.8172441720962524, -0.05756816267967224, 0.5069873332977295, -0.12768417596817017, -0.06820559501647949, 0.41863447427749634, -0.1423993706703186, 0.6957190632820129, 0.05304262042045593, -0.016261279582977295, 0.45216965675354004, 0.2098243534564972]], "sfx.logattacktime.mean": [0.5732475519180298], "sfx.inharmonicity.mean": [0.7607784271240234]}