{"lowlevel.spectral_centroid.mean": [0.3170087933540344], "lowlevel.spectral_contrast.mean": [[0.6064872741699219, 0.5686078071594238, 0.40509819984436035, 0.36927223205566406, 0.40551280975341797, 0.3936500549316406]], "lowlevel.dissonance.mean": [0.47055673599243164], "lowlevel.hfc.mean": [0.46647047996520996], "lowlevel.mfcc.mean": [[0.6190652847290039, 0.7650727033615112, 0.7210837602615356, 0.6793999075889587, 0.6473454236984253, 0.49730783700942993, 0.34994322061538696, 0.46221616864204407, 0.3381667733192444, 0.473042368888855, 0.43434229493141174, 0.5919299721717834, 0.49484142661094666]], "sfx.logattacktime.mean": [0.6052522659301758], "sfx.inharmonicity.mean": [0.22795666754245758]}