{"lowlevel.spectral_centroid.mean": [0.340595006942749], "lowlevel.spectral_contrast.mean": [[0.574298620223999, 0.63094162940979, 0.49646973609924316, 0.4587390422821045, 0.32445526123046875, 0.4038362503051758]], "lowlevel.dissonance.mean": [0.294594407081604], "lowlevel.hfc.mean": [0.4660792052745819], "lowlevel.mfcc.mean": [[0.29197394847869873, 0.566224217414856, 0.6056715250015259, 0.4715152084827423, 0.2937770485877991, 0.21520309150218964, 0.290452778339386, 0.10050997138023376, 0.062413305044174194, -0.09414017200469971, -0.005321919918060303, 0.19987305998802185, 0.3989582657814026]], "sfx.logattacktime.mean": [0.20205795764923096], "sfx.inharmonicity.mean": [0.3961019515991211]}