{"lowlevel.spectral_centroid.mean": [0.4199873208999634], "lowlevel.spectral_contrast.mean": [[0.6913954019546509, 0.9788687229156494, 1.0208659172058105, 1.041329264640808, 0.8532130718231201, 0.5379292964935303]], "lowlevel.dissonance.mean": [0.33227741718292236], "lowlevel.hfc.mean": [0.4655807614326477], "lowlevel.mfcc.mean": [[0.4209252595901489, 0.46595096588134766, -0.017302662134170532, 0.05876311659812927, 0.23804834485054016, 0.06326371431350708, -0.02036118507385254, 0.06089514493942261, -0.05140399932861328, 0.016412943601608276, 0.1919756829738617, 0.114443838596344, 0.3519570827484131]], "sfx.logattacktime.mean": [0.7549365758895874], "sfx.inharmonicity.mean": [0.4951777458190918]}