{"lowlevel.spectral_centroid.mean": [0.5231404304504395], "lowlevel.spectral_contrast.mean": [[0.6338103413581848, 0.2714740037918091, 0.30881381034851074, 0.6836215257644653, 1.0110657215118408, 0.9945545196533203]], "lowlevel.dissonance.mean": [0.6985892057418823], "lowlevel.hfc.mean": [0.4913983941078186], "lowlevel.mfcc.mean": [[0.37137460708618164, 0.16294974088668823, 0.5952354073524475, 0.9150535464286804, 0.7041976451873779, 0.9944131374359131, 1.1354891061782837, 0.27146923542022705, 0.6938648819923401, 1.2019171714782715, 0.6854496002197266, 0.16412994265556335, 0.4769957959651947]], "sfx.logattacktime.mean": [0.7314893007278442], "sfx.inharmonicity.mean": [0.5896221995353699]}