{"lowlevel.spectral_centroid.mean": [1.0033918619155884], "lowlevel.spectral_contrast.mean": [[0.26244938373565674, 0.33319079875946045, 0.3440103530883789, 0.8542492389678955, 0.8322904109954834, 0.9309647083282471]], "lowlevel.dissonance.mean": [0.6184892654418945], "lowlevel.hfc.mean": [0.47694215178489685], "lowlevel.mfcc.mean": [[0.4405672550201416, 0.23933808505535126, 0.6297218203544617, 0.37258782982826233, 0.3653372824192047, 0.9379760026931763, 0.8121169805526733, 0.19440069794654846, -0.29468995332717896, 1.3430707454681396, 0.8943843841552734, 0.7730185389518738, 1.0247377157211304]], "sfx.logattacktime.mean": [0.4568507671356201], "sfx.inharmonicity.mean": [0.6988519430160522]}