{"lowlevel.spectral_centroid.mean": [0.32888367772102356], "lowlevel.spectral_contrast.mean": [[0.8735004663467407, 0.6931731700897217, 0.6710262298583984, 0.6916404962539673, 0.6198740005493164, 0.2809772491455078]], "lowlevel.dissonance.mean": [0.2929741144180298], "lowlevel.hfc.mean": [0.4688369929790497], "lowlevel.mfcc.mean": [[0.5511839389801025, 1.1185860633850098, 0.6522008180618286, 0.15591154992580414, 0.5886695981025696, 0.5404990315437317, 0.39592382311820984, 0.3771834075450897, 0.2986903190612793, 0.16883236169815063, 0.23811691999435425, 0.23619744181632996, 0.2695351243019104]], "sfx.logattacktime.mean": [0.8336364030838013], "sfx.inharmonicity.mean": [0.24959096312522888]}