{"lowlevel.spectral_centroid.mean": [0.32254740595817566], "lowlevel.spectral_contrast.mean": [[0.5373183488845825, 0.747360348701477, 0.5192512273788452, 0.3535635471343994, 0.2213423252105713, 0.24101996421813965]], "lowlevel.dissonance.mean": [0.0035330653190612793], "lowlevel.hfc.mean": [0.4658636152744293], "lowlevel.mfcc.mean": [[0.10940265655517578, 0.8257046937942505, 1.055346965789795, 0.725139319896698, 0.47557368874549866, 0.25365614891052246, 0.1664218008518219, 0.035768717527389526, 0.0397496223449707, 0.08479192852973938, 0.2491036057472229, 0.3032110929489136, 0.2897772192955017]], "sfx.logattacktime.mean": [0.2646612524986267], "sfx.inharmonicity.mean": [0.8083577156066895]}