{"lowlevel.spectral_centroid.mean": [0.37720268964767456], "lowlevel.spectral_contrast.mean": [[0.7637743949890137, 1.420007586479187, 1.3359514474868774, 1.2507081031799316, 1.0483717918395996, 0.8237621784210205]], "lowlevel.dissonance.mean": [0.1679316759109497], "lowlevel.hfc.mean": [0.5114070773124695], "lowlevel.mfcc.mean": [[0.7939096689224243, 0.5071842670440674, 0.14857220649719238, 0.19403515756130219, -0.14307892322540283, -0.400515079498291, -0.4459763765335083, -0.0685998797416687, 0.26130610704421997, 0.3571529984474182, 0.03689610958099365, 0.3711961507797241, 0.6565072536468506]], "sfx.logattacktime.mean": [0.8110567331314087], "sfx.inharmonicity.mean": [0.8380758762359619]}