{"lowlevel.spectral_centroid.mean": [0.34085679054260254], "lowlevel.spectral_contrast.mean": [[0.6193087697029114, 0.9803617000579834, 0.8394426107406616, 0.9353675842285156, 0.9221065044403076, 0.3024437427520752]], "lowlevel.dissonance.mean": [0.4060319662094116], "lowlevel.hfc.mean": [0.47034206986427307], "lowlevel.mfcc.mean": [[0.5661571025848389, 1.2692328691482544, 0.3042759299278259, 0.32001519203186035, 0.590893030166626, 0.12712818384170532, 0.3537523150444031, 0.3226132392883301, 0.2788589298725128, 0.4687798023223877, 0.5379254221916199, 0.6179069876670837, 0.6265649795532227]], "sfx.logattacktime.mean": [0.7103047370910645], "sfx.inharmonicity.mean": [0.6501625180244446]}