{"lowlevel.spectral_centroid.mean": [0.3772719204425812], "lowlevel.spectral_contrast.mean": [[0.6255754828453064, 0.39222288131713867, 0.4686145782470703, 0.4408273696899414, 0.48996710777282715, 0.42975449562072754]], "lowlevel.dissonance.mean": [0.6952763795852661], "lowlevel.hfc.mean": [0.47080013155937195], "lowlevel.mfcc.mean": [[0.7535313367843628, 0.4646492004394531, 0.5105111002922058, 0.4333359897136688, 0.6779776811599731, 0.6612170934677124, 0.7287197709083557, 0.7502647638320923, 0.7877075672149658, 0.5929200053215027, 0.5652480721473694, 0.6810126304626465, 0.7010934948921204]], "sfx.logattacktime.mean": [0.485622763633728], "sfx.inharmonicity.mean": [0.3729337453842163]}