{"lowlevel.spectral_centroid.mean": [0.33832278847694397], "lowlevel.spectral_contrast.mean": [[0.4525841474533081, 0.5880117416381836, 0.6980243921279907, 0.5638153553009033, 0.22929739952087402, 0.2609367370605469]], "lowlevel.dissonance.mean": [0.28546464443206787], "lowlevel.hfc.mean": [0.4760403633117676], "lowlevel.mfcc.mean": [[0.39765608310699463, 0.8841439485549927, 0.8918923139572144, 0.5529499650001526, 0.38693320751190186, 0.3323780298233032, 0.3549678921699524, 0.27173876762390137, 0.33757901191711426, 0.43194496631622314, 0.67545086145401, 0.6849667429924011, 0.6547316908836365]], "sfx.logattacktime.mean": [0.206777423620224], "sfx.inharmonicity.mean": [0.38199639320373535]}