{"lowlevel.spectral_centroid.mean": [0.5334693789482117], "lowlevel.spectral_contrast.mean": [[0.3824455738067627, 0.8297709226608276, 0.7229762077331543, 0.6262471675872803, 0.542039155960083, 0.5634269714355469]], "lowlevel.dissonance.mean": [0.4909994602203369], "lowlevel.hfc.mean": [0.48285195231437683], "lowlevel.mfcc.mean": [[0.42543745040893555, 0.3940529227256775, 0.3947693705558777, 0.5434499979019165, 0.30247271060943604, 0.20974647998809814, 0.19157889485359192, 0.290304034948349, 0.5258915424346924, 0.6084371209144592, 0.45644038915634155, 0.3426850438117981, 0.6295844316482544]], "sfx.logattacktime.mean": [0.367030531167984], "sfx.inharmonicity.mean": [0.5790954828262329]}