{"lowlevel.spectral_centroid.mean": [0.36823707818984985], "lowlevel.spectral_contrast.mean": [[0.30285918712615967, 0.3305490016937256, 0.4847172498703003, 0.4105527400970459, 0.36016345024108887, 0.3483912944793701]], "lowlevel.dissonance.mean": [0.621306300163269], "lowlevel.hfc.mean": [0.46517249941825867], "lowlevel.mfcc.mean": [[0.20952260494232178, 0.543085515499115, 0.5787028670310974, 0.6038642525672913, 0.6505950093269348, 0.6933469772338867, 0.6684216260910034, 0.6476000547409058, 0.6303648948669434, 0.5604817271232605, 0.4677734076976776, 0.42046618461608887, 0.4866393506526947]], "sfx.logattacktime.mean": [1.0216619968414307], "sfx.inharmonicity.mean": [0.5980446338653564]}