{"lowlevel.spectral_centroid.mean": [0.4771362245082855], "lowlevel.spectral_contrast.mean": [[0.22841930389404297, 0.937747597694397, 1.2872639894485474, 1.0576584339141846, 1.0428493022918701, 0.6609787940979004]], "lowlevel.dissonance.mean": [0.3449808359146118], "lowlevel.hfc.mean": [0.480317622423172], "lowlevel.mfcc.mean": [[0.5658526420593262, 0.3492957353591919, 0.0328080952167511, 0.3344479203224182, 0.23879596590995789, 0.08754265308380127, 0.44972169399261475, 0.3227970004081726, 0.22823840379714966, 0.40755289793014526, 0.20093917846679688, 0.2346077263355255, 0.4394383430480957]], "sfx.logattacktime.mean": [0.5067242980003357], "sfx.inharmonicity.mean": [0.4384187161922455]}