{"lowlevel.spectral_centroid.mean": [0.5842627286911011], "lowlevel.spectral_contrast.mean": [[0.5268759727478027, 0.3515993356704712, 0.5463955402374268, 1.0948817729949951, 0.8955416679382324, 0.8938925266265869]], "lowlevel.dissonance.mean": [0.7316012382507324], "lowlevel.hfc.mean": [0.5118580460548401], "lowlevel.mfcc.mean": [[0.7624733448028564, 0.34344643354415894, 0.3295013904571533, 0.3258783221244812, 0.5582684874534607, 0.5704461336135864, 0.5987377166748047, 0.5116955637931824, 0.6315298676490784, 1.0246353149414062, 0.15964239835739136, 0.016510844230651855, 1.7932113409042358]], "sfx.logattacktime.mean": [0.6611137390136719], "sfx.inharmonicity.mean": [0.655703604221344]}