{"lowlevel.spectral_centroid.mean": [0.37314939498901367], "lowlevel.spectral_contrast.mean": [[0.9124383330345154, 0.8965123891830444, 0.4935656785964966, 0.48270082473754883, 0.5373711585998535, 0.9330077171325684]], "lowlevel.dissonance.mean": [0.3555757999420166], "lowlevel.hfc.mean": [0.5270537734031677], "lowlevel.mfcc.mean": [[0.7820228338241577, 0.8974477052688599, 0.33331817388534546, 1.0156490802764893, 0.5574650168418884, 0.4721905589103699, 0.48090478777885437, 0.15547117590904236, 0.298209547996521, 0.2309533655643463, 0.14956867694854736, 0.35398125648498535, 0.22037798166275024]], "sfx.logattacktime.mean": [0.4120991826057434], "sfx.inharmonicity.mean": [0.35572049021720886]}