{"lowlevel.spectral_centroid.mean": [0.5052664875984192], "lowlevel.spectral_contrast.mean": [[0.8257102966308594, 0.42107200622558594, 0.3109724521636963, 0.4255030155181885, 0.399646520614624, 0.32695794105529785]], "lowlevel.dissonance.mean": [0.3346809148788452], "lowlevel.hfc.mean": [0.4698602259159088], "lowlevel.mfcc.mean": [[0.23034250736236572, 0.45117801427841187, 0.6877799034118652, 0.8373984098434448, 0.9009233117103577, 0.7424072027206421, 0.7376625537872314, 0.6978899836540222, 0.7365748286247253, 0.7111631035804749, 0.6175720691680908, 0.49929454922676086, 0.4959801435470581]], "sfx.logattacktime.mean": [0.3940752148628235], "sfx.inharmonicity.mean": [0.4511941075325012]}