{"lowlevel.spectral_centroid.mean": [0.3590039908885956], "lowlevel.spectral_contrast.mean": [[0.47776854038238525, 0.5717754364013672, 0.49208641052246094, 0.4487416744232178, 0.7167971134185791, 0.13821196556091309]], "lowlevel.dissonance.mean": [0.27693724632263184], "lowlevel.hfc.mean": [0.46628618240356445], "lowlevel.mfcc.mean": [[0.41971397399902344, 0.8497508764266968, 0.6312252283096313, 0.421664834022522, 0.5730113387107849, 0.30319952964782715, 0.496370792388916, 0.5963412523269653, 0.429081529378891, 0.47708937525749207, 0.49764445424079895, 0.33964723348617554, 0.5656497478485107]], "sfx.logattacktime.mean": [0.5550500750541687], "sfx.inharmonicity.mean": [0.26883113384246826]}