{"lowlevel.spectral_centroid.mean": [0.45094889402389526], "lowlevel.spectral_contrast.mean": [[0.4746032953262329, 0.7448159456253052, 1.0938094854354858, 1.2115548849105835, 1.0625982284545898, 0.6789038181304932]], "lowlevel.dissonance.mean": [0.43185102939605713], "lowlevel.hfc.mean": [0.5087842345237732], "lowlevel.mfcc.mean": [[0.7709172964096069, 0.6052225828170776, 0.2794882655143738, 0.3049558401107788, 1.017592430114746, 0.06919953227043152, 0.29446616768836975, 0.6872748136520386, 0.2347215712070465, 0.6742710471153259, 0.2270565927028656, 0.4605550765991211, 0.7778750658035278]], "sfx.logattacktime.mean": [0.6878221035003662], "sfx.inharmonicity.mean": [0.4550389051437378]}