{"lowlevel.spectral_centroid.mean": [0.342500776052475], "lowlevel.spectral_contrast.mean": [[0.658297061920166, 0.8429336547851562, 0.9695446491241455, 0.7488901615142822, 0.7947282791137695, 0.4571850299835205]], "lowlevel.dissonance.mean": [0.13714683055877686], "lowlevel.hfc.mean": [0.4689617156982422], "lowlevel.mfcc.mean": [[0.47945213317871094, 0.881637692451477, 0.5788622498512268, 0.43646836280822754, 0.524949848651886, 0.44693025946617126, 0.4571634531021118, 0.531943678855896, 0.6131143569946289, 0.2747197449207306, 0.4162923991680145, 0.6030049324035645, 0.4439876079559326]], "sfx.logattacktime.mean": [0.5159660577774048], "sfx.inharmonicity.mean": [0.5398668050765991]}