{"lowlevel.spectral_centroid.mean": [0.5566439032554626], "lowlevel.spectral_contrast.mean": [[0.24298346042633057, 0.46823835372924805, 0.23181486129760742, 0.20064425468444824, 0.18735742568969727, 0.22824931144714355]], "lowlevel.dissonance.mean": [0.34729838371276855], "lowlevel.hfc.mean": [0.465526282787323], "lowlevel.mfcc.mean": [[0.13484597206115723, 0.3503170907497406, 0.6727238297462463, 0.6258553266525269, 0.68924880027771, 0.5924290418624878, 0.5257918238639832, 0.4186200797557831, 0.41722315549850464, 0.4024841785430908, 0.46398428082466125, 0.48403263092041016, 0.5099602341651917]], "sfx.logattacktime.mean": [0.1669236421585083], "sfx.inharmonicity.mean": [0.3540208041667938]}