{"lowlevel.spectral_centroid.mean": [0.3613075911998749], "lowlevel.spectral_contrast.mean": [[0.20734798908233643, 1.5096807479858398, 1.7950100898742676, 1.4701218605041504, 1.3171392679214478, 0.757859468460083]], "lowlevel.dissonance.mean": [0.0662996768951416], "lowlevel.hfc.mean": [0.4727920889854431], "lowlevel.mfcc.mean": [[0.5608265399932861, 0.7204298973083496, 0.0320744514465332, 0.1379680037498474, 0.14946115016937256, -0.017316758632659912, 0.09578853845596313, 0.2845822870731354, 0.3452180027961731, -0.0016228258609771729, -0.23085176944732666, -0.07116502523422241, 0.6808031797409058]], "sfx.logattacktime.mean": [0.35732850432395935], "sfx.inharmonicity.mean": [0.322536826133728]}