{"lowlevel.spectral_centroid.mean": [0.33541974425315857], "lowlevel.spectral_contrast.mean": [[0.48520588874816895, 0.22736263275146484, 0.6238605976104736, 0.3509182929992676, 0.41780519485473633, 0.3452568054199219]], "lowlevel.dissonance.mean": [0.4746823310852051], "lowlevel.hfc.mean": [0.47112753987312317], "lowlevel.mfcc.mean": [[0.17414164543151855, 0.3254297375679016, 0.5774809122085571, 0.5366178750991821, 0.5336512923240662, 0.5636589527130127, 0.7931349277496338, 1.039839744567871, 1.0845580101013184, 0.8925036191940308, 0.6250984072685242, 0.34087538719177246, 0.2690262496471405]], "sfx.logattacktime.mean": [0.27040356397628784], "sfx.inharmonicity.mean": [0.28487667441368103]}