{"lowlevel.spectral_centroid.mean": [0.3078010082244873], "lowlevel.spectral_contrast.mean": [[0.8438534736633301, 0.7009178400039673, 0.5166677236557007, 0.4351317882537842, 0.38123488426208496, 0.2827615737915039]], "lowlevel.dissonance.mean": [-0.08571797609329224], "lowlevel.hfc.mean": [0.4662005305290222], "lowlevel.mfcc.mean": [[0.3764317035675049, 0.921181321144104, 1.0462828874588013, 0.779803991317749, 0.7515151500701904, 0.5303858518600464, 0.42137935757637024, 0.3917312026023865, 0.43806901574134827, 0.4205576181411743, 0.4446219801902771, 0.4076022505760193, 0.4237595200538635]], "sfx.logattacktime.mean": [0.5874552726745605], "sfx.inharmonicity.mean": [0.23502598702907562]}