{"lowlevel.spectral_centroid.mean": [0.36604902148246765], "lowlevel.spectral_contrast.mean": [[0.750918984413147, 1.2063579559326172, 1.3172624111175537, 0.9370070695877075, 0.8464722633361816, 0.45440244674682617]], "lowlevel.dissonance.mean": [-0.3181893825531006], "lowlevel.hfc.mean": [0.4723077714443207], "lowlevel.mfcc.mean": [[0.5177717208862305, 1.024034023284912, 0.20888963341712952, 0.3349124491214752, 0.24258092045783997, 0.1090608537197113, 0.45415380597114563, 0.2696993052959442, 0.13669529557228088, -0.15670043230056763, -0.012879371643066406, 0.5116332769393921, 0.8396626710891724]], "sfx.logattacktime.mean": [0.7174577116966248], "sfx.inharmonicity.mean": [0.5045645236968994]}