{"lowlevel.spectral_centroid.mean": [0.3601408898830414], "lowlevel.spectral_contrast.mean": [[0.6966926455497742, 0.9078288078308105, 0.8845915794372559, 0.9116637706756592, 0.6885678768157959, 0.40384531021118164]], "lowlevel.dissonance.mean": [0.22002410888671875], "lowlevel.hfc.mean": [0.46582677960395813], "lowlevel.mfcc.mean": [[0.44448304176330566, 0.7596514225006104, 0.3742504119873047, 0.14771857857704163, 0.5424967408180237, 0.4979780912399292, 0.19086384773254395, 0.12758538126945496, 0.18127620220184326, 0.2024279534816742, 0.2774064242839813, 0.04539895057678223, 0.10366284847259521]], "sfx.logattacktime.mean": [0.6444255709648132], "sfx.inharmonicity.mean": [0.37073826789855957]}