{"lowlevel.spectral_centroid.mean": [0.6963707208633423], "lowlevel.spectral_contrast.mean": [[0.3925818204879761, 0.7841006517410278, 0.6724255084991455, 1.26954984664917, 1.2661728858947754, 1.1786987781524658]], "lowlevel.dissonance.mean": [0.6534712314605713], "lowlevel.hfc.mean": [1.0133790969848633], "lowlevel.mfcc.mean": [[0.9432154893875122, -0.06011687219142914, -0.05781504511833191, 0.20658783614635468, 0.06367754936218262, 0.3586842715740204, 0.17483305931091309, 0.0650399923324585, 0.5433301329612732, 0.4447838366031647, 0.46783971786499023, 0.9453393220901489, 0.3462063670158386]], "sfx.logattacktime.mean": [0.4051550328731537], "sfx.inharmonicity.mean": [0.7435615062713623]}