{"lowlevel.spectral_centroid.mean": [1.1367788314819336], "lowlevel.spectral_contrast.mean": [[0.21111345291137695, 0.1603916883468628, 0.17090559005737305, 0.553135871887207, 0.41522979736328125, 0.8695821762084961]], "lowlevel.dissonance.mean": [0.6690424680709839], "lowlevel.hfc.mean": [0.46902111172676086], "lowlevel.mfcc.mean": [[0.13421714305877686, 0.03028169274330139, 0.5544439554214478, 0.299282968044281, 0.728577733039856, 0.48951542377471924, 0.671019434928894, 0.2177090048789978, 0.6775858998298645, 0.4783321022987366, 0.9659765958786011, 0.17576974630355835, 0.4879842698574066]], "sfx.logattacktime.mean": [0.5612215399742126], "sfx.inharmonicity.mean": [0.6292335987091064]}