{"lowlevel.spectral_centroid.mean": [0.5793465375900269], "lowlevel.spectral_contrast.mean": [[0.21917974948883057, 0.32762670516967773, 1.0310899019241333, 0.9543908834457397, 1.3896484375, 0.7410457134246826]], "lowlevel.dissonance.mean": [0.5247560739517212], "lowlevel.hfc.mean": [0.5393087267875671], "lowlevel.mfcc.mean": [[0.5026226043701172, 0.31930410861968994, -0.07240721583366394, 0.6272451877593994, -0.018399834632873535, 0.23094800114631653, 1.1684355735778809, 1.2305268049240112, 0.3853722810745239, -0.06093752384185791, 0.48695677518844604, 0.4749394357204437, 0.0966254472732544]], "sfx.logattacktime.mean": [0.5083816647529602], "sfx.inharmonicity.mean": [0.5972498059272766]}