{"lowlevel.spectral_centroid.mean": [1.171730875968933], "lowlevel.spectral_contrast.mean": [[0.41297316551208496, 0.2414712905883789, 0.296342134475708, 0.575366735458374, 0.6574387550354004, 0.7281515598297119]], "lowlevel.dissonance.mean": [0.7179477214813232], "lowlevel.hfc.mean": [0.46548542380332947], "lowlevel.mfcc.mean": [[0.2764167785644531, 0.18942800164222717, 0.5892896056175232, 0.4451713562011719, 0.5316618084907532, 0.6483403444290161, 0.6921335458755493, 0.34495896100997925, 0.7484669089317322, 1.583842396736145, 0.12853649258613586, 0.6605080962181091, 0.8544029593467712]], "sfx.logattacktime.mean": [0.4972943663597107], "sfx.inharmonicity.mean": [0.7000699043273926]}