{"lowlevel.spectral_centroid.mean": [0.3294440507888794], "lowlevel.spectral_contrast.mean": [[0.9873242974281311, 1.184586524963379, 1.1971004009246826, 1.0095994472503662, 0.6940908432006836, 0.4540705680847168]], "lowlevel.dissonance.mean": [-0.3967630863189697], "lowlevel.hfc.mean": [0.46619749069213867], "lowlevel.mfcc.mean": [[0.4667322635650635, 0.9612692594528198, 0.657423734664917, 0.20545421540737152, 0.3637639284133911, 0.3324928879737854, 0.3724292516708374, 0.26359114050865173, 0.1255360245704651, 0.011666625738143921, 0.0064986348152160645, -0.06715011596679688, 0.029348045587539673]], "sfx.logattacktime.mean": [0.38212084770202637], "sfx.inharmonicity.mean": [0.28729498386383057]}