{"lowlevel.spectral_centroid.mean": [0.4117503762245178], "lowlevel.spectral_contrast.mean": [[0.1757216453552246, 0.9416570663452148, 1.1429314613342285, 0.8403444290161133, 1.0117051601409912, 0.6924471855163574]], "lowlevel.dissonance.mean": [0.33830082416534424], "lowlevel.hfc.mean": [0.48662033677101135], "lowlevel.mfcc.mean": [[0.511196494102478, 0.32422828674316406, 0.31369495391845703, 0.4820864498615265, 0.02940845489501953, 0.038414597511291504, 0.5645341873168945, 0.26356199383735657, 0.5041981339454651, 0.42547038197517395, 0.3607097566127777, 0.6783631443977356, 1.3855726718902588]], "sfx.logattacktime.mean": [0.6064879298210144], "sfx.inharmonicity.mean": [0.3648397922515869]}