{"lowlevel.spectral_centroid.mean": [0.3169191777706146], "lowlevel.spectral_contrast.mean": [[0.5040265321731567, 0.4222627878189087, 0.44358861446380615, 0.2742488384246826, 0.2982151508331299, 0.3087186813354492]], "lowlevel.dissonance.mean": [0.4666856527328491], "lowlevel.hfc.mean": [0.4695725440979004], "lowlevel.mfcc.mean": [[0.2086632251739502, 0.42629295587539673, 0.601182222366333, 0.5689055919647217, 0.5609321594238281, 0.4751647412776947, 0.5739500522613525, 0.5466585755348206, 0.5397052764892578, 0.3757895231246948, 0.30150115489959717, 0.36148974299430847, 0.5072012543678284]], "sfx.logattacktime.mean": [0.2765050530433655], "sfx.inharmonicity.mean": [0.22872373461723328]}