{"lowlevel.spectral_centroid.mean": [0.4868312478065491], "lowlevel.spectral_contrast.mean": [[0.22396647930145264, 0.19518887996673584, 0.20512056350708008, 0.8564857244491577, 0.46524643898010254, 0.36413145065307617]], "lowlevel.dissonance.mean": [0.7160700559616089], "lowlevel.hfc.mean": [0.47359952330589294], "lowlevel.mfcc.mean": [[0.10771846771240234, 0.1648561805486679, 0.42084696888923645, 0.5771621465682983, 0.7222312092781067, 0.6709696054458618, 0.3913404047489166, 0.46387210488319397, 1.0705983638763428, 0.6570034027099609, 0.07184228301048279, 0.5917311906814575, 0.9991708397865295]], "sfx.logattacktime.mean": [0.10256782174110413], "sfx.inharmonicity.mean": [0.5694677829742432]}