{"lowlevel.spectral_centroid.mean": [0.5507799386978149], "lowlevel.spectral_contrast.mean": [[0.6803423762321472, 0.6359063386917114, 0.47733283042907715, 0.5248153209686279, 0.4692986011505127, 0.34404921531677246]], "lowlevel.dissonance.mean": [0.36439013481140137], "lowlevel.hfc.mean": [0.4721134305000305], "lowlevel.mfcc.mean": [[0.2629115581512451, 0.4322375953197479, 0.5545324683189392, 0.6260533332824707, 0.5804535746574402, 0.38025081157684326, 0.2935710847377777, 0.2576647996902466, 0.352678120136261, 0.4113740622997284, 0.30009615421295166, 0.13687527179718018, 0.2381630539894104]], "sfx.logattacktime.mean": [0.34153982996940613], "sfx.inharmonicity.mean": [0.49616357684135437]}