{"lowlevel.spectral_centroid.mean": [0.33975905179977417], "lowlevel.spectral_contrast.mean": [[0.6847060918807983, 0.8355286121368408, 0.6778039932250977, 0.7437829971313477, 0.4118161201477051, 0.3248026371002197]], "lowlevel.dissonance.mean": [0.4032543897628784], "lowlevel.hfc.mean": [0.4660145938396454], "lowlevel.mfcc.mean": [[0.29982566833496094, 0.41098740696907043, 0.23834477365016937, 0.1618107557296753, 0.3280002772808075, 0.3183477818965912, 0.199944406747818, 0.1842888593673706, 0.3741087317466736, 0.3967776596546173, 0.44773343205451965, 0.2594093084335327, 0.21854135394096375]], "sfx.logattacktime.mean": [0.4477449953556061], "sfx.inharmonicity.mean": [0.27996551990509033]}