{"lowlevel.spectral_centroid.mean": [0.38687944412231445], "lowlevel.spectral_contrast.mean": [[0.3346853256225586, 0.3036038875579834, 0.2517077922821045, 0.2168738842010498, 0.20232915878295898, 0.22037577629089355]], "lowlevel.dissonance.mean": [0.5140424966812134], "lowlevel.hfc.mean": [0.4657130837440491], "lowlevel.mfcc.mean": [[0.12737536430358887, 0.32031095027923584, 0.6553289890289307, 0.5953165292739868, 0.6604921817779541, 0.6048290729522705, 0.598180890083313, 0.540635883808136, 0.5380719304084778, 0.48092347383499146, 0.482856810092926, 0.43466606736183167, 0.4086560904979706]], "sfx.logattacktime.mean": [0.8839725255966187], "sfx.inharmonicity.mean": [0.28058210015296936]}