{"lowlevel.spectral_centroid.mean": [0.9920237064361572], "lowlevel.spectral_contrast.mean": [[0.2046576738357544, 0.19033265113830566, 0.8017637729644775, 0.7057499885559082, 0.9929919242858887, 0.995685338973999]], "lowlevel.dissonance.mean": [0.7503904104232788], "lowlevel.hfc.mean": [0.5025535821914673], "lowlevel.mfcc.mean": [[0.4382612705230713, -0.3260284960269928, 0.1424940824508667, 0.5658351182937622, 0.48786282539367676, 0.736603856086731, 1.4536726474761963, -0.18350553512573242, 0.2534869611263275, 0.32808709144592285, 0.37847763299942017, 2.020915985107422, -0.08104205131530762]], "sfx.logattacktime.mean": [0.6930519342422485], "sfx.inharmonicity.mean": [1.2364970445632935]}