{"lowlevel.spectral_centroid.mean": [0.44832634925842285], "lowlevel.spectral_contrast.mean": [[0.6435317397117615, 0.9725030660629272, 0.46651291847229004, 0.48786067962646484, 0.5059490203857422, 0.5617895126342773]], "lowlevel.dissonance.mean": [0.4224036931991577], "lowlevel.hfc.mean": [0.4808809161186218], "lowlevel.mfcc.mean": [[0.4863361120223999, 0.4941767752170563, 0.4539908766746521, 0.6956146955490112, 0.4333552420139313, 0.25532266497612, 0.07120570540428162, -0.013498038053512573, 0.07637408375740051, 0.17502668499946594, 0.16721782088279724, 0.20191141963005066, 0.5042404532432556]], "sfx.logattacktime.mean": [0.37001895904541016], "sfx.inharmonicity.mean": [0.35615140199661255]}