{"lowlevel.spectral_centroid.mean": [0.3280627429485321], "lowlevel.spectral_contrast.mean": [[0.4013559818267822, 0.4310065507888794, 0.44648945331573486, 0.3374314308166504, 0.2444913387298584, 0.22018837928771973]], "lowlevel.dissonance.mean": [0.059358835220336914], "lowlevel.hfc.mean": [0.46521061658859253], "lowlevel.mfcc.mean": [[0.014124274253845215, 0.5735510587692261, 0.7858426570892334, 0.5203244686126709, 0.39181554317474365, 0.23005449771881104, 0.21766424179077148, 0.17374765872955322, 0.22086071968078613, 0.2525208592414856, 0.37326645851135254, 0.38775455951690674, 0.3566489815711975]], "sfx.logattacktime.mean": [0.26195910573005676], "sfx.inharmonicity.mean": [0.7591613531112671]}