{"lowlevel.spectral_centroid.mean": [0.3582923114299774], "lowlevel.spectral_contrast.mean": [[0.2904093265533447, 0.35292863845825195, 0.4651559591293335, 0.4088892936706543, 0.4332315921783447, 0.3517320156097412]], "lowlevel.dissonance.mean": [0.5970836877822876], "lowlevel.hfc.mean": [0.4651664197444916], "lowlevel.mfcc.mean": [[0.4312821626663208, 0.7972915172576904, 0.35102173686027527, 0.4767230749130249, 0.5206205248832703, 0.4346006512641907, 0.5298410654067993, 0.48229464888572693, 0.5381134748458862, 0.4829959273338318, 0.45142191648483276, 0.32042428851127625, 0.38871607184410095]], "sfx.logattacktime.mean": [0.8920724391937256], "sfx.inharmonicity.mean": [0.9268369674682617]}