{"lowlevel.spectral_centroid.mean": [0.791276216506958], "lowlevel.spectral_contrast.mean": [[0.46325671672821045, 0.17471468448638916, 0.23159432411193848, 0.2682623863220215, 0.2632133960723877, 0.7591538429260254]], "lowlevel.dissonance.mean": [0.6804611682891846], "lowlevel.hfc.mean": [0.5315121412277222], "lowlevel.mfcc.mean": [[0.19455552101135254, 0.10428735613822937, 0.6414305567741394, 0.4941332936286926, 0.5664480328559875, 1.0009459257125854, 0.49126365780830383, 0.9812942147254944, 0.5599625706672668, 0.7860367298126221, 0.8841146230697632, 0.4295932650566101, 1.0015861988067627]], "sfx.logattacktime.mean": [0.6563450694084167], "sfx.inharmonicity.mean": [0.5551260709762573]}