{"lowlevel.spectral_centroid.mean": [0.49082353711128235], "lowlevel.spectral_contrast.mean": [[0.5560153722763062, 0.2857869863510132, 0.3327147960662842, 1.3032885789871216, 1.222975254058838, 0.8249850273132324]], "lowlevel.dissonance.mean": [0.6504136323928833], "lowlevel.hfc.mean": [0.5048710703849792], "lowlevel.mfcc.mean": [[0.47175800800323486, 0.15114079415798187, 0.3938600420951843, 0.42508628964424133, 0.6995478868484497, 0.6589182615280151, 1.0570800304412842, 0.45437270402908325, 0.09137135744094849, 0.37232184410095215, 1.3707356452941895, 1.7864627838134766, 0.13105252385139465]], "sfx.logattacktime.mean": [0.5927900671958923], "sfx.inharmonicity.mean": [1.4858038425445557]}