{"lowlevel.spectral_centroid.mean": [0.3300298750400543], "lowlevel.spectral_contrast.mean": [[0.4943695068359375, 0.26985418796539307, 0.5385065078735352, 0.4057343006134033, 0.45124077796936035, 0.18191909790039062]], "lowlevel.dissonance.mean": [0.5030092000961304], "lowlevel.hfc.mean": [0.4657815396785736], "lowlevel.mfcc.mean": [[0.13482177257537842, 0.3463648855686188, 0.5495778322219849, 0.3381151556968689, 0.5220056772232056, 0.7448141574859619, 0.932558000087738, 0.7894343137741089, 0.5185222625732422, 0.23944436013698578, 0.20164397358894348, 0.25586172938346863, 0.3778313994407654]], "sfx.logattacktime.mean": [0.3748701810836792], "sfx.inharmonicity.mean": [0.2925873398780823]}