{"lowlevel.spectral_centroid.mean": [0.3464638292789459], "lowlevel.spectral_contrast.mean": [[0.5609571933746338, 1.1390938758850098, 1.0887655019760132, 0.8751648664474487, 0.7795305252075195, 0.5631752014160156]], "lowlevel.dissonance.mean": [0.222847580909729], "lowlevel.hfc.mean": [0.5197713375091553], "lowlevel.mfcc.mean": [[0.5842345952987671, 0.673275351524353, 0.3241811990737915, 0.4192010462284088, 0.17785978317260742, 0.16018959879875183, 0.2971082925796509, 0.5669580698013306, 0.7716814279556274, 0.5656998753547668, 0.5219715237617493, 0.688130259513855, 0.46257874369621277]], "sfx.logattacktime.mean": [0.6130989789962769], "sfx.inharmonicity.mean": [0.23322565853595734]}