{"lowlevel.spectral_centroid.mean": [0.5423110127449036], "lowlevel.spectral_contrast.mean": [[0.2845749855041504, 0.36304664611816406, 0.2420186996459961, 0.20653748512268066, 0.1999802589416504, 0.23561644554138184]], "lowlevel.dissonance.mean": [0.4278125762939453], "lowlevel.hfc.mean": [0.4652421474456787], "lowlevel.mfcc.mean": [[0.13636493682861328, 0.343066930770874, 0.6598865985870361, 0.6250092387199402, 0.6828390955924988, 0.6311895251274109, 0.6303985118865967, 0.5546262264251709, 0.5242360234260559, 0.45227086544036865, 0.47716283798217773, 0.4891553521156311, 0.5042629241943359]], "sfx.logattacktime.mean": [0.17387521266937256], "sfx.inharmonicity.mean": [0.37393254041671753]}