{"lowlevel.spectral_centroid.mean": [0.32755374908447266], "lowlevel.spectral_contrast.mean": [[0.9524164199829102, 1.1331603527069092, 0.921027660369873, 0.9085127115249634, 0.7004148960113525, 0.4429347515106201]], "lowlevel.dissonance.mean": [-0.3243144750595093], "lowlevel.hfc.mean": [0.4660244584083557], "lowlevel.mfcc.mean": [[0.4617133140563965, 0.9737751483917236, 0.7081588506698608, 0.23607872426509857, 0.3909829556941986, 0.3900270164012909, 0.3989601135253906, 0.28783276677131653, 0.23783770203590393, 0.15976017713546753, 0.07505947351455688, -0.023691833019256592, 0.11420980095863342]], "sfx.logattacktime.mean": [0.3831060528755188], "sfx.inharmonicity.mean": [0.19867192208766937]}