{"lowlevel.spectral_centroid.mean": [0.5496324300765991], "lowlevel.spectral_contrast.mean": [[0.30842816829681396, 0.2927591800689697, 0.3415513038635254, 0.34419941902160645, 0.3700845241546631, 0.3757612705230713]], "lowlevel.dissonance.mean": [0.7152423858642578], "lowlevel.hfc.mean": [0.46515709161758423], "lowlevel.mfcc.mean": [[0.49770939350128174, 0.34487980604171753, 0.22724540531635284, 0.2406875640153885, 0.20827549695968628, 0.10316818952560425, 0.3491097092628479, 0.2625020146369934, 0.3713133633136749, 0.33253955841064453, 0.32722771167755127, 0.3725855350494385, 0.31791359186172485]], "sfx.logattacktime.mean": [0.5259512066841125], "sfx.inharmonicity.mean": [0.8912733793258667]}