{"lowlevel.spectral_centroid.mean": [0.393474817276001], "lowlevel.spectral_contrast.mean": [[0.5526026487350464, 1.003821849822998, 1.264526128768921, 0.6693909168243408, 0.6871190071105957, 0.410968542098999]], "lowlevel.dissonance.mean": [0.4447188377380371], "lowlevel.hfc.mean": [0.4697647988796234], "lowlevel.mfcc.mean": [[0.46613776683807373, 0.6455689668655396, -0.021001458168029785, -0.07037514448165894, 0.230412095785141, 0.05838513374328613, 0.3014987111091614, 0.4258263111114502, 0.3056778907775879, -0.05213981866836548, -0.06521749496459961, 0.43017226457595825, 0.948462963104248]], "sfx.logattacktime.mean": [0.7317836284637451], "sfx.inharmonicity.mean": [0.8923158645629883]}