{"lowlevel.spectral_centroid.mean": [0.3117517828941345], "lowlevel.spectral_contrast.mean": [[0.718632161617279, 0.592693567276001, 0.31212401390075684, 0.23748087882995605, 0.18981695175170898, 0.22946524620056152]], "lowlevel.dissonance.mean": [-0.22499090433120728], "lowlevel.hfc.mean": [0.46533963084220886], "lowlevel.mfcc.mean": [[0.15353643894195557, 0.40382540225982666, 0.7261644005775452, 0.6705083847045898, 0.683064341545105, 0.5727630257606506, 0.5106670260429382, 0.39781808853149414, 0.3954274654388428, 0.31683844327926636, 0.2958384156227112, 0.218593031167984, 0.15674200654029846]], "sfx.logattacktime.mean": [0.2041933834552765], "sfx.inharmonicity.mean": [0.19345997273921967]}