{"lowlevel.spectral_centroid.mean": [0.3304004669189453], "lowlevel.spectral_contrast.mean": [[0.9756806492805481, 1.2942768335342407, 1.1575136184692383, 1.0382270812988281, 0.6948761940002441, 0.4472191333770752]], "lowlevel.dissonance.mean": [-0.4317569136619568], "lowlevel.hfc.mean": [0.4663589596748352], "lowlevel.mfcc.mean": [[0.477433443069458, 0.9561022520065308, 0.6026567220687866, 0.17564177513122559, 0.3531566262245178, 0.29208076000213623, 0.3119050860404968, 0.1985151767730713, 0.126499205827713, 0.07869231700897217, 0.06243711709976196, 0.033894628286361694, 0.22520175576210022]], "sfx.logattacktime.mean": [0.37911731004714966], "sfx.inharmonicity.mean": [0.24283993244171143]}