{"lowlevel.spectral_centroid.mean": [0.4301345944404602], "lowlevel.spectral_contrast.mean": [[0.46164536476135254, 0.9075475931167603, 0.9929760694503784, 0.8514493703842163, 0.6783640384674072, 0.664252519607544]], "lowlevel.dissonance.mean": [0.42212367057800293], "lowlevel.hfc.mean": [0.4737434685230255], "lowlevel.mfcc.mean": [[0.7030460834503174, 0.7396175861358643, 0.22287920117378235, 0.4319949448108673, 0.09436655044555664, 0.2870292365550995, 0.25736480951309204, 0.4587901532649994, 0.28511303663253784, 0.6131357550621033, 0.7372379899024963, 0.8026771545410156, 0.6913685202598572]], "sfx.logattacktime.mean": [0.562597930431366], "sfx.inharmonicity.mean": [0.8221383094787598]}