{"lowlevel.spectral_centroid.mean": [0.41637861728668213], "lowlevel.spectral_contrast.mean": [[0.2285175323486328, 0.20638048648834229, 0.8676743507385254, 0.26013946533203125, 0.36046791076660156, 0.2589445114135742]], "lowlevel.dissonance.mean": [0.2444525957107544], "lowlevel.hfc.mean": [0.4651540219783783], "lowlevel.mfcc.mean": [[0.10369694232940674, 0.2550336718559265, 0.4669724702835083, 0.31035345792770386, 0.4527006447315216, 0.6474308967590332, 0.9997051358222961, 1.0131577253341675, 0.5841010212898254, 0.07371291518211365, 0.2308872938156128, 0.6293898820877075, 0.9226027727127075]], "sfx.logattacktime.mean": [0.3158301115036011], "sfx.inharmonicity.mean": [0.43751582503318787]}