{"lowlevel.spectral_centroid.mean": [0.3252151906490326], "lowlevel.spectral_contrast.mean": [[0.6728578805923462, 0.7535985708236694, 0.7270851135253906, 0.6671899557113647, 0.48137497901916504, 0.33534860610961914]], "lowlevel.dissonance.mean": [0.12784361839294434], "lowlevel.hfc.mean": [0.4669135510921478], "lowlevel.mfcc.mean": [[0.47597062587738037, 1.0349969863891602, 0.8275257349014282, 0.3111701011657715, 0.34949854016304016, 0.3616228401660919, 0.39389508962631226, 0.330109566450119, 0.3534441888332367, 0.3169782757759094, 0.3158447742462158, 0.24959921836853027, 0.2477189600467682]], "sfx.logattacktime.mean": [0.6957501173019409], "sfx.inharmonicity.mean": [0.3596910238265991]}