{"lowlevel.spectral_centroid.mean": [0.39595964550971985], "lowlevel.spectral_contrast.mean": [[0.6724276542663574, 0.8187859058380127, 0.5079489946365356, 0.3530154228210449, 0.22048568725585938, 0.20499372482299805]], "lowlevel.dissonance.mean": [-0.12177187204360962], "lowlevel.hfc.mean": [0.4664701521396637], "lowlevel.mfcc.mean": [[0.18288588523864746, 0.48222821950912476, 0.7210042476654053, 0.4904395043849945, 0.47554951906204224, 0.3765718638896942, 0.31847894191741943, 0.21313738822937012, 0.20330309867858887, 0.1500321328639984, 0.1684446632862091, 0.1560446321964264, 0.2572927176952362]], "sfx.logattacktime.mean": [0.22575724124908447], "sfx.inharmonicity.mean": [0.2724422514438629]}