{"lowlevel.spectral_centroid.mean": [0.5727957487106323], "lowlevel.spectral_contrast.mean": [[0.5327016115188599, 0.21746981143951416, 0.2527036666870117, 0.5216059684753418, 0.2714862823486328, 0.7076709270477295]], "lowlevel.dissonance.mean": [0.6725870370864868], "lowlevel.hfc.mean": [0.4697592854499817], "lowlevel.mfcc.mean": [[0.1753767728805542, 0.18560965359210968, 0.673266589641571, 0.5654488801956177, 0.8253965973854065, 1.0174187421798706, 0.637982964515686, 0.730173647403717, 1.1270160675048828, 0.5850414633750916, 0.9131513833999634, 0.26934298872947693, 0.8456612825393677]], "sfx.logattacktime.mean": [0.5875382423400879], "sfx.inharmonicity.mean": [0.367378830909729]}