{"lowlevel.spectral_centroid.mean": [0.3685172200202942], "lowlevel.spectral_contrast.mean": [[0.7964891791343689, 0.645361065864563, 0.5317413806915283, 0.39906835556030273, 0.36894965171813965, 0.47577381134033203]], "lowlevel.dissonance.mean": [0.31934070587158203], "lowlevel.hfc.mean": [0.4729457497596741], "lowlevel.mfcc.mean": [[0.510884165763855, 0.815427303314209, 0.6833180785179138, 0.8573163747787476, 0.5671791434288025, 0.35485339164733887, 0.44869038462638855, 0.2814785838127136, 0.2648584246635437, 0.25113406777381897, 0.1582953929901123, 0.09718659520149231, 0.1816558837890625]], "sfx.logattacktime.mean": [0.6489447355270386], "sfx.inharmonicity.mean": [0.27475467324256897]}