{"lowlevel.spectral_centroid.mean": [0.36950546503067017], "lowlevel.spectral_contrast.mean": [[0.8705012202262878, 1.3534767627716064, 0.8452578783035278, 0.5517783164978027, 0.25084924697875977, 0.2867319583892822]], "lowlevel.dissonance.mean": [-0.7295519113540649], "lowlevel.hfc.mean": [0.47650372982025146], "lowlevel.mfcc.mean": [[0.37900781631469727, 0.9563840627670288, 1.0374748706817627, 0.34827637672424316, -0.06501948833465576, -0.22178512811660767, -0.20521491765975952, -0.22923338413238525, -0.04219329357147217, 0.22612601518630981, 0.4815834164619446, 0.452474981546402, 0.3317147493362427]], "sfx.logattacktime.mean": [0.2436547577381134], "sfx.inharmonicity.mean": [0.3470101058483124]}