{"lowlevel.spectral_centroid.mean": [0.3347848653793335], "lowlevel.spectral_contrast.mean": [[0.55455482006073, 0.9332898855209351, 0.39148950576782227, 0.27545976638793945, 0.24292707443237305, 0.28285956382751465]], "lowlevel.dissonance.mean": [-0.2040342092514038], "lowlevel.hfc.mean": [0.4666043221950531], "lowlevel.mfcc.mean": [[0.21833539009094238, 0.4612955152988434, 0.6682065725326538, 0.5035298466682434, 0.4795278310775757, 0.4050667881965637, 0.3494431972503662, 0.3095693290233612, 0.4384726881980896, 0.3741832375526428, 0.4664287269115448, 0.42815253138542175, 0.4526796042919159]], "sfx.logattacktime.mean": [0.2569548487663269], "sfx.inharmonicity.mean": [0.26445549726486206]}