{"lowlevel.spectral_centroid.mean": [0.37195315957069397], "lowlevel.spectral_contrast.mean": [[0.5742019414901733, 0.599452018737793, 0.6076010465621948, 0.6316545009613037, 0.8324871063232422, 0.5247137546539307]], "lowlevel.dissonance.mean": [0.5684690475463867], "lowlevel.hfc.mean": [0.4743252694606781], "lowlevel.mfcc.mean": [[0.6874831914901733, 1.0218425989151, 0.15414950251579285, 0.34132423996925354, 0.5999647378921509, 0.2521909177303314, 0.3857487738132477, 0.3753199577331543, 0.4139403998851776, 0.3363047242164612, 0.3790205717086792, 0.3870447874069214, 0.38300836086273193]], "sfx.logattacktime.mean": [0.7366923689842224], "sfx.inharmonicity.mean": [0.39097830653190613]}