{"lowlevel.spectral_centroid.mean": [0.31981921195983887], "lowlevel.spectral_contrast.mean": [[0.5320494174957275, 0.5634932518005371, 0.39606165885925293, 0.36315369606018066, 0.1282341480255127, 0.17019104957580566]], "lowlevel.dissonance.mean": [0.07340693473815918], "lowlevel.hfc.mean": [0.4656575918197632], "lowlevel.mfcc.mean": [[0.15741002559661865, 0.44700169563293457, 0.7580399513244629, 0.532008171081543, 0.3948807716369629, 0.25365206599235535, 0.3409682810306549, 0.5086206197738647, 0.7968076467514038, 0.9981832504272461, 1.1110975742340088, 1.0412851572036743, 0.8874378204345703]], "sfx.logattacktime.mean": [0.43800586462020874], "sfx.inharmonicity.mean": [0.22696922719478607]}