{"lowlevel.spectral_centroid.mean": [0.3906542658805847], "lowlevel.spectral_contrast.mean": [[0.30581140518188477, 0.2827843427658081, 0.3589935302734375, 0.3915708065032959, 0.3557088375091553, 0.3344550132751465]], "lowlevel.dissonance.mean": [0.7064454555511475], "lowlevel.hfc.mean": [0.46615123748779297], "lowlevel.mfcc.mean": [[0.3866689205169678, 0.527999758720398, 0.379670649766922, 0.2843429744243622, 0.6073188781738281, 0.7440677881240845, 0.7653366327285767, 0.5281509160995483, 0.5815927386283875, 0.6331607103347778, 0.50203537940979, 0.5500091910362244, 0.6226524710655212]], "sfx.logattacktime.mean": [0.5652509927749634], "sfx.inharmonicity.mean": [0.5219764709472656]}