{"lowlevel.spectral_centroid.mean": [0.33640676736831665], "lowlevel.spectral_contrast.mean": [[0.49162793159484863, 0.5190104246139526, 0.924015998840332, 0.7712256908416748, 0.4785335063934326, 0.25599145889282227]], "lowlevel.dissonance.mean": [0.0872802734375], "lowlevel.hfc.mean": [0.4652869999408722], "lowlevel.mfcc.mean": [[0.2994410991668701, 1.09771728515625, 0.7893490195274353, 0.17608477175235748, 0.2159470021724701, 0.2671900987625122, 0.5779353380203247, 0.5324391722679138, 0.11634311079978943, 0.2828150987625122, 0.7566915154457092, 0.09694555401802063, -0.3770480751991272]], "sfx.logattacktime.mean": [0.7869729995727539], "sfx.inharmonicity.mean": [0.9460376501083374]}