{"lowlevel.spectral_centroid.mean": [0.4864969849586487], "lowlevel.spectral_contrast.mean": [[0.22451794147491455, 0.9111746549606323, 1.4616934061050415, 1.24233877658844, 1.3099191188812256, 1.1469640731811523]], "lowlevel.dissonance.mean": [0.2827918529510498], "lowlevel.hfc.mean": [0.4877811670303345], "lowlevel.mfcc.mean": [[0.6579102277755737, 0.026692889630794525, -0.09844020009040833, 0.1840960830450058, -0.25126004219055176, 0.8575965762138367, 0.6010826230049133, 0.48721596598625183, 0.3094019293785095, 0.3063225746154785, 0.8317067623138428, 0.8854349255561829, 1.1654257774353027]], "sfx.logattacktime.mean": [0.40289396047592163], "sfx.inharmonicity.mean": [0.4142136871814728]}