{"lowlevel.spectral_centroid.mean": [0.37403979897499084], "lowlevel.spectral_contrast.mean": [[0.38597214221954346, 0.4504406452178955, 0.5738521814346313, 0.5114345550537109, 0.5517561435699463, 0.4109005928039551]], "lowlevel.dissonance.mean": [0.5633820295333862], "lowlevel.hfc.mean": [0.46604013442993164], "lowlevel.mfcc.mean": [[0.60353684425354, 0.7918907403945923, 0.311848521232605, 0.4242607057094574, 0.4614649713039398, 0.35930681228637695, 0.44604241847991943, 0.4193131625652313, 0.4757862091064453, 0.4306538999080658, 0.42859089374542236, 0.3059874176979065, 0.34917962551116943]], "sfx.logattacktime.mean": [0.9621583819389343], "sfx.inharmonicity.mean": [0.9730387926101685]}