{"lowlevel.spectral_centroid.mean": [0.36010125279426575], "lowlevel.spectral_contrast.mean": [[0.3621572256088257, 0.5065797567367554, 0.48431944847106934, 0.40624356269836426, 0.3600170612335205, 0.2990560531616211]], "lowlevel.dissonance.mean": [0.32385361194610596], "lowlevel.hfc.mean": [0.46518242359161377], "lowlevel.mfcc.mean": [[0.16041946411132812, 0.2983016073703766, 0.49695658683776855, 0.430979460477829, 0.4577067196369171, 0.3513847589492798, 0.318139910697937, 0.33146268129348755, 0.4235507845878601, 0.3141685128211975, 0.31180065870285034, 0.3127360939979553, 0.31065595149993896]], "sfx.logattacktime.mean": [0.5541732907295227], "sfx.inharmonicity.mean": [0.26069366931915283]}