{"lowlevel.spectral_centroid.mean": [0.5266230702400208], "lowlevel.spectral_contrast.mean": [[0.6242163777351379, 0.2658703327178955, 0.30643796920776367, 0.6683920621871948, 0.9081993103027344, 0.8155152797698975]], "lowlevel.dissonance.mean": [0.7043910026550293], "lowlevel.hfc.mean": [0.48894545435905457], "lowlevel.mfcc.mean": [[0.3664896488189697, 0.1608421951532364, 0.5958160161972046, 0.9086208343505859, 0.7030061483383179, 0.9882549047470093, 1.1250019073486328, 0.28118231892585754, 0.6876429319381714, 1.1984769105911255, 0.6750502586364746, 0.17555290460586548, 0.4804072082042694]], "sfx.logattacktime.mean": [0.731502890586853], "sfx.inharmonicity.mean": [0.6340934038162231]}