{"lowlevel.spectral_centroid.mean": [0.326867938041687], "lowlevel.spectral_contrast.mean": [[0.3951677083969116, 0.3162102699279785, 0.41706395149230957, 0.4176790714263916, 0.37755250930786133, 0.5536270141601562]], "lowlevel.dissonance.mean": [0.6202071905136108], "lowlevel.hfc.mean": [0.46533334255218506], "lowlevel.mfcc.mean": [[0.5639092922210693, 0.8308472633361816, 0.5016070008277893, 0.5730084180831909, 0.3912317156791687, 0.7717216610908508, 0.5496566891670227, 0.8020099401473999, 0.5099407434463501, 0.6472941637039185, 0.6039741039276123, 0.5733848214149475, 0.5144445300102234]], "sfx.logattacktime.mean": [0.5898011326789856], "sfx.inharmonicity.mean": [0.981502890586853]}