{"lowlevel.spectral_centroid.mean": [0.3439543545246124], "lowlevel.spectral_contrast.mean": [[0.14254379272460938, 1.6160415410995483, 0.5858906507492065, 0.7070696353912354, 0.33122873306274414, 0.20603132247924805]], "lowlevel.dissonance.mean": [-0.755253791809082], "lowlevel.hfc.mean": [0.4728332757949829], "lowlevel.mfcc.mean": [[0.2550652027130127, 0.5986460447311401, 0.6140146851539612, 0.11488214135169983, 0.06912112236022949, -0.09256607294082642, -0.3745201826095581, -0.5084611773490906, -0.1365935206413269, 0.3391418755054474, 0.8170551061630249, 1.2601735591888428, 1.605915904045105]], "sfx.logattacktime.mean": [0.7142102122306824], "sfx.inharmonicity.mean": [0.3175378739833832]}