{"lowlevel.spectral_centroid.mean": [0.44443458318710327], "lowlevel.spectral_contrast.mean": [[0.5059747695922852, 0.5238975286483765, 0.5752378702163696, 0.6027390956878662, 0.6177694797515869, 0.6944570541381836]], "lowlevel.dissonance.mean": [0.45452141761779785], "lowlevel.hfc.mean": [0.46589183807373047], "lowlevel.mfcc.mean": [[0.45987939834594727, 0.5883123278617859, 0.6842190623283386, 0.5773739218711853, 0.46619805693626404, 0.3957395553588867, 0.4341869354248047, 0.6005967855453491, 0.551578938961029, 0.545790433883667, 0.7046958804130554, 0.5912407636642456, 0.46330228447914124]], "sfx.logattacktime.mean": [0.9570714831352234], "sfx.inharmonicity.mean": [0.3999372720718384]}