{"lowlevel.spectral_centroid.mean": [0.33941468596458435], "lowlevel.spectral_contrast.mean": [[0.8783732056617737, 0.598278284072876, 0.48168063163757324, 0.3948228359222412, 0.38563966751098633, 0.31932663917541504]], "lowlevel.dissonance.mean": [0.1254725456237793], "lowlevel.hfc.mean": [0.4687577486038208], "lowlevel.mfcc.mean": [[0.25163376331329346, 0.6162445545196533, 0.8350677490234375, 0.7219476699829102, 0.7471886873245239, 0.537800133228302, 0.4803602695465088, 0.5082013010978699, 0.42914921045303345, 0.1919076144695282, 0.18249577283859253, 0.16000506281852722, 0.030832678079605103]], "sfx.logattacktime.mean": [0.24521401524543762], "sfx.inharmonicity.mean": [0.1990991085767746]}