{"lowlevel.spectral_centroid.mean": [0.36534303426742554], "lowlevel.spectral_contrast.mean": [[0.5705540180206299, 0.9795470237731934, 1.0353888273239136, 0.8194079399108887, 0.7278738021850586, 0.433626651763916]], "lowlevel.dissonance.mean": [0.21890854835510254], "lowlevel.hfc.mean": [0.47166576981544495], "lowlevel.mfcc.mean": [[0.6626924276351929, 0.7412770986557007, 0.39107546210289, 0.18093295395374298, 0.48204201459884644, 0.1889616847038269, 0.08085888624191284, 0.36543047428131104, 0.6500752568244934, 0.7180614471435547, 0.5404810905456543, 0.44126930832862854, 0.3897099494934082]], "sfx.logattacktime.mean": [0.7064550518989563], "sfx.inharmonicity.mean": [0.38700053095817566]}