{"lowlevel.spectral_centroid.mean": [0.3101966083049774], "lowlevel.spectral_contrast.mean": [[0.783401608467102, 0.7839720249176025, 0.4960043430328369, 0.26739978790283203, 0.1799161434173584, 0.2261490821838379]], "lowlevel.dissonance.mean": [-0.46945059299468994], "lowlevel.hfc.mean": [0.4654902517795563], "lowlevel.mfcc.mean": [[0.20535337924957275, 0.5277225971221924, 0.8264620304107666, 0.6512516736984253, 0.5540848970413208, 0.44536760449409485, 0.4589970111846924, 0.4577278196811676, 0.551443874835968, 0.5467389225959778, 0.5960201621055603, 0.5792851448059082, 0.5565148591995239]], "sfx.logattacktime.mean": [0.17445167899131775], "sfx.inharmonicity.mean": [0.1972975879907608]}