{"lowlevel.spectral_centroid.mean": [0.33062466979026794], "lowlevel.spectral_contrast.mean": [[0.4770148992538452, 0.5252290964126587, 0.5844641923904419, 0.4932258129119873, 0.5540297031402588, 0.3097069263458252]], "lowlevel.dissonance.mean": [0.42850327491760254], "lowlevel.hfc.mean": [0.46521881222724915], "lowlevel.mfcc.mean": [[0.3327944278717041, 0.7704555988311768, 0.7702885866165161, 0.3692350387573242, 0.39265286922454834, 0.33572086691856384, 0.3461063802242279, 0.3504171669483185, 0.4306824505329132, 0.39597511291503906, 0.3695363402366638, 0.36751776933670044, 0.43422001600265503]], "sfx.logattacktime.mean": [0.7588083744049072], "sfx.inharmonicity.mean": [0.3567749857902527]}