{"lowlevel.spectral_centroid.mean": [0.380298912525177], "lowlevel.spectral_contrast.mean": [[0.4844120740890503, 0.43487465381622314, 0.436794638633728, 0.4802212715148926, 0.5003814697265625, 0.6766502857208252]], "lowlevel.dissonance.mean": [0.696224570274353], "lowlevel.hfc.mean": [0.4682892858982086], "lowlevel.mfcc.mean": [[0.8051959276199341, 0.6827526092529297, 0.29229286313056946, 0.7096182107925415, 0.4785889685153961, 0.5650313496589661, 0.6045435667037964, 0.3764176368713379, 0.5005796551704407, 0.3069364130496979, 0.4647226929664612, 0.38026896119117737, 0.4002129137516022]], "sfx.logattacktime.mean": [0.5679347515106201], "sfx.inharmonicity.mean": [0.344249963760376]}