{"lowlevel.spectral_centroid.mean": [0.5542161464691162], "lowlevel.spectral_contrast.mean": [[0.5436570644378662, 0.7267804145812988, 0.6654055118560791, 0.6462953090667725, 0.6788661479949951, 0.7331154346466064]], "lowlevel.dissonance.mean": [0.6633592844009399], "lowlevel.hfc.mean": [0.7015473246574402], "lowlevel.mfcc.mean": [[1.2435212135314941, 0.36384209990501404, 0.4276100695133209, 0.5288875699043274, 0.3975553810596466, 0.40385186672210693, 0.3211008906364441, 0.3630395531654358, 0.3484693467617035, 0.4133984446525574, 0.4477459490299225, 0.4831821620464325, 0.46320196986198425]], "sfx.logattacktime.mean": [0.2948266565799713], "sfx.inharmonicity.mean": [1.1664704084396362]}