{"lowlevel.spectral_centroid.mean": [0.5074974298477173], "lowlevel.spectral_contrast.mean": [[0.24312293529510498, 0.5966490507125854, 0.6541570425033569, 0.2926919460296631, 0.2740352153778076, 0.3209347724914551]], "lowlevel.dissonance.mean": [0.21138620376586914], "lowlevel.hfc.mean": [0.46527519822120667], "lowlevel.mfcc.mean": [[0.3828181028366089, 0.48972201347351074, 0.6022497415542603, 0.2273605912923813, 0.12087780237197876, 0.1675800383090973, 0.4210208058357239, 0.6819338798522949, 0.8357356786727905, 0.7432124614715576, 0.5247983932495117, 0.3227837383747101, 0.31731095910072327]], "sfx.logattacktime.mean": [0.3789653778076172], "sfx.inharmonicity.mean": [0.5237672328948975]}