{"lowlevel.spectral_centroid.mean": [0.6075782179832458], "lowlevel.spectral_contrast.mean": [[0.20182561874389648, 0.1714932918548584, 0.23141121864318848, 0.867843747138977, 0.7017953395843506, 0.510955810546875]], "lowlevel.dissonance.mean": [0.6735844612121582], "lowlevel.hfc.mean": [0.495758980512619], "lowlevel.mfcc.mean": [[0.007444262504577637, 0.19792592525482178, 0.5002734661102295, 0.5673418641090393, 0.7232744097709656, 0.960539698600769, 0.9494088888168335, 0.21256598830223083, -0.11732721328735352, 1.1938550472259521, 1.048063039779663, 0.4628238379955292, 0.5464038848876953]], "sfx.logattacktime.mean": [0.48525094985961914], "sfx.inharmonicity.mean": [0.8124830722808838]}