{"lowlevel.spectral_centroid.mean": [0.6731420755386353], "lowlevel.spectral_contrast.mean": [[0.4192211627960205, 0.23271632194519043, 0.2322523593902588, 0.6490871906280518, 0.29683947563171387, 0.8880548477172852]], "lowlevel.dissonance.mean": [0.6817952394485474], "lowlevel.hfc.mean": [0.4736284017562866], "lowlevel.mfcc.mean": [[0.20562994480133057, 0.17230473458766937, 0.7284626960754395, 0.5352213978767395, 0.9209082722663879, 1.065401554107666, 0.9625606536865234, 0.24632930755615234, 0.7298766374588013, 1.0977753400802612, 0.32824769616127014, 1.0318162441253662, -0.27352774143218994]], "sfx.logattacktime.mean": [0.6094861626625061], "sfx.inharmonicity.mean": [0.39249569177627563]}