{"lowlevel.spectral_centroid.mean": [0.4929010272026062], "lowlevel.spectral_contrast.mean": [[0.6011651754379272, 0.35888350009918213, 0.5306708812713623, 1.7256931066513062, 1.2193341255187988, 1.0414659976959229]], "lowlevel.dissonance.mean": [0.5857499837875366], "lowlevel.hfc.mean": [0.6105141043663025], "lowlevel.mfcc.mean": [[0.7775222063064575, 0.2646664083003998, 0.34529900550842285, 0.2513575255870819, 0.345889151096344, 0.8151054382324219, 0.8850923776626587, 0.5875353813171387, -0.0076857805252075195, -0.0016058087348937988, 1.7728040218353271, 1.3683300018310547, -0.20922183990478516]], "sfx.logattacktime.mean": [0.4909392297267914], "sfx.inharmonicity.mean": [0.6043808460235596]}