{"lowlevel.spectral_centroid.mean": [0.34107670187950134], "lowlevel.spectral_contrast.mean": [[0.6789840459823608, 0.8061379194259644, 0.6053153276443481, 0.5875155925750732, 0.7492878437042236, 0.6389472484588623]], "lowlevel.dissonance.mean": [0.44950222969055176], "lowlevel.hfc.mean": [0.47281840443611145], "lowlevel.mfcc.mean": [[0.6741836071014404, 0.8011492490768433, 0.4741813540458679, 0.6446806192398071, 0.598895788192749, 0.41909319162368774, 0.20623794198036194, 0.5621010065078735, 0.36701148748397827, 0.572790801525116, 0.19125711917877197, 0.21658489108085632, 0.5084585547447205]], "sfx.logattacktime.mean": [0.9658816456794739], "sfx.inharmonicity.mean": [0.32113027572631836]}