{"lowlevel.spectral_centroid.mean": [0.3947414457798004], "lowlevel.spectral_contrast.mean": [[0.2151719331741333, 0.8505866527557373, 0.8442476987838745, 0.6862149238586426, 0.669069766998291, 0.5045926570892334]], "lowlevel.dissonance.mean": [0.32629621028900146], "lowlevel.hfc.mean": [0.46712061762809753], "lowlevel.mfcc.mean": [[0.37321949005126953, 0.31970277428627014, 0.336709201335907, 0.3915972113609314, 0.17878344655036926, 0.17350554466247559, 0.3401240110397339, 0.3821043074131012, 0.35720181465148926, 0.5044245719909668, 0.5194882154464722, 0.8540531396865845, 1.088960886001587]], "sfx.logattacktime.mean": [0.3402891159057617], "sfx.inharmonicity.mean": [0.2508470118045807]}