{"lowlevel.spectral_centroid.mean": [0.3322017788887024], "lowlevel.spectral_contrast.mean": [[1.317325472831726, 0.6394906044006348, 0.9094634056091309, 0.7920049428939819, 0.8169782161712646, 1.0001568794250488]], "lowlevel.dissonance.mean": [0.4193239212036133], "lowlevel.hfc.mean": [0.5066657662391663], "lowlevel.mfcc.mean": [[0.7564418315887451, 0.8950573205947876, 0.028798788785934448, 0.7522358894348145, 0.555401086807251, 0.43511345982551575, 0.6337047219276428, 0.20755884051322937, 0.22101131081581116, -0.22370529174804688, -0.4391189217567444, -0.47588199377059937, -0.30233192443847656]], "sfx.logattacktime.mean": [0.40516558289527893], "sfx.inharmonicity.mean": [0.29593539237976074]}