{"lowlevel.spectral_centroid.mean": [0.43314453959465027], "lowlevel.spectral_contrast.mean": [[0.7440661191940308, 0.931640625, 0.8707089424133301, 0.9225848913192749, 0.9335460662841797, 1.3484196662902832]], "lowlevel.dissonance.mean": [0.6512384414672852], "lowlevel.hfc.mean": [0.6845606565475464], "lowlevel.mfcc.mean": [[1.1559339761734009, 0.6381323933601379, 0.10630005598068237, 0.7802729606628418, 0.20268690586090088, 0.7522775530815125, 0.09544968605041504, 0.3276793360710144, 0.6090400218963623, 0.09929725527763367, 0.31880250573158264, 0.3392335772514343, 0.22806379199028015]], "sfx.logattacktime.mean": [0.6482754945755005], "sfx.inharmonicity.mean": [0.5726074576377869]}