{"lowlevel.spectral_centroid.mean": [0.8197814226150513], "lowlevel.spectral_contrast.mean": [[0.14133763313293457, 0.20336413383483887, 0.19942760467529297, 1.047384262084961, 0.8039312362670898, 0.6671664714813232]], "lowlevel.dissonance.mean": [0.48740220069885254], "lowlevel.hfc.mean": [0.47536754608154297], "lowlevel.mfcc.mean": [[0.15457582473754883, 0.06849312037229538, 0.33727675676345825, 0.3507031500339508, 0.41996848583221436, 0.72117018699646, 0.8192130327224731, 0.35316571593284607, -0.07944965362548828, 0.365134060382843, 0.7029997110366821, 1.1121714115142822, 0.8239113092422485]], "sfx.logattacktime.mean": [0.3145185112953186], "sfx.inharmonicity.mean": [0.7403227090835571]}