{"lowlevel.spectral_centroid.mean": [0.6283062696456909], "lowlevel.spectral_contrast.mean": [[0.3403691053390503, 0.6875691413879395, 0.693996787071228, 0.7759132385253906, 0.8101694583892822, 1.0929591655731201]], "lowlevel.dissonance.mean": [0.6448081731796265], "lowlevel.hfc.mean": [0.4662756621837616], "lowlevel.mfcc.mean": [[0.485481858253479, 0.3728879690170288, -0.17335519194602966, 0.6417920589447021, 0.2443251609802246, 0.21959076821804047, 0.7171220779418945, 0.5104880332946777, 0.703923225402832, 0.8055351376533508, 0.8152643442153931, 0.2773427367210388, 0.11952531337738037]], "sfx.logattacktime.mean": [0.9897524118423462], "sfx.inharmonicity.mean": [0.8177273273468018]}