{"lowlevel.spectral_centroid.mean": [0.40281954407691956], "lowlevel.spectral_contrast.mean": [[0.2751520872116089, 0.6149271726608276, 0.7117328643798828, 0.6940711736679077, 0.45984578132629395, 0.24579882621765137]], "lowlevel.dissonance.mean": [0.30275940895080566], "lowlevel.hfc.mean": [0.46510276198387146], "lowlevel.mfcc.mean": [[0.14631056785583496, 0.3437456786632538, 0.45303040742874146, 0.13850140571594238, 0.2790420651435852, 0.47144144773483276, 0.7235546112060547, 0.7420458793640137, 0.6296717524528503, 0.5524021983146667, 0.7009803056716919, 0.664148211479187, 0.370811402797699]], "sfx.logattacktime.mean": [0.5258757472038269], "sfx.inharmonicity.mean": [0.4849855899810791]}