{"lowlevel.spectral_centroid.mean": [0.3510872721672058], "lowlevel.spectral_contrast.mean": [[0.8542377948760986, 1.2622630596160889, 0.525482177734375, 0.5963954925537109, 0.6002810001373291, 0.6417851448059082]], "lowlevel.dissonance.mean": [0.2272493839263916], "lowlevel.hfc.mean": [0.48490309715270996], "lowlevel.mfcc.mean": [[0.5908215045928955, 0.5856362581253052, 0.45614343881607056, 0.8106921911239624, 0.4723189175128937, 0.21230968832969666, -0.05588102340698242, -0.23609691858291626, -0.19228261709213257, -0.08170217275619507, -0.08367794752120972, 0.021864712238311768, 0.4778953492641449]], "sfx.logattacktime.mean": [0.4145975708961487], "sfx.inharmonicity.mean": [0.2713027000427246]}