{"lowlevel.spectral_centroid.mean": [0.5480279922485352], "lowlevel.spectral_contrast.mean": [[0.5635864734649658, 0.21017146110534668, 0.24975085258483887, 0.46606993675231934, 0.3706812858581543, 0.528998613357544]], "lowlevel.dissonance.mean": [0.6651339530944824], "lowlevel.hfc.mean": [0.47696176171302795], "lowlevel.mfcc.mean": [[0.16281163692474365, 0.1994623988866806, 0.6760729551315308, 0.5483382344245911, 0.8818652629852295, 0.8599332571029663, 0.7909494638442993, 0.7767971158027649, 0.8433437347412109, 1.0701477527618408, 0.513989269733429, 0.6770276427268982, 0.8200082182884216]], "sfx.logattacktime.mean": [0.4610002338886261], "sfx.inharmonicity.mean": [0.3730930685997009]}