{"lowlevel.spectral_centroid.mean": [0.2966441810131073], "lowlevel.spectral_contrast.mean": [[1.1769952774047852, 0.5485873222351074, 0.48365283012390137, 0.4632136821746826, 0.42915940284729004, 0.45606136322021484]], "lowlevel.dissonance.mean": [0.636072039604187], "lowlevel.hfc.mean": [0.48349425196647644], "lowlevel.mfcc.mean": [[0.9437168836593628, 0.6574941873550415, 0.693551778793335, 0.714270293712616, 0.7087618708610535, 0.7415094375610352, 0.6962683796882629, 0.6302071809768677, 0.7723551392555237, 0.6607015132904053, 0.6944152116775513, 0.6772305965423584, 0.5991680026054382]], "sfx.logattacktime.mean": [0.4198983311653137], "sfx.inharmonicity.mean": [0.1908087432384491]}