{"lowlevel.spectral_centroid.mean": [0.3104877471923828], "lowlevel.spectral_contrast.mean": [[0.7891796827316284, 0.7054386138916016, 0.5226584672927856, 0.33478355407714844, 0.2773776054382324, 0.2602958679199219]], "lowlevel.dissonance.mean": [-0.20653867721557617], "lowlevel.hfc.mean": [0.4659497141838074], "lowlevel.mfcc.mean": [[0.3201913833618164, 0.843670129776001, 1.1274075508117676, 0.8841571807861328, 0.6916784048080444, 0.4500317871570587, 0.38663992285728455, 0.33442604541778564, 0.3271612524986267, 0.2584647536277771, 0.2741745114326477, 0.2510088384151459, 0.23772603273391724]], "sfx.logattacktime.mean": [0.337057501077652], "sfx.inharmonicity.mean": [0.26788654923439026]}