{"lowlevel.spectral_centroid.mean": [0.4232131242752075], "lowlevel.spectral_contrast.mean": [[0.20655536651611328, 0.21857452392578125, 1.9038993120193481, 1.8087005615234375, 1.7907392978668213, 1.2641019821166992]], "lowlevel.dissonance.mean": [0.22928690910339355], "lowlevel.hfc.mean": [0.49717530608177185], "lowlevel.mfcc.mean": [[0.4948155879974365, 0.1440383642911911, 0.15023085474967957, 0.6092480421066284, 0.16963621973991394, 0.5449921488761902, 0.5072466731071472, 1.1006431579589844, 1.7391331195831299, 1.2171871662139893, -0.002366960048675537, -0.8367422819137573, -1.3537516593933105]], "sfx.logattacktime.mean": [0.32437369227409363], "sfx.inharmonicity.mean": [0.2403058409690857]}