{"lowlevel.spectral_centroid.mean": [0.43270567059516907], "lowlevel.spectral_contrast.mean": [[0.47377705574035645, 0.34195101261138916, 1.5824978351593018, 1.604343056678772, 1.5214341878890991, 0.9541816711425781]], "lowlevel.dissonance.mean": [0.31099891662597656], "lowlevel.hfc.mean": [0.5926185846328735], "lowlevel.mfcc.mean": [[0.7881995439529419, 0.28264451026916504, 0.2027178704738617, 0.4372594952583313, 0.11911854147911072, 0.537177324295044, 0.5256257653236389, 0.7749538421630859, 0.8413599133491516, 1.1609368324279785, 1.0430285930633545, 0.3628842532634735, 0.06645461916923523]], "sfx.logattacktime.mean": [0.6176963448524475], "sfx.inharmonicity.mean": [0.3491052985191345]}