{"lowlevel.spectral_centroid.mean": [0.34706464409828186], "lowlevel.spectral_contrast.mean": [[1.1295392513275146, 0.9962682723999023, 0.7177448272705078, 0.5336272716522217, 0.5177369117736816, 0.7634820938110352]], "lowlevel.dissonance.mean": [0.6770991086959839], "lowlevel.hfc.mean": [0.49094390869140625], "lowlevel.mfcc.mean": [[0.793232798576355, 0.9828293323516846, 0.28300929069519043, 0.7359557151794434, 0.18403637409210205, 0.059085726737976074, 0.25445282459259033, -0.09296107292175293, 0.09211236238479614, 0.11954036355018616, 0.004162430763244629, 0.040620625019073486, 0.16212478280067444]], "sfx.logattacktime.mean": [0.6583338975906372], "sfx.inharmonicity.mean": [0.47385382652282715]}