{"lowlevel.spectral_centroid.mean": [0.36441418528556824], "lowlevel.spectral_contrast.mean": [[0.7614900469779968, 0.8003687858581543, 0.44060003757476807, 0.4293205738067627, 0.41756296157836914, 0.42227602005004883]], "lowlevel.dissonance.mean": [-0.10996973514556885], "lowlevel.hfc.mean": [0.4741734564304352], "lowlevel.mfcc.mean": [[0.4095337390899658, 0.6602214574813843, 0.8062393665313721, 0.9390592575073242, 0.6959299445152283, 0.44492149353027344, 0.23484528064727783, 0.12097522616386414, 0.24893972277641296, 0.3313036561012268, 0.34994402527809143, 0.2944532632827759, 0.36256659030914307]], "sfx.logattacktime.mean": [0.5293834209442139], "sfx.inharmonicity.mean": [0.2833698093891144]}