{"lowlevel.spectral_centroid.mean": [0.351676881313324], "lowlevel.spectral_contrast.mean": [[0.48104143142700195, 0.5998737812042236, 1.0080901384353638, 0.9182668924331665, 0.7572128772735596, 0.31321144104003906]], "lowlevel.dissonance.mean": [0.31860995292663574], "lowlevel.hfc.mean": [0.4668155014514923], "lowlevel.mfcc.mean": [[0.25815045833587646, 0.821246862411499, 0.35267671942710876, 0.05562523007392883, 0.2718249559402466, 0.05131074786186218, -0.03898102045059204, 0.15226539969444275, 0.35738641023635864, 0.30776214599609375, 0.3932494521141052, 0.6023644208908081, 0.7165098190307617]], "sfx.logattacktime.mean": [0.2633883059024811], "sfx.inharmonicity.mean": [1.4011352062225342]}