{"lowlevel.spectral_centroid.mean": [0.4204346537590027], "lowlevel.spectral_contrast.mean": [[0.25606441497802734, 0.31819164752960205, 0.3948495388031006, 0.40384936332702637, 0.4018075466156006, 0.6168084144592285]], "lowlevel.dissonance.mean": [0.7097271680831909], "lowlevel.hfc.mean": [0.46540647745132446], "lowlevel.mfcc.mean": [[0.5611867904663086, 0.5783113241195679, 0.3105877637863159, 0.4319428503513336, 0.4430740177631378, 0.8976975679397583, 0.48368099331855774, 0.6001138687133789, 0.5891207456588745, 0.4001343250274658, 0.48444730043411255, 0.29801809787750244, 0.696618914604187]], "sfx.logattacktime.mean": [0.6647585034370422], "sfx.inharmonicity.mean": [0.5687745213508606]}