{"lowlevel.spectral_centroid.mean": [0.6780734062194824], "lowlevel.spectral_contrast.mean": [[0.5429151058197021, 0.19100189208984375, 0.22760653495788574, 0.24702954292297363, 0.6821317672729492, 0.8996057510375977]], "lowlevel.dissonance.mean": [0.7019613981246948], "lowlevel.hfc.mean": [0.560749888420105], "lowlevel.mfcc.mean": [[0.23706889152526855, 0.163123220205307, 0.6122788190841675, 0.8355435729026794, 0.48552727699279785, 0.9975317716598511, 1.0842349529266357, 0.4238066077232361, 1.147049903869629, 0.7117465138435364, 0.389601469039917, 1.205319881439209, 0.3029762804508209]], "sfx.logattacktime.mean": [0.6405825018882751], "sfx.inharmonicity.mean": [0.7117054462432861]}