{"lowlevel.spectral_centroid.mean": [0.4142568111419678], "lowlevel.spectral_contrast.mean": [[0.30570054054260254, 0.7069751024246216, 0.6620001792907715, 0.44988560676574707, 0.5499312877655029, 0.45790863037109375]], "lowlevel.dissonance.mean": [0.6122844219207764], "lowlevel.hfc.mean": [0.47055891156196594], "lowlevel.mfcc.mean": [[0.6391503810882568, 0.37598395347595215, 0.13774392008781433, 0.10245862603187561, 0.06380024552345276, -0.0027903616428375244, 0.3046644926071167, 0.5457208156585693, 0.7391812801361084, 0.6865416169166565, 0.6217507719993591, 0.3389761447906494, 0.3833692967891693]], "sfx.logattacktime.mean": [0.42906782031059265], "sfx.inharmonicity.mean": [0.47214123606681824]}