{"lowlevel.spectral_centroid.mean": [0.31333497166633606], "lowlevel.spectral_contrast.mean": [[0.6600832343101501, 0.5334267616271973, 0.5194288492202759, 0.5290238857269287, 0.4074890613555908, 0.30576610565185547]], "lowlevel.dissonance.mean": [0.5517300367355347], "lowlevel.hfc.mean": [0.4652329683303833], "lowlevel.mfcc.mean": [[0.35247182846069336, 0.8716838359832764, 0.9660837054252625, 0.5478455424308777, 0.5234262943267822, 0.4988679587841034, 0.47677531838417053, 0.4389137327671051, 0.521327018737793, 0.4991593360900879, 0.4729536175727844, 0.431223601102829, 0.46693524718284607]], "sfx.logattacktime.mean": [0.393624871969223], "sfx.inharmonicity.mean": [0.2727001905441284]}