{"lowlevel.spectral_centroid.mean": [0.4600636065006256], "lowlevel.spectral_contrast.mean": [[0.8013506531715393, 0.8302891254425049, 0.6587463617324829, 0.4349253177642822, 0.34561586380004883, 0.3307664394378662]], "lowlevel.dissonance.mean": [0.23072373867034912], "lowlevel.hfc.mean": [0.46782606840133667], "lowlevel.mfcc.mean": [[0.35112321376800537, 0.6597106456756592, 0.652316689491272, 0.2843625843524933, 0.0850757360458374, -0.007901906967163086, 0.09418308734893799, 0.06954255700111389, -0.022744417190551758, -0.19541186094284058, -0.14333683252334595, -0.004151672124862671, 0.20515811443328857]], "sfx.logattacktime.mean": [0.22412171959877014], "sfx.inharmonicity.mean": [0.9656901359558105]}