{"lowlevel.spectral_centroid.mean": [0.4211547374725342], "lowlevel.spectral_contrast.mean": [[0.3224290609359741, 0.29648685455322266, 0.42522692680358887, 0.45288562774658203, 0.5198233127593994, 0.423891544342041]], "lowlevel.dissonance.mean": [0.6918987035751343], "lowlevel.hfc.mean": [0.4660292863845825], "lowlevel.mfcc.mean": [[0.6960712671279907, 0.6148823499679565, 0.44025084376335144, 0.3987424075603485, 0.7162187099456787, 0.5608586668968201, 0.9296858310699463, 0.6144542098045349, 0.4806743562221527, 0.37514305114746094, 0.5345577597618103, 0.31387484073638916, 0.5062849521636963]], "sfx.logattacktime.mean": [0.5845770239830017], "sfx.inharmonicity.mean": [0.9534839391708374]}