{"lowlevel.spectral_centroid.mean": [0.3215737044811249], "lowlevel.spectral_contrast.mean": [[0.3886604309082031, 0.5250177383422852, 0.435929536819458, 0.3306307792663574, 0.27564430236816406, 0.22529172897338867]], "lowlevel.dissonance.mean": [0.35565364360809326], "lowlevel.hfc.mean": [0.46553412079811096], "lowlevel.mfcc.mean": [[0.11398327350616455, 0.7984274625778198, 0.961756706237793, 0.6978484392166138, 0.5724097490310669, 0.31051474809646606, 0.14653697609901428, 0.07056298851966858, 0.17604774236679077, 0.20188090205192566, 0.24828991293907166, 0.26752060651779175, 0.38725486397743225]], "sfx.logattacktime.mean": [0.5488839149475098], "sfx.inharmonicity.mean": [0.7550454139709473]}