{"lowlevel.spectral_centroid.mean": [0.517470121383667], "lowlevel.spectral_contrast.mean": [[0.18405413627624512, 0.22719717025756836, 0.23964428901672363, 0.9139091968536377, 0.8953652381896973, 0.37372303009033203]], "lowlevel.dissonance.mean": [0.6741560697555542], "lowlevel.hfc.mean": [0.4675962030887604], "lowlevel.mfcc.mean": [[0.17608308792114258, 0.21351677179336548, 0.3120121955871582, 0.589693009853363, 0.8216578960418701, 0.5084438323974609, 0.5416421890258789, 0.3601246178150177, 0.00019103288650512695, 0.4609893262386322, 1.1239490509033203, 0.5557995438575745, -0.21218162775039673]], "sfx.logattacktime.mean": [0.18874362111091614], "sfx.inharmonicity.mean": [0.5034116506576538]}