{"lowlevel.spectral_centroid.mean": [0.5789464116096497], "lowlevel.spectral_contrast.mean": [[0.3822779655456543, 0.29274415969848633, 0.32671523094177246, 0.34793972969055176, 0.35781168937683105, 0.46764445304870605]], "lowlevel.dissonance.mean": [0.7259634733200073], "lowlevel.hfc.mean": [0.46541038155555725], "lowlevel.mfcc.mean": [[0.6112000942230225, 0.31616100668907166, 0.45476004481315613, 0.5342364311218262, 0.413105309009552, 0.6314657926559448, 0.5486664175987244, 0.5812971591949463, 0.5866618752479553, 0.5429518222808838, 0.6653006672859192, 0.6179436445236206, 0.5724239349365234]], "sfx.logattacktime.mean": [0.8112748265266418], "sfx.inharmonicity.mean": [0.7673076391220093]}