{"lowlevel.spectral_centroid.mean": [0.34803998470306396], "lowlevel.spectral_contrast.mean": [[0.762692928314209, 0.9906082153320312, 0.548694372177124, 0.3391530513763428, 0.19084429740905762, 0.2084200382232666]], "lowlevel.dissonance.mean": [-0.15916591882705688], "lowlevel.hfc.mean": [0.46683424711227417], "lowlevel.mfcc.mean": [[0.2116183042526245, 0.5648864507675171, 0.836227297782898, 0.6630935668945312, 0.7176873087882996, 0.6975063681602478, 0.6728976964950562, 0.5519363284111023, 0.5315719842910767, 0.500442624092102, 0.5552916526794434, 0.648887038230896, 0.8668681383132935]], "sfx.logattacktime.mean": [0.23881995677947998], "sfx.inharmonicity.mean": [0.21794098615646362]}