{"lowlevel.spectral_centroid.mean": [0.34993356466293335], "lowlevel.spectral_contrast.mean": [[0.8044388890266418, 1.1454646587371826, 0.6008158922195435, 0.5104703903198242, 0.4122014045715332, 0.3518056869506836]], "lowlevel.dissonance.mean": [-0.1375330090522766], "lowlevel.hfc.mean": [0.47653037309646606], "lowlevel.mfcc.mean": [[0.31798577308654785, 0.6674093008041382, 0.6978599429130554, 0.4947091042995453, 0.5222147703170776, 0.28184258937835693, 0.23318344354629517, 0.20052218437194824, 0.05140644311904907, -0.02727341651916504, 0.07568180561065674, 0.1695912480354309, 0.15668773651123047]], "sfx.logattacktime.mean": [0.326444149017334], "sfx.inharmonicity.mean": [0.1980690360069275]}