{"lowlevel.spectral_centroid.mean": [0.523824155330658], "lowlevel.spectral_contrast.mean": [[0.19936466217041016, 0.16212022304534912, 0.8926863670349121, 0.509099006652832, 0.6401610374450684, 0.3612995147705078]], "lowlevel.dissonance.mean": [0.16941487789154053], "lowlevel.hfc.mean": [0.4661215841770172], "lowlevel.mfcc.mean": [[0.10807347297668457, 0.14756831526756287, 0.430681049823761, 0.3155174255371094, 0.39670953154563904, 0.41236329078674316, 0.5044150948524475, 0.6723312139511108, 0.941338300704956, 0.6354728937149048, 0.08154758810997009, 0.17857778072357178, 0.5940994024276733]], "sfx.logattacktime.mean": [0.8844983577728271], "sfx.inharmonicity.mean": [0.5444552898406982]}