{"lowlevel.spectral_centroid.mean": [0.40811511874198914], "lowlevel.spectral_contrast.mean": [[0.32590508460998535, 1.1111394166946411, 0.9723507165908813, 0.9302585124969482, 0.8475840091705322, 0.6404998302459717]], "lowlevel.dissonance.mean": [0.3823791742324829], "lowlevel.hfc.mean": [0.4714123606681824], "lowlevel.mfcc.mean": [[0.62748122215271, 0.7035324573516846, 0.111285001039505, 0.36041462421417236, 0.17827755212783813, 0.26321184635162354, 0.07683965563774109, 0.3529488146305084, 0.3790028989315033, 0.8200855255126953, 0.893438994884491, 1.0375542640686035, 0.8902797698974609]], "sfx.logattacktime.mean": [0.16023504734039307], "sfx.inharmonicity.mean": [0.4385489225387573]}