{"lowlevel.spectral_centroid.mean": [0.4071177542209625], "lowlevel.spectral_contrast.mean": [[0.24727976322174072, 0.6258403062820435, 0.7102128267288208, 0.6797164678573608, 0.6374750137329102, 0.5090517997741699]], "lowlevel.dissonance.mean": [0.1942448616027832], "lowlevel.hfc.mean": [0.466794490814209], "lowlevel.mfcc.mean": [[0.27582883834838867, 0.4609888195991516, 0.3031066656112671, 0.10641056299209595, 0.22527578473091125, 0.3703375458717346, 0.6345710158348083, 0.6860571503639221, 0.7583324909210205, 0.6812162399291992, 0.5494596362113953, 0.2483716905117035, 0.08341091871261597]], "sfx.logattacktime.mean": [0.5303482413291931], "sfx.inharmonicity.mean": [0.5643383860588074]}