{"lowlevel.spectral_centroid.mean": [0.4644625186920166], "lowlevel.spectral_contrast.mean": [[0.2188929319381714, 0.6318979263305664, 0.7371288537979126, 0.7438716888427734, 0.6278209686279297, 0.4903101921081543]], "lowlevel.dissonance.mean": [0.5579524040222168], "lowlevel.hfc.mean": [0.47281771898269653], "lowlevel.mfcc.mean": [[0.4364628791809082, 0.31546953320503235, 0.0659414529800415, -0.025224506855010986, 0.11352157592773438, 0.18868765234947205, 0.5380629897117615, 0.6325804591178894, 0.28697669506073, 0.2787587642669678, 0.4166737496852875, 0.7269741296768188, 0.5850830078125]], "sfx.logattacktime.mean": [0.4145689010620117], "sfx.inharmonicity.mean": [0.4934540390968323]}