{"lowlevel.spectral_centroid.mean": [0.8945426940917969], "lowlevel.spectral_contrast.mean": [[-0.005975008010864258, 0.2972424030303955, 1.2106558084487915, 1.242899775505066, 0.18391990661621094, 0.21468615531921387]], "lowlevel.dissonance.mean": [-0.07186543941497803], "lowlevel.hfc.mean": [0.6052149534225464], "lowlevel.mfcc.mean": [[0.2855651378631592, 0.46815675497055054, 0.26070481538772583, -0.18231362104415894, 0.08196163177490234, 0.5005695819854736, 0.40039440989494324, 0.3126543164253235, 0.8134928345680237, 1.254305362701416, 1.4807898998260498, 0.41088205575942993, -0.7974176406860352]], "sfx.logattacktime.mean": [0.36015820503234863], "sfx.inharmonicity.mean": [1.306633710861206]}