{"lowlevel.spectral_centroid.mean": [0.5226194262504578], "lowlevel.spectral_contrast.mean": [[0.47074341773986816, 0.8083187341690063, 0.8390504121780396, 0.9226266145706177, 0.9428107738494873, 1.0985541343688965]], "lowlevel.dissonance.mean": [0.6770809888839722], "lowlevel.hfc.mean": [0.5565412640571594], "lowlevel.mfcc.mean": [[1.0566856861114502, 0.44710642099380493, 0.2665650248527527, 0.8559821844100952, 0.5309041738510132, 0.4812135398387909, -0.16966032981872559, 0.44561317563056946, 0.754884660243988, 0.6669713258743286, 0.40653133392333984, 0.6819588541984558, 0.21120285987854004]], "sfx.logattacktime.mean": [0.4226547181606293], "sfx.inharmonicity.mean": [0.7304377555847168]}