{"lowlevel.spectral_centroid.mean": [0.4411832392215729], "lowlevel.spectral_contrast.mean": [[0.36329591274261475, 0.5695816278457642, 0.7264025211334229, 0.8674334287643433, 0.9552626609802246, 0.6872718334197998]], "lowlevel.dissonance.mean": [0.5923143625259399], "lowlevel.hfc.mean": [0.4763963520526886], "lowlevel.mfcc.mean": [[0.6506987810134888, 0.5275726914405823, -0.028915852308273315, -0.055050820112228394, 0.48666083812713623, 0.09336903691291809, 0.638364315032959, 0.7575051784515381, 0.09437212347984314, 0.44229137897491455, 0.3347546458244324, 0.895492672920227, 0.050550609827041626]], "sfx.logattacktime.mean": [0.5508109331130981], "sfx.inharmonicity.mean": [0.8774510622024536]}