{"lowlevel.spectral_centroid.mean": [0.3276842534542084], "lowlevel.spectral_contrast.mean": [[0.3659369945526123, 0.4934629201889038, 0.5774712562561035, 0.43006467819213867, 0.3555576801300049, 0.33463454246520996]], "lowlevel.dissonance.mean": [0.3196169137954712], "lowlevel.hfc.mean": [0.4651333689689636], "lowlevel.mfcc.mean": [[0.11238837242126465, 0.6470520496368408, 0.7967191934585571, 0.6024198532104492, 0.5304964184761047, 0.4557105600833893, 0.35306310653686523, 0.32047444581985474, 0.40737125277519226, 0.4745774269104004, 0.40443772077560425, 0.272888720035553, 0.29627394676208496]], "sfx.logattacktime.mean": [0.8132648468017578], "sfx.inharmonicity.mean": [0.6048055291175842]}