{"lowlevel.spectral_centroid.mean": [0.3905458450317383], "lowlevel.spectral_contrast.mean": [[0.3139859437942505, 0.5000851154327393, 0.22594666481018066, 0.2536890506744385, 0.18159198760986328, 0.2215268611907959]], "lowlevel.dissonance.mean": [0.3645673990249634], "lowlevel.hfc.mean": [0.4651355743408203], "lowlevel.mfcc.mean": [[0.15092194080352783, 0.4186406433582306, 0.7493427991867065, 0.6656919717788696, 0.6880508065223694, 0.6174099445343018, 0.587612509727478, 0.47185057401657104, 0.45729947090148926, 0.4227854013442993, 0.5065553188323975, 0.5838964581489563, 0.612252414226532]], "sfx.logattacktime.mean": [0.23606601357460022], "sfx.inharmonicity.mean": [0.2500935196876526]}