{"lowlevel.spectral_centroid.mean": [0.33500343561172485], "lowlevel.spectral_contrast.mean": [[0.4132493734359741, 0.7686015367507935, 0.8106968402862549, 0.6584658622741699, 0.5224649906158447, 0.25862693786621094]], "lowlevel.dissonance.mean": [0.12088191509246826], "lowlevel.hfc.mean": [0.46629801392555237], "lowlevel.mfcc.mean": [[0.20470857620239258, 0.8620463609695435, 0.669542670249939, 0.3053849935531616, 0.3689819574356079, 0.21353867650032043, 0.20573210716247559, 0.25298672914505005, 0.2734987139701843, 0.1722785234451294, 0.24065324664115906, 0.3486553430557251, 0.4575079679489136]], "sfx.logattacktime.mean": [0.2667609751224518], "sfx.inharmonicity.mean": [1.0229896306991577]}