{"lowlevel.spectral_centroid.mean": [0.3856252431869507], "lowlevel.spectral_contrast.mean": [[0.20038926601409912, 1.5716872215270996, 1.6599056720733643, 1.612373948097229, 1.4758846759796143, 1.0022470951080322]], "lowlevel.dissonance.mean": [0.19573485851287842], "lowlevel.hfc.mean": [0.4808085858821869], "lowlevel.mfcc.mean": [[0.5594018697738647, 0.44606828689575195, -0.09115329384803772, 0.3924577832221985, 0.19761493802070618, 0.2174336463212967, 0.32002559304237366, 0.23184531927108765, -0.022021055221557617, 0.569361686706543, 1.5049798488616943, 1.7144596576690674, 1.3170411586761475]], "sfx.logattacktime.mean": [0.3426336646080017], "sfx.inharmonicity.mean": [0.5172834396362305]}