{"lowlevel.spectral_centroid.mean": [0.3530633747577667], "lowlevel.spectral_contrast.mean": [[0.43740153312683105, 0.33736133575439453, 0.36649322509765625, 0.2176680564880371, 0.17940258979797363, 0.216461181640625]], "lowlevel.dissonance.mean": [0.26957011222839355], "lowlevel.hfc.mean": [0.46514785289764404], "lowlevel.mfcc.mean": [[0.16518473625183105, 0.4516262114048004, 0.7956618070602417, 0.7093230485916138, 0.7111555933952332, 0.6336565017700195, 0.6334666013717651, 0.5613254308700562, 0.5445648431777954, 0.47626766562461853, 0.4637317955493927, 0.40719088912010193, 0.41158372163772583]], "sfx.logattacktime.mean": [0.19442245364189148], "sfx.inharmonicity.mean": [0.19953833520412445]}