{"lowlevel.spectral_centroid.mean": [0.47603312134742737], "lowlevel.spectral_contrast.mean": [[0.24933922290802002, 0.6262869834899902, 0.8246643543243408, 0.9860178232192993, 0.8444647789001465, 0.5291454792022705]], "lowlevel.dissonance.mean": [0.49733173847198486], "lowlevel.hfc.mean": [0.4691496789455414], "lowlevel.mfcc.mean": [[0.39015281200408936, 0.3040958642959595, -0.05916520953178406, 0.10607537627220154, 0.31836599111557007, 0.3664977252483368, 0.683159351348877, 0.7346724271774292, 0.26187267899513245, 0.09577867388725281, 0.82466721534729, 0.852735161781311, 0.3922429084777832]], "sfx.logattacktime.mean": [0.47399091720581055], "sfx.inharmonicity.mean": [0.5594801902770996]}