{"lowlevel.spectral_centroid.mean": [0.44355660676956177], "lowlevel.spectral_contrast.mean": [[0.7835072875022888, 0.8939559459686279, 0.7760610580444336, 0.8550615310668945, 1.0397679805755615, 0.9647212028503418]], "lowlevel.dissonance.mean": [0.534286618232727], "lowlevel.hfc.mean": [0.524239718914032], "lowlevel.mfcc.mean": [[0.8732372522354126, 0.8427977561950684, -0.01286432147026062, 0.7777174711227417, 0.4030040502548218, 0.33492058515548706, 0.36532098054885864, 0.25864291191101074, 0.4622390568256378, -0.06777405738830566, 0.3816075921058655, 0.5168882012367249, 0.24210572242736816]], "sfx.logattacktime.mean": [0.46872878074645996], "sfx.inharmonicity.mean": [0.491484135389328]}