{"lowlevel.spectral_centroid.mean": [0.3202545940876007], "lowlevel.spectral_contrast.mean": [[0.314058780670166, 0.31038200855255127, 0.3885589838027954, 0.3759157657623291, 0.37198376655578613, 0.3615260124206543]], "lowlevel.dissonance.mean": [0.6337454319000244], "lowlevel.hfc.mean": [0.4652976393699646], "lowlevel.mfcc.mean": [[0.5742355585098267, 0.7100633382797241, 0.5364348888397217, 0.6059295535087585, 0.6876207590103149, 0.6803247928619385, 0.6839152574539185, 0.5368462204933167, 0.510870099067688, 0.4897304177284241, 0.5229766964912415, 0.3244057893753052, 0.4239617586135864]], "sfx.logattacktime.mean": [0.5515521168708801], "sfx.inharmonicity.mean": [0.6167992353439331]}