{"lowlevel.spectral_centroid.mean": [0.42654716968536377], "lowlevel.spectral_contrast.mean": [[0.19966459274291992, 0.32825183868408203, 0.46610355377197266, 0.39008665084838867, 0.47407960891723633, 0.38618922233581543]], "lowlevel.dissonance.mean": [0.672753095626831], "lowlevel.hfc.mean": [0.4650826156139374], "lowlevel.mfcc.mean": [[0.28780364990234375, 0.5114784836769104, 0.42564043402671814, 0.3367890417575836, 0.4847591817378998, 0.3893795311450958, 0.5332795977592468, 0.7083061337471008, 0.685523271560669, 0.24787190556526184, 0.20442810654640198, 0.3373546004295349, 0.31499454379081726]], "sfx.logattacktime.mean": [0.6844065189361572], "sfx.inharmonicity.mean": [0.4904058277606964]}