{"lowlevel.spectral_centroid.mean": [0.33412545919418335], "lowlevel.spectral_contrast.mean": [[0.9780519008636475, 0.660875678062439, 0.6233370304107666, 0.39905786514282227, 0.255068302154541, 0.20682477951049805]], "lowlevel.dissonance.mean": [-0.3545185327529907], "lowlevel.hfc.mean": [0.468458890914917], "lowlevel.mfcc.mean": [[0.21227049827575684, 0.5406977534294128, 0.7322865724563599, 0.4787137508392334, 0.529267430305481, 0.48089176416397095, 0.43711549043655396, 0.3851248025894165, 0.381139874458313, 0.17195940017700195, -0.03133195638656616, -0.20140665769577026, -0.21779978275299072]], "sfx.logattacktime.mean": [0.2825445234775543], "sfx.inharmonicity.mean": [0.22900132834911346]}