{"lowlevel.spectral_centroid.mean": [0.3248347342014313], "lowlevel.spectral_contrast.mean": [[0.388974666595459, 0.484035849571228, 0.6467869281768799, 0.33208346366882324, 0.22416901588439941, 0.24874305725097656]], "lowlevel.dissonance.mean": [0.6416537761688232], "lowlevel.hfc.mean": [0.4697832763195038], "lowlevel.mfcc.mean": [[0.3407728672027588, 0.8094197511672974, 0.9506783485412598, 0.7289960384368896, 0.5884480476379395, 0.41369175910949707, 0.42621910572052, 0.3867017328739166, 0.4764852523803711, 0.4363926351070404, 0.42399370670318604, 0.40470653772354126, 0.4121249318122864]], "sfx.logattacktime.mean": [0.21040946245193481], "sfx.inharmonicity.mean": [0.2238629311323166]}