{"lowlevel.spectral_centroid.mean": [0.373412549495697], "lowlevel.spectral_contrast.mean": [[0.619803786277771, 0.7976716756820679, 0.9950329065322876, 0.9118599891662598, 0.8247711658477783, 0.44921159744262695]], "lowlevel.dissonance.mean": [0.2877805233001709], "lowlevel.hfc.mean": [0.469071626663208], "lowlevel.mfcc.mean": [[0.5883139371871948, 0.9158599376678467, 0.275306761264801, 0.09917876124382019, 0.42829248309135437, 0.054446637630462646, -0.12799733877182007, 0.00566333532333374, 0.24104371666908264, 0.385107159614563, 0.47288399934768677, 0.36628440022468567, 0.15294155478477478]], "sfx.logattacktime.mean": [0.5761576294898987], "sfx.inharmonicity.mean": [0.7142443656921387]}