{"lowlevel.spectral_centroid.mean": [0.4053986966609955], "lowlevel.spectral_contrast.mean": [[0.5273408889770508, 0.4479936361312866, 0.516769289970398, 0.532496452331543, 0.4847691059112549, 0.44191598892211914]], "lowlevel.dissonance.mean": [0.6235456466674805], "lowlevel.hfc.mean": [0.47010061144828796], "lowlevel.mfcc.mean": [[0.7656846046447754, 0.6157668828964233, 0.43752095103263855, 0.10792642831802368, 0.1924205720424652, 0.27884912490844727, 0.29043591022491455, 0.37515342235565186, 0.36725765466690063, 0.2456568032503128, 0.3760826289653778, 0.2864786386489868, 0.4340645372867584]], "sfx.logattacktime.mean": [0.367202490568161], "sfx.inharmonicity.mean": [0.5219650864601135]}