{"lowlevel.spectral_centroid.mean": [0.6694028377532959], "lowlevel.spectral_contrast.mean": [[0.31779348850250244, 0.2675800323486328, 0.951759934425354, 0.9568725824356079, 1.0969395637512207, 0.9412500858306885]], "lowlevel.dissonance.mean": [0.6706008911132812], "lowlevel.hfc.mean": [0.5206460952758789], "lowlevel.mfcc.mean": [[0.41253066062927246, 0.1838301569223404, 0.0479164719581604, 0.22611366212368011, 0.36423459649086, 0.48934775590896606, 0.4528946578502655, 0.8617417812347412, 1.0440700054168701, 0.1416090428829193, -0.10805493593215942, -0.28842687606811523, 0.3621899485588074]], "sfx.logattacktime.mean": [0.47507011890411377], "sfx.inharmonicity.mean": [0.5228057503700256]}