{"lowlevel.spectral_centroid.mean": [0.33069151639938354], "lowlevel.spectral_contrast.mean": [[0.5113146305084229, 0.6298316717147827, 0.4684937000274658, 0.3595283031463623, 0.38549065589904785, 0.47928595542907715]], "lowlevel.dissonance.mean": [0.521581768989563], "lowlevel.hfc.mean": [0.4662235975265503], "lowlevel.mfcc.mean": [[0.3393218517303467, 0.7431806325912476, 1.0716115236282349, 0.7968438863754272, 0.8574052453041077, 0.30316293239593506, 0.2924286127090454, 0.2742757499217987, 0.4205664098262787, 0.45043155550956726, 0.3387366533279419, 0.33917951583862305, 0.38136518001556396]], "sfx.logattacktime.mean": [0.571441113948822], "sfx.inharmonicity.mean": [0.2732892334461212]}