{"lowlevel.spectral_centroid.mean": [0.364377498626709], "lowlevel.spectral_contrast.mean": [[0.9139291644096375, 1.0641244649887085, 0.9860650300979614, 0.9166014194488525, 0.8731875419616699, 0.5704166889190674]], "lowlevel.dissonance.mean": [0.29964983463287354], "lowlevel.hfc.mean": [0.4951629042625427], "lowlevel.mfcc.mean": [[0.7715026140213013, 0.7525582313537598, 0.0922466516494751, 0.33514603972435, 0.15725663304328918, 0.06627056002616882, 0.2847699522972107, 0.3349132835865021, 0.43712347745895386, 0.24231916666030884, 0.25612255930900574, 0.4778614342212677, 0.3621572256088257]], "sfx.logattacktime.mean": [0.653628408908844], "sfx.inharmonicity.mean": [0.33256471157073975]}