{"lowlevel.spectral_centroid.mean": [0.5195882320404053], "lowlevel.spectral_contrast.mean": [[0.4764045476913452, 0.3161569833755493, 1.4627397060394287, 1.200966477394104, 1.7446831464767456, 1.075406789779663]], "lowlevel.dissonance.mean": [0.46398425102233887], "lowlevel.hfc.mean": [0.5524839758872986], "lowlevel.mfcc.mean": [[0.7539347410202026, 0.21219950914382935, 0.15632808208465576, 0.49838340282440186, 0.13677933812141418, 0.19631004333496094, 0.5019849538803101, 1.2990034818649292, 1.041964054107666, 0.9447736740112305, 0.6586609482765198, 0.18973180651664734, -0.15451717376708984]], "sfx.logattacktime.mean": [0.5224143266677856], "sfx.inharmonicity.mean": [0.4713748097419739]}