{"lowlevel.spectral_centroid.mean": [0.35108745098114014], "lowlevel.spectral_contrast.mean": [[0.6202349662780762, 1.183909296989441, 1.0571645498275757, 0.8352334499359131, 0.6958701610565186, 0.4505348205566406]], "lowlevel.dissonance.mean": [0.1463603973388672], "lowlevel.hfc.mean": [0.49474507570266724], "lowlevel.mfcc.mean": [[0.8620625734329224, 0.9222612380981445, 0.40347200632095337, 0.2297743260860443, 0.3027958273887634, 0.4681188464164734, 0.35051482915878296, 0.36489737033843994, 0.48987966775894165, 0.6050882935523987, 0.2920225262641907, 0.6260473728179932, 0.8852298259735107]], "sfx.logattacktime.mean": [0.3014666438102722], "sfx.inharmonicity.mean": [0.3177788257598877]}