{"lowlevel.spectral_centroid.mean": [0.36951228976249695], "lowlevel.spectral_contrast.mean": [[0.6296898126602173, 0.8623055219650269, 0.8781577348709106, 0.8966661691665649, 0.867835283279419, 0.5158114433288574]], "lowlevel.dissonance.mean": [0.37662386894226074], "lowlevel.hfc.mean": [0.47419309616088867], "lowlevel.mfcc.mean": [[0.6869126558303833, 1.0403779745101929, 0.2944166362285614, 0.23601163923740387, 0.5628853440284729, 0.38743752241134644, 0.27080172300338745, 0.3449971675872803, 0.3660065233707428, 0.40000903606414795, 0.45238202810287476, 0.42381489276885986, 0.4603463113307953]], "sfx.logattacktime.mean": [0.7003337740898132], "sfx.inharmonicity.mean": [0.4151645004749298]}