{"lowlevel.spectral_centroid.mean": [0.35602498054504395], "lowlevel.spectral_contrast.mean": [[0.497722864151001, 0.3988468647003174, 0.42895519733428955, 0.48751401901245117, 0.49932026863098145, 0.767836332321167]], "lowlevel.dissonance.mean": [0.6834027767181396], "lowlevel.hfc.mean": [0.46760880947113037], "lowlevel.mfcc.mean": [[0.7215009927749634, 0.8351131677627563, 0.18540340662002563, 0.7285341024398804, 0.4628176987171173, 0.6838433742523193, 0.6597870588302612, 0.49092939496040344, 0.5744782090187073, 0.40445631742477417, 0.502647340297699, 0.4271926283836365, 0.4142646789550781]], "sfx.logattacktime.mean": [0.5362798571586609], "sfx.inharmonicity.mean": [0.3355167508125305]}