{"lowlevel.spectral_centroid.mean": [0.37488219141960144], "lowlevel.spectral_contrast.mean": [[0.7142524719238281, 0.42976438999176025, 0.28479862213134766, 0.3793513774871826, 0.36149072647094727, 0.3120105266571045]], "lowlevel.dissonance.mean": [0.4401649236679077], "lowlevel.hfc.mean": [0.4696784019470215], "lowlevel.mfcc.mean": [[0.21579837799072266, 0.42526960372924805, 0.6708179116249084, 0.754622757434845, 0.7838574051856995, 0.6700366735458374, 0.6585689783096313, 0.6043258309364319, 0.646321713924408, 0.6422146558761597, 0.5742536783218384, 0.45744168758392334, 0.4709765911102295]], "sfx.logattacktime.mean": [0.40692031383514404], "sfx.inharmonicity.mean": [0.2821403443813324]}