{"lowlevel.spectral_centroid.mean": [0.37873783707618713], "lowlevel.spectral_contrast.mean": [[0.5185846090316772, 0.7086960077285767, 0.6651211977005005, 0.524914026260376, 0.41488122940063477, 0.358933687210083]], "lowlevel.dissonance.mean": [0.15930819511413574], "lowlevel.hfc.mean": [0.46639594435691833], "lowlevel.mfcc.mean": [[0.40056121349334717, 0.820142388343811, 0.4466805160045624, 0.3030720353126526, 0.22615671157836914, 0.23202425241470337, 0.22052213549613953, 0.23463162779808044, 0.10502293705940247, 0.22929537296295166, 0.3850351572036743, 0.3659687936306, 0.4995935261249542]], "sfx.logattacktime.mean": [0.4666770398616791], "sfx.inharmonicity.mean": [0.5831013917922974]}