{"lowlevel.spectral_centroid.mean": [0.33781880140304565], "lowlevel.spectral_contrast.mean": [[1.2344794273376465, 0.9073901176452637, 1.070681095123291, 0.971461296081543, 0.4579763412475586, 0.1517345905303955]], "lowlevel.dissonance.mean": [0.3120373487472534], "lowlevel.hfc.mean": [0.49451902508735657], "lowlevel.mfcc.mean": [[0.6129981279373169, 1.2903951406478882, 0.7117388248443604, -0.22384291887283325, 0.0020690560340881348, 0.19055885076522827, 0.07372331619262695, -0.06663310527801514, 0.06772693991661072, 0.07179909944534302, -0.006719350814819336, -0.054224252700805664, 0.054814279079437256]], "sfx.logattacktime.mean": [0.71230548620224], "sfx.inharmonicity.mean": [0.5755972862243652]}