{"lowlevel.spectral_centroid.mean": [0.5653295516967773], "lowlevel.spectral_contrast.mean": [[0.25182628631591797, 0.21689891815185547, 0.22150397300720215, 0.6535310745239258, 0.5501978397369385, 0.45496249198913574]], "lowlevel.dissonance.mean": [0.669268012046814], "lowlevel.hfc.mean": [0.4969954490661621], "lowlevel.mfcc.mean": [[0.10422217845916748, 0.13973671197891235, 0.47287505865097046, 0.42887669801712036, 0.5713194608688354, 0.7363057136535645, 0.7141106128692627, 0.4167281687259674, 0.34148862957954407, 0.910759449005127, 0.7596631050109863, 0.5120406150817871, 0.7222563624382019]], "sfx.logattacktime.mean": [0.45089414715766907], "sfx.inharmonicity.mean": [0.4278545379638672]}