{"lowlevel.spectral_centroid.mean": [0.5331075191497803], "lowlevel.spectral_contrast.mean": [[0.48466193675994873, 0.36012065410614014, 0.5539029836654663, 1.2990553379058838, 0.9371075630187988, 0.8705611228942871]], "lowlevel.dissonance.mean": [0.6902685165405273], "lowlevel.hfc.mean": [0.5389719605445862], "lowlevel.mfcc.mean": [[0.7733101844787598, 0.37928420305252075, 0.18610358238220215, 0.4740338623523712, 0.5607051253318787, 0.8785616159439087, 0.6144912242889404, 0.23348671197891235, 0.98192298412323, 1.0510406494140625, 0.08533674478530884, -0.05822432041168213, 1.4826006889343262]], "sfx.logattacktime.mean": [0.42989540100097656], "sfx.inharmonicity.mean": [0.607407808303833]}