{"lowlevel.spectral_centroid.mean": [0.32973024249076843], "lowlevel.spectral_contrast.mean": [[0.6199844479560852, 0.4954289197921753, 0.6614423990249634, 0.6240024566650391, 0.43984532356262207, 0.7277257442474365]], "lowlevel.dissonance.mean": [0.5324312448501587], "lowlevel.hfc.mean": [0.46684619784355164], "lowlevel.mfcc.mean": [[0.5616258382797241, 0.8339078426361084, 0.5482872128486633, 0.5771911144256592, 0.3959108293056488, 0.8493309617042542, 0.6754351854324341, 0.3956820070743561, 0.3501380383968353, 0.6350396275520325, 0.7413870096206665, -0.030902743339538574, 0.09230491518974304]], "sfx.logattacktime.mean": [0.6543200016021729], "sfx.inharmonicity.mean": [0.25041431188583374]}