{"lowlevel.spectral_centroid.mean": [0.352565735578537], "lowlevel.spectral_contrast.mean": [[0.5536066293716431, 0.5109031200408936, 0.3368971347808838, 0.2012181282043457, 0.17866110801696777, 0.20511841773986816]], "lowlevel.dissonance.mean": [0.24693584442138672], "lowlevel.hfc.mean": [0.46525102853775024], "lowlevel.mfcc.mean": [[0.17063641548156738, 0.47017231583595276, 0.8034652471542358, 0.7301279902458191, 0.7474236488342285, 0.6482366323471069, 0.6327537894248962, 0.5703499913215637, 0.6225060224533081, 0.5983596444129944, 0.5932514071464539, 0.600291907787323, 0.6457040309906006]], "sfx.logattacktime.mean": [0.19563007354736328], "sfx.inharmonicity.mean": [0.20228217542171478]}