{"lowlevel.spectral_centroid.mean": [0.4516565203666687], "lowlevel.spectral_contrast.mean": [[0.8130538463592529, 0.6193579435348511, 0.5444971323013306, 0.5147848129272461, 0.7552657127380371, 0.7553889751434326]], "lowlevel.dissonance.mean": [0.6831377744674683], "lowlevel.hfc.mean": [0.674933671951294], "lowlevel.mfcc.mean": [[1.1951756477355957, 0.36631590127944946, 0.6482131481170654, 0.9308081865310669, 0.5328372716903687, 0.4935437738895416, 0.6757817268371582, 0.27335649728775024, 0.43801867961883545, 0.5731289386749268, 0.23196449875831604, 0.48399871587753296, 0.24792766571044922]], "sfx.logattacktime.mean": [0.29944026470184326], "sfx.inharmonicity.mean": [0.24139398336410522]}