{"lowlevel.spectral_centroid.mean": [0.4059206247329712], "lowlevel.spectral_contrast.mean": [[0.6884404420852661, 0.9104379415512085, 1.0413633584976196, 1.0472770929336548, 1.0030317306518555, 0.6971793174743652]], "lowlevel.dissonance.mean": [0.3664970397949219], "lowlevel.hfc.mean": [0.47956180572509766], "lowlevel.mfcc.mean": [[0.8040400743484497, 0.5118775367736816, 0.34481626749038696, 0.4867076873779297, 0.6208057999610901, 0.3890504837036133, 0.22263818979263306, 0.518699049949646, 0.7430064082145691, 0.7247782945632935, 0.7243168354034424, 0.4178829789161682, 0.2840561866760254]], "sfx.logattacktime.mean": [0.6501302719116211], "sfx.inharmonicity.mean": [0.516877293586731]}