{"lowlevel.spectral_centroid.mean": [0.326994389295578], "lowlevel.spectral_contrast.mean": [[1.0641815662384033, 0.35360658168792725, 0.1539924144744873, 0.19253230094909668, 0.2140207290649414, 0.27568697929382324]], "lowlevel.dissonance.mean": [0.055493950843811035], "lowlevel.hfc.mean": [0.46869492530822754], "lowlevel.mfcc.mean": [[0.22559142112731934, 0.6509671211242676, 1.1104627847671509, 1.1878786087036133, 1.253363847732544, 1.1415425539016724, 1.059821367263794, 0.8983033299446106, 0.804783821105957, 0.6777552962303162, 0.6006986498832703, 0.4867002069950104, 0.4215981662273407]], "sfx.logattacktime.mean": [0.2607439160346985], "sfx.inharmonicity.mean": [0.19186140596866608]}