{"lowlevel.spectral_centroid.mean": [0.6887476444244385], "lowlevel.spectral_contrast.mean": [[0.3069453239440918, 0.43365490436553955, 0.3325493335723877, 0.3601677417755127, 0.3047764301300049, 0.32933831214904785]], "lowlevel.dissonance.mean": [0.6021864414215088], "lowlevel.hfc.mean": [0.47051480412483215], "lowlevel.mfcc.mean": [[0.33562397956848145, 0.48451560735702515, 0.5799337029457092, 0.44858694076538086, 0.4537387192249298, 0.4489140212535858, 0.3835814595222473, 0.29599133133888245, 0.2896668314933777, 0.3213825225830078, 0.4223184883594513, 0.4632248282432556, 0.5502898097038269]], "sfx.logattacktime.mean": [0.4993627965450287], "sfx.inharmonicity.mean": [0.5128113031387329]}