{"lowlevel.spectral_centroid.mean": [0.3103373348712921], "lowlevel.spectral_contrast.mean": [[0.4462662935256958, 0.4590402841567993, 0.48217570781707764, 0.46643781661987305, 0.3460054397583008, 0.2842381000518799]], "lowlevel.dissonance.mean": [0.5763890743255615], "lowlevel.hfc.mean": [0.4651729166507721], "lowlevel.mfcc.mean": [[0.32309556007385254, 0.8253598213195801, 0.9939513206481934, 0.6167221069335938, 0.5541192293167114, 0.5295013785362244, 0.5161979794502258, 0.4286596179008484, 0.47358667850494385, 0.4854937195777893, 0.5038807392120361, 0.456464558839798, 0.48359426856040955]], "sfx.logattacktime.mean": [0.39304107427597046], "sfx.inharmonicity.mean": [0.2165822684764862]}