{"lowlevel.spectral_centroid.mean": [0.3466041088104248], "lowlevel.spectral_contrast.mean": [[0.4016646146774292, 0.5561419725418091, 0.5790983438491821, 0.3455471992492676, 0.2361299991607666, 0.21677827835083008]], "lowlevel.dissonance.mean": [0.044740915298461914], "lowlevel.hfc.mean": [0.4650770425796509], "lowlevel.mfcc.mean": [[0.017424821853637695, 0.6137886047363281, 0.8687880039215088, 0.5901966691017151, 0.49875521659851074, 0.41404035687446594, 0.43123260140419006, 0.37693145871162415, 0.34014368057250977, 0.20112210512161255, 0.15028592944145203, 0.13849511742591858, 0.25539931654930115]], "sfx.logattacktime.mean": [0.289981484413147], "sfx.inharmonicity.mean": [0.6660091876983643]}