{"lowlevel.spectral_centroid.mean": [0.31801638007164], "lowlevel.spectral_contrast.mean": [[0.6259745955467224, 0.38525140285491943, 0.2895317077636719, 0.25542616844177246, 0.22237849235534668, 0.23294353485107422]], "lowlevel.dissonance.mean": [0.30176281929016113], "lowlevel.hfc.mean": [0.4655555784702301], "lowlevel.mfcc.mean": [[0.15501689910888672, 0.44788897037506104, 0.8224844932556152, 0.7951833009719849, 0.8710758686065674, 0.8120070695877075, 0.8147989511489868, 0.7573562860488892, 0.750922441482544, 0.6888437867164612, 0.6748231649398804, 0.6159775853157043, 0.595058798789978]], "sfx.logattacktime.mean": [0.28126004338264465], "sfx.inharmonicity.mean": [0.20698414742946625]}