{"lowlevel.spectral_centroid.mean": [0.5144810676574707], "lowlevel.spectral_contrast.mean": [[0.27931153774261475, 0.21357464790344238, 0.21091508865356445, 0.6661125421524048, 0.4338853359222412, 0.3892345428466797]], "lowlevel.dissonance.mean": [0.6538972854614258], "lowlevel.hfc.mean": [0.47585174441337585], "lowlevel.mfcc.mean": [[0.09340524673461914, 0.14184367656707764, 0.4511202275753021, 0.3939558267593384, 0.5657099485397339, 0.6859275102615356, 0.6564498543739319, 0.424455463886261, 0.33346980810165405, 0.7939795255661011, 0.8086615204811096, 0.5511923432350159, 0.5715725421905518]], "sfx.logattacktime.mean": [0.4345075190067291], "sfx.inharmonicity.mean": [0.397176057100296]}