{"lowlevel.spectral_centroid.mean": [0.37074846029281616], "lowlevel.spectral_contrast.mean": [[0.20094740390777588, 1.508453130722046, 1.6530871391296387, 1.7367098331451416, 1.404622197151184, 0.8281381130218506]], "lowlevel.dissonance.mean": [0.08105337619781494], "lowlevel.hfc.mean": [0.47547081112861633], "lowlevel.mfcc.mean": [[0.5481069087982178, 0.5834366083145142, -0.035221368074417114, 0.29871228337287903, 0.2618837356567383, 0.12764409184455872, 0.1319078505039215, 0.28020769357681274, 0.3010427951812744, 0.05583977699279785, 0.12112054228782654, 0.6463491916656494, 1.204795241355896]], "sfx.logattacktime.mean": [0.35012996196746826], "sfx.inharmonicity.mean": [0.19510377943515778]}