{"lowlevel.spectral_centroid.mean": [0.3348537087440491], "lowlevel.spectral_contrast.mean": [[0.48463690280914307, 1.1122068166732788, 0.43755102157592773, 0.30675220489501953, 0.2454237937927246, 0.2563436031341553]], "lowlevel.dissonance.mean": [-0.2946491241455078], "lowlevel.hfc.mean": [0.4672600328922272], "lowlevel.mfcc.mean": [[0.21378052234649658, 0.45931413769721985, 0.6625306010246277, 0.4857149124145508, 0.4500214457511902, 0.38347098231315613, 0.33212336897850037, 0.2619659900665283, 0.29601937532424927, 0.12556985020637512, 0.20439091324806213, 0.32466191053390503, 0.4961199462413788]], "sfx.logattacktime.mean": [0.28129807114601135], "sfx.inharmonicity.mean": [0.2564098834991455]}