{"lowlevel.spectral_centroid.mean": [0.3502614200115204], "lowlevel.spectral_contrast.mean": [[0.7607430815696716, 0.7796103954315186, 0.7833117246627808, 0.8876610994338989, 0.8855350017547607, 0.7343463897705078]], "lowlevel.dissonance.mean": [0.40786921977996826], "lowlevel.hfc.mean": [0.4674653708934784], "lowlevel.mfcc.mean": [[0.6173570156097412, 0.9319350719451904, 0.237100288271904, 0.27776598930358887, 0.33787038922309875, 0.1337280571460724, 0.0933133065700531, -0.009317338466644287, 0.10363605618476868, 0.09660696983337402, 0.3406248092651367, 0.2952502369880676, 0.3565036952495575]], "sfx.logattacktime.mean": [0.6965469717979431], "sfx.inharmonicity.mean": [0.6984959840774536]}