{"lowlevel.spectral_centroid.mean": [1.6859642267227173], "lowlevel.spectral_contrast.mean": [[0.2877119779586792, 0.4739476442337036, 0.2904226779937744, 0.3801147937774658, 0.6549942493438721, 0.4217500686645508]], "lowlevel.dissonance.mean": [0.6701345443725586], "lowlevel.hfc.mean": [0.4692668616771698], "lowlevel.mfcc.mean": [[0.34277045726776123, 0.33377766609191895, 0.3148733973503113, 0.19334779679775238, 0.6278505325317383, 0.29985302686691284, -0.037712037563323975, 0.3199869394302368, 0.28787311911582947, 0.4494551718235016, 0.6112178564071655, 0.5528561472892761, 0.4582313597202301]], "sfx.logattacktime.mean": [0.6217474937438965], "sfx.inharmonicity.mean": [0.8344086408615112]}