{"lowlevel.spectral_centroid.mean": [0.3426060080528259], "lowlevel.spectral_contrast.mean": [[0.9124442338943481, 0.3205524682998657, 0.27844905853271484, 0.29770469665527344, 0.339597225189209, 0.4023005962371826]], "lowlevel.dissonance.mean": [0.5540379285812378], "lowlevel.hfc.mean": [0.4686201810836792], "lowlevel.mfcc.mean": [[0.5702096223831177, 0.3037448525428772, 0.9557666778564453, 1.0863087177276611, 1.1452397108078003, 1.0831427574157715, 0.9152915477752686, 0.7906560301780701, 0.6032136678695679, 0.494557648897171, 0.3362627923488617, 0.25458580255508423, 0.15658733248710632]], "sfx.logattacktime.mean": [0.23952561616897583], "sfx.inharmonicity.mean": [0.22565044462680817]}