{"lowlevel.spectral_centroid.mean": [0.33419013023376465], "lowlevel.spectral_contrast.mean": [[1.269453763961792, 1.38612961769104, 1.5572822093963623, 1.0670783519744873, 1.0161988735198975, 0.6265051364898682]], "lowlevel.dissonance.mean": [0.11523985862731934], "lowlevel.hfc.mean": [0.542736828327179], "lowlevel.mfcc.mean": [[0.7543684244155884, 0.7367352247238159, 0.08719092607498169, 0.42509394884109497, 0.11274868249893188, 0.2088797688484192, 0.393113911151886, 0.2817443609237671, 0.043907761573791504, -0.15952062606811523, -0.2828404903411865, 0.06192582845687866, 0.37446272373199463]], "sfx.logattacktime.mean": [0.5320400595664978], "sfx.inharmonicity.mean": [0.22795918583869934]}