{"lowlevel.spectral_centroid.mean": [0.368341326713562], "lowlevel.spectral_contrast.mean": [[0.21615302562713623, 1.50950026512146, 1.7600140571594238, 1.3399684429168701, 1.386252760887146, 0.8132326602935791]], "lowlevel.dissonance.mean": [0.09643983840942383], "lowlevel.hfc.mean": [0.47449222207069397], "lowlevel.mfcc.mean": [[0.5545929670333862, 0.6310509443283081, -0.029412060976028442, 0.20251552760601044, 0.21170750260353088, 0.18010789155960083, 0.29401594400405884, 0.4521169662475586, 0.33227288722991943, -0.3011600971221924, -0.40313589572906494, 0.32030725479125977, 1.0477209091186523]], "sfx.logattacktime.mean": [0.3527953028678894], "sfx.inharmonicity.mean": [0.20301172137260437]}