{"lowlevel.spectral_centroid.mean": [0.3377341628074646], "lowlevel.spectral_contrast.mean": [[0.7193710803985596, 0.666439414024353, 0.7114007472991943, 0.5944774150848389, 0.2686123847961426, 0.24068498611450195]], "lowlevel.dissonance.mean": [0.20106768608093262], "lowlevel.hfc.mean": [0.4669666886329651], "lowlevel.mfcc.mean": [[0.4173920154571533, 1.0378024578094482, 1.1177000999450684, 0.49808913469314575, 0.2495908886194229, 0.34345993399620056, 0.5356665849685669, 0.4944332242012024, 0.5045894384384155, 0.5971623063087463, 0.7364940047264099, 0.7018963098526001, 0.6271569132804871]], "sfx.logattacktime.mean": [0.33015894889831543], "sfx.inharmonicity.mean": [0.2123204469680786]}