{"lowlevel.spectral_centroid.mean": [0.3445734977722168], "lowlevel.spectral_contrast.mean": [[0.7907531261444092, 0.41631197929382324, 0.3668394088745117, 0.3762655258178711, 0.34621715545654297, 0.313030481338501]], "lowlevel.dissonance.mean": [0.36019253730773926], "lowlevel.hfc.mean": [0.4673531949520111], "lowlevel.mfcc.mean": [[0.20407319068908691, 0.5533629059791565, 0.8956010341644287, 0.865936279296875, 0.9338344931602478, 0.8508273959159851, 0.8406964540481567, 0.7749955654144287, 0.7158399820327759, 0.5916607975959778, 0.5795445442199707, 0.5355082750320435, 0.4682551324367523]], "sfx.logattacktime.mean": [0.23478218913078308], "sfx.inharmonicity.mean": [0.20564959943294525]}