{"lowlevel.spectral_centroid.mean": [0.3718315064907074], "lowlevel.spectral_contrast.mean": [[0.7856488823890686, 0.6395887136459351, 0.5301696062088013, 0.3904845714569092, 0.36595773696899414, 0.46295881271362305]], "lowlevel.dissonance.mean": [0.3062938451766968], "lowlevel.hfc.mean": [0.4725774824619293], "lowlevel.mfcc.mean": [[0.49609100818634033, 0.8141434192657471, 0.697013795375824, 0.8577456474304199, 0.5789200663566589, 0.35917431116104126, 0.45304960012435913, 0.2881946563720703, 0.2739752531051636, 0.25365251302719116, 0.15618813037872314, 0.0948989987373352, 0.18199414014816284]], "sfx.logattacktime.mean": [0.6312708854675293], "sfx.inharmonicity.mean": [0.2584993243217468]}