{"lowlevel.spectral_centroid.mean": [0.6359525918960571], "lowlevel.spectral_contrast.mean": [[0.531997561454773, 0.5449990034103394, 0.5463204383850098, 0.5681960582733154, 0.4668898582458496, 0.3801422119140625]], "lowlevel.dissonance.mean": [0.4443107843399048], "lowlevel.hfc.mean": [0.46748965978622437], "lowlevel.mfcc.mean": [[0.2139272689819336, 0.3516104221343994, 0.47460517287254333, 0.5020866990089417, 0.5079524517059326, 0.33277833461761475, 0.2599985599517822, 0.20358818769454956, 0.24530690908432007, 0.28165653347969055, 0.26075026392936707, 0.1914556920528412, 0.30475491285324097]], "sfx.logattacktime.mean": [0.29740262031555176], "sfx.inharmonicity.mean": [0.5066500902175903]}