{"lowlevel.spectral_centroid.mean": [0.4263855814933777], "lowlevel.spectral_contrast.mean": [[0.21582913398742676, 0.938198447227478, 1.0437949895858765, 0.8816070556640625, 0.8452579975128174, 0.5412664413452148]], "lowlevel.dissonance.mean": [0.5608150959014893], "lowlevel.hfc.mean": [0.4946833848953247], "lowlevel.mfcc.mean": [[0.3698596954345703, 0.23138737678527832, -0.11783352494239807, 0.29625529050827026, 0.213395893573761, 0.2663075625896454, 0.39342719316482544, 0.45407772064208984, 0.6422500610351562, 0.8229962587356567, 1.1075215339660645, 1.1499578952789307, 0.8792332410812378]], "sfx.logattacktime.mean": [0.577818751335144], "sfx.inharmonicity.mean": [0.5316666960716248]}