{"lowlevel.spectral_centroid.mean": [0.431445449590683], "lowlevel.spectral_contrast.mean": [[0.47056472301483154, 0.5604157447814941, 0.5681434869766235, 0.5531392097473145, 0.6543209552764893, 0.8489995002746582]], "lowlevel.dissonance.mean": [0.7112981081008911], "lowlevel.hfc.mean": [0.46993985772132874], "lowlevel.mfcc.mean": [[0.6801280975341797, 0.7337239980697632, -0.42563220858573914, 0.08018225431442261, -0.19333040714263916, 0.14681807160377502, 0.13670814037322998, 0.3419835567474365, 0.2734375298023224, 0.4581693112850189, 0.34705960750579834, 0.383736252784729, 0.3340490758419037]], "sfx.logattacktime.mean": [0.6656658053398132], "sfx.inharmonicity.mean": [1.3091729879379272]}