{"lowlevel.spectral_centroid.mean": [0.3725321292877197], "lowlevel.spectral_contrast.mean": [[0.2988162040710449, 0.4290928840637207, 0.3948249816894531, 0.3665506839752197, 0.4364631175994873, 0.4420485496520996]], "lowlevel.dissonance.mean": [0.6551636457443237], "lowlevel.hfc.mean": [0.4654538035392761], "lowlevel.mfcc.mean": [[0.681960940361023, 0.5631069540977478, 0.5286000370979309, 0.5024950504302979, 0.6879433989524841, 0.421549916267395, 0.5832629799842834, 0.5297461152076721, 0.5434054136276245, 0.5183378458023071, 0.622359573841095, 0.7086392045021057, 0.7081232666969299]], "sfx.logattacktime.mean": [0.6669948697090149], "sfx.inharmonicity.mean": [1.0502474308013916]}