{"lowlevel.spectral_centroid.mean": [0.43707185983657837], "lowlevel.spectral_contrast.mean": [[0.29196763038635254, 0.2527804374694824, 1.057564616203308, 1.143586277961731, 0.7121202945709229, 0.35049962997436523]], "lowlevel.dissonance.mean": [0.5114787817001343], "lowlevel.hfc.mean": [0.47664082050323486], "lowlevel.mfcc.mean": [[0.27944719791412354, 0.7050869464874268, 0.046857982873916626, 0.13117119669914246, 1.175215721130371, 1.3918116092681885, 0.8566405773162842, 0.2927914261817932, 0.2480032742023468, 0.3556572198867798, 0.4164329171180725, 0.4780043065547943, 0.7156820297241211]], "sfx.logattacktime.mean": [0.22743195295333862], "sfx.inharmonicity.mean": [1.7189438343048096]}