{"lowlevel.spectral_centroid.mean": [0.34134796261787415], "lowlevel.spectral_contrast.mean": [[0.4493985176086426, 0.5170433521270752, 0.8878310918807983, 0.4811246395111084, 0.555290699005127, 0.5425693988800049]], "lowlevel.dissonance.mean": [0.4959017038345337], "lowlevel.hfc.mean": [0.47053226828575134], "lowlevel.mfcc.mean": [[0.4874078035354614, 1.0610525608062744, 0.44887644052505493, 0.5140209794044495, 0.43921959400177, 0.49366939067840576, 0.6333009004592896, 0.682313084602356, 0.747012197971344, 0.49107131361961365, 0.27122342586517334, 0.14757072925567627, 0.6671388149261475]], "sfx.logattacktime.mean": [0.31367945671081543], "sfx.inharmonicity.mean": [1.1899776458740234]}