{"lowlevel.spectral_centroid.mean": [0.7858400344848633], "lowlevel.spectral_contrast.mean": [[0.2366544008255005, 0.36776936054229736, 0.5751926898956299, 0.48976922035217285, 0.2934262752532959, 0.23839187622070312]], "lowlevel.dissonance.mean": [0.2922666072845459], "lowlevel.hfc.mean": [0.4822026193141937], "lowlevel.mfcc.mean": [[0.16908502578735352, 0.3453534245491028, 0.37907126545906067, 0.07954829931259155, 0.29276639223098755, 0.37029579281806946, 0.49421775341033936, 0.45050233602523804, 0.4714183509349823, 0.5092869997024536, 0.4822533130645752, 0.4109344482421875, 0.5417220592498779]], "sfx.logattacktime.mean": [0.25626757740974426], "sfx.inharmonicity.mean": [0.7907170057296753]}