{"lowlevel.spectral_centroid.mean": [0.5415769219398499], "lowlevel.spectral_contrast.mean": [[0.20079052448272705, 0.3084927797317505, 0.7617747783660889, 0.7580044269561768, 0.8782224655151367, 0.9026391506195068]], "lowlevel.dissonance.mean": [0.7007092237472534], "lowlevel.hfc.mean": [0.4992903769016266], "lowlevel.mfcc.mean": [[0.5881290435791016, 0.04514206945896149, -0.2328645884990692, 0.3505839705467224, 0.467013955116272, 0.92476487159729, 0.5972380638122559, 0.6864336133003235, 0.626331627368927, 0.4165831208229065, 0.266545832157135, 0.9308606386184692, 0.8785082697868347]], "sfx.logattacktime.mean": [0.39638829231262207], "sfx.inharmonicity.mean": [0.9042202234268188]}