{"lowlevel.spectral_centroid.mean": [0.3470376133918762], "lowlevel.spectral_contrast.mean": [[0.5791213512420654, 0.7054712772369385, 0.48397111892700195, 0.42749571800231934, 0.3648364543914795, 0.34869956970214844]], "lowlevel.dissonance.mean": [0.14375674724578857], "lowlevel.hfc.mean": [0.4662282466888428], "lowlevel.mfcc.mean": [[0.3125293254852295, 0.6102084517478943, 0.6062200665473938, 0.44155454635620117, 0.2694295346736908, 0.025403857231140137, 0.03730252385139465, -0.08982282876968384, 0.04333096742630005, -0.005554676055908203, 0.05359598994255066, 0.4940847158432007, 0.7800534963607788]], "sfx.logattacktime.mean": [0.21421492099761963], "sfx.inharmonicity.mean": [0.4420546293258667]}