{"lowlevel.spectral_centroid.mean": [0.5315535068511963], "lowlevel.spectral_contrast.mean": [[0.24106335639953613, 0.19673562049865723, 0.8704094886779785, 0.519193172454834, 0.6526436805725098, 0.5766849517822266]], "lowlevel.dissonance.mean": [0.5230399370193481], "lowlevel.hfc.mean": [0.4668126106262207], "lowlevel.mfcc.mean": [[0.20019161701202393, 0.17117968201637268, 0.09799519181251526, 0.3228910267353058, 0.523485541343689, 0.7023718357086182, 0.6929666996002197, 0.7273117303848267, 0.6005504131317139, 0.01978662610054016, 0.2939327359199524, 0.9371938705444336, 1.230419397354126]], "sfx.logattacktime.mean": [0.46477991342544556], "sfx.inharmonicity.mean": [0.6628309488296509]}