{"lowlevel.spectral_centroid.mean": [0.3401224911212921], "lowlevel.spectral_contrast.mean": [[0.6989403367042542, 1.0383955240249634, 0.4270331859588623, 0.28090691566467285, 0.18743515014648438, 0.19474577903747559]], "lowlevel.dissonance.mean": [-0.05633115768432617], "lowlevel.hfc.mean": [0.47045883536338806], "lowlevel.mfcc.mean": [[0.21346676349639893, 0.573001503944397, 0.8673746585845947, 0.7237054109573364, 0.7337045669555664, 0.6504715085029602, 0.6018435955047607, 0.467618852853775, 0.45717671513557434, 0.4594741761684418, 0.5757894515991211, 0.7382301092147827, 0.9328103065490723]], "sfx.logattacktime.mean": [0.30090972781181335], "sfx.inharmonicity.mean": [0.2093014419078827]}