{"lowlevel.spectral_centroid.mean": [0.5189178586006165], "lowlevel.spectral_contrast.mean": [[0.8663354516029358, 0.8669263124465942, 0.8319571018218994, 0.7439074516296387, 0.37354469299316406, 0.12508273124694824]], "lowlevel.dissonance.mean": [0.2568039894104004], "lowlevel.hfc.mean": [0.4678903818130493], "lowlevel.mfcc.mean": [[0.3678995370864868, 0.8213537931442261, 0.6406630277633667, -0.10593461990356445, -0.19748669862747192, -0.11430329084396362, -0.0257718563079834, -0.14087480306625366, -0.1402992606163025, -0.05994868278503418, 0.09683486819267273, 0.24223004281520844, 0.4755203127861023]], "sfx.logattacktime.mean": [0.696772575378418], "sfx.inharmonicity.mean": [0.5710397958755493]}