{"lowlevel.spectral_centroid.mean": [0.31795287132263184], "lowlevel.spectral_contrast.mean": [[0.5633598566055298, 0.6237653493881226, 0.4732182025909424, 0.357806921005249, 0.37401652336120605, 0.44518542289733887]], "lowlevel.dissonance.mean": [0.39779746532440186], "lowlevel.hfc.mean": [0.466267853975296], "lowlevel.mfcc.mean": [[0.3285791873931885, 0.7875726222991943, 1.0575895309448242, 0.8314616680145264, 0.7283644080162048, 0.3839167058467865, 0.2824723720550537, 0.2663137912750244, 0.32649892568588257, 0.3737378418445587, 0.376784086227417, 0.37312933802604675, 0.4288828372955322]], "sfx.logattacktime.mean": [0.8446013927459717], "sfx.inharmonicity.mean": [0.2708905041217804]}