{"lowlevel.spectral_centroid.mean": [0.5582402348518372], "lowlevel.spectral_contrast.mean": [[0.23553025722503662, 0.16554975509643555, 0.515999436378479, 0.19504117965698242, 0.4804508686065674, 0.41319704055786133]], "lowlevel.dissonance.mean": [0.5767534971237183], "lowlevel.hfc.mean": [0.4655631184577942], "lowlevel.mfcc.mean": [[0.06540465354919434, 0.13562385737895966, 0.4796607196331024, 0.4069986343383789, 0.49097639322280884, 0.4875633120536804, 0.5528411269187927, 0.5486957430839539, 0.492870956659317, 0.3616432547569275, 0.6778085827827454, 0.438085675239563, 0.5302484631538391]], "sfx.logattacktime.mean": [0.7779555916786194], "sfx.inharmonicity.mean": [0.4269385039806366]}