{"lowlevel.spectral_centroid.mean": [0.4541723132133484], "lowlevel.spectral_contrast.mean": [[0.5814266204833984, 0.2804679870605469, 1.2335692644119263, 0.9131543636322021, 1.1776132583618164, 0.7976782321929932]], "lowlevel.dissonance.mean": [0.36411750316619873], "lowlevel.hfc.mean": [0.5026074051856995], "lowlevel.mfcc.mean": [[0.46978795528411865, 0.1275111734867096, 0.34237080812454224, 0.5928847789764404, 0.3199318051338196, 0.38578617572784424, 0.5820409655570984, 0.9864752292633057, 0.889155387878418, 1.389502763748169, 1.1060569286346436, 0.17245376110076904, 0.2925824522972107]], "sfx.logattacktime.mean": [0.5823920965194702], "sfx.inharmonicity.mean": [0.33720654249191284]}