{"lowlevel.spectral_centroid.mean": [0.3085462152957916], "lowlevel.spectral_contrast.mean": [[0.46828973293304443, 0.46755194664001465, 0.3719050884246826, 0.3863704204559326, 0.32079529762268066, 0.30460453033447266]], "lowlevel.dissonance.mean": [0.5466439723968506], "lowlevel.hfc.mean": [0.465084046125412], "lowlevel.mfcc.mean": [[0.2654266357421875, 0.6945202350616455, 0.9098482131958008, 0.585694432258606, 0.5579813122749329, 0.588379979133606, 0.5968211889266968, 0.44849973917007446, 0.45471668243408203, 0.5188114047050476, 0.6033130884170532, 0.5725212097167969, 0.5954022407531738]], "sfx.logattacktime.mean": [0.4231022000312805], "sfx.inharmonicity.mean": [0.2056431621313095]}