{"lowlevel.spectral_centroid.mean": [0.32862162590026855], "lowlevel.spectral_contrast.mean": [[0.441874623298645, 0.5776208639144897, 0.658363938331604, 0.43024134635925293, 0.20319414138793945, 0.2524724006652832]], "lowlevel.dissonance.mean": [0.45622050762176514], "lowlevel.hfc.mean": [0.47145408391952515], "lowlevel.mfcc.mean": [[0.3674499988555908, 0.8498457670211792, 0.94120192527771, 0.6764475703239441, 0.5084219574928284, 0.3744776248931885, 0.4069288671016693, 0.3512296676635742, 0.43405622243881226, 0.41610339283943176, 0.48369476199150085, 0.48773208260536194, 0.42784684896469116]], "sfx.logattacktime.mean": [0.2056189775466919], "sfx.inharmonicity.mean": [0.4624083340167999]}