{"lowlevel.spectral_centroid.mean": [0.30494585633277893], "lowlevel.spectral_contrast.mean": [[0.7501908540725708, 0.6116453409194946, 0.4764430522918701, 0.43733930587768555, 0.4143862724304199, 0.30163025856018066]], "lowlevel.dissonance.mean": [0.4089597463607788], "lowlevel.hfc.mean": [0.46520692110061646], "lowlevel.mfcc.mean": [[0.3814443349838257, 0.8599282503128052, 0.7906091213226318, 0.4727725386619568, 0.7532029151916504, 0.7555913925170898, 0.605883777141571, 0.5136199593544006, 0.6247360110282898, 0.6287087202072144, 0.5573450326919556, 0.545684814453125, 0.7356387376785278]], "sfx.logattacktime.mean": [0.3495129644870758], "sfx.inharmonicity.mean": [0.20787744224071503]}