{"lowlevel.spectral_centroid.mean": [0.9438481330871582], "lowlevel.spectral_contrast.mean": [[0.4320673942565918, 0.5558315515518188, 0.699128270149231, 0.3523542881011963, 0.2232224941253662, 0.35823750495910645]], "lowlevel.dissonance.mean": [0.31543707847595215], "lowlevel.hfc.mean": [0.47694507241249084], "lowlevel.mfcc.mean": [[0.14606201648712158, 0.5718673467636108, 0.48293209075927734, 0.45557692646980286, 0.5122847557067871, 0.7976315021514893, 0.7228613495826721, 0.38682934641838074, 0.0756864845752716, -0.04156094789505005, 0.36152344942092896, 0.6369533538818359, 0.7680051326751709]], "sfx.logattacktime.mean": [0.3385608196258545], "sfx.inharmonicity.mean": [0.8613030910491943]}