{"lowlevel.spectral_centroid.mean": [0.44213739037513733], "lowlevel.spectral_contrast.mean": [[0.6621831059455872, 1.0565946102142334, 1.0572401285171509, 1.0235151052474976, 0.9888918399810791, 0.6613552570343018]], "lowlevel.dissonance.mean": [0.3624202013015747], "lowlevel.hfc.mean": [0.475283682346344], "lowlevel.mfcc.mean": [[0.5509598255157471, 0.44728419184684753, 0.16685572266578674, 0.34329527616500854, 0.16723474860191345, -0.014235883951187134, 0.07624176144599915, 0.27864474058151245, 0.39798569679260254, 0.187484472990036, 0.0792369544506073, 0.2428886741399765, 0.3676510453224182]], "sfx.logattacktime.mean": [0.6030018329620361], "sfx.inharmonicity.mean": [0.35782068967819214]}