{"lowlevel.spectral_centroid.mean": [0.3537025451660156], "lowlevel.spectral_contrast.mean": [[1.2338476181030273, 1.2262274026870728, 1.3998459577560425, 1.0766901969909668, 0.6827852725982666, 0.2634623050689697]], "lowlevel.dissonance.mean": [-0.4992189407348633], "lowlevel.hfc.mean": [0.4694611132144928], "lowlevel.mfcc.mean": [[0.5091211795806885, 1.041972279548645, 0.5821704864501953, -0.1690196990966797, 0.14420440793037415, 0.3204665184020996, 0.2609192132949829, 0.29707151651382446, 0.3303823471069336, 0.0599304735660553, -0.04666405916213989, -0.04564642906188965, -0.04040062427520752]], "sfx.logattacktime.mean": [0.3288668394088745], "sfx.inharmonicity.mean": [0.2015218585729599]}