{"lowlevel.spectral_centroid.mean": [0.4270159602165222], "lowlevel.spectral_contrast.mean": [[0.47128748893737793, 0.8610366582870483, 0.9285955429077148, 0.8907592296600342, 0.7768168449401855, 0.6590304374694824]], "lowlevel.dissonance.mean": [0.4568973779678345], "lowlevel.hfc.mean": [0.4897507429122925], "lowlevel.mfcc.mean": [[0.6821001768112183, 0.5333952903747559, 0.09866070747375488, 0.22481310367584229, 0.1257965862751007, 0.29022887349128723, 0.24842169880867004, 0.3068523406982422, 0.2990868091583252, 0.46385568380355835, 0.29851236939430237, 0.6158804893493652, 0.6595906019210815]], "sfx.logattacktime.mean": [0.9039202332496643], "sfx.inharmonicity.mean": [0.7069929838180542]}