{"lowlevel.spectral_centroid.mean": [0.6767087578773499], "lowlevel.spectral_contrast.mean": [[0.5514436960220337, 0.20229339599609375, 0.23862361907958984, 0.27432918548583984, 0.7836625576019287, 0.8647174835205078]], "lowlevel.dissonance.mean": [0.7307273149490356], "lowlevel.hfc.mean": [0.4764042794704437], "lowlevel.mfcc.mean": [[0.20708537101745605, 0.055995747447013855, 0.6067670583724976, 0.6501575708389282, 0.7147660255432129, 0.9582394957542419, 0.3005106449127197, 1.3303815126419067, 0.9460269212722778, 0.2708757817745209, 0.9711010456085205, 1.058984637260437, 0.549080491065979]], "sfx.logattacktime.mean": [0.45857566595077515], "sfx.inharmonicity.mean": [0.599591076374054]}