{"lowlevel.spectral_centroid.mean": [0.9030107259750366], "lowlevel.spectral_contrast.mean": [[0.5098592042922974, 0.20799899101257324, 0.2440032958984375, 0.5169925689697266, 0.5116679668426514, 0.705883264541626]], "lowlevel.dissonance.mean": [0.6721287965774536], "lowlevel.hfc.mean": [0.4893646538257599], "lowlevel.mfcc.mean": [[0.1607576608657837, 0.17239251732826233, 0.6044929027557373, 0.5261244773864746, 0.7237786650657654, 0.8670580387115479, 1.0098841190338135, 0.8794956207275391, 0.3439127802848816, 0.7853517532348633, 1.0166573524475098, 0.5173566341400146, 1.3297827243804932]], "sfx.logattacktime.mean": [0.6405686736106873], "sfx.inharmonicity.mean": [0.531599760055542]}