{"lowlevel.spectral_centroid.mean": [0.4587899148464203], "lowlevel.spectral_contrast.mean": [[1.0343680381774902, 1.027768611907959, 1.4632370471954346, 1.5524736642837524, 1.1339176893234253, 0.5230276584625244]], "lowlevel.dissonance.mean": [-0.1571480631828308], "lowlevel.hfc.mean": [0.4860454499721527], "lowlevel.mfcc.mean": [[0.5106216669082642, 0.6132222414016724, 0.008609771728515625, -0.13822990655899048, 0.1775873899459839, 0.38985490798950195, 0.38205063343048096, 0.1963581144809723, 0.3284122347831726, 0.47748395800590515, 0.13699224591255188, -0.3005170226097107, -0.08092355728149414]], "sfx.logattacktime.mean": [0.22069400548934937], "sfx.inharmonicity.mean": [0.22367128729820251]}