{"lowlevel.spectral_centroid.mean": [0.44227978587150574], "lowlevel.spectral_contrast.mean": [[0.13370513916015625, 1.2145006656646729, 1.453690528869629, 1.281661033630371, 1.0136058330535889, 0.577415943145752]], "lowlevel.dissonance.mean": [0.5169413089752197], "lowlevel.hfc.mean": [0.4861254096031189], "lowlevel.mfcc.mean": [[0.5355261564254761, 0.44597747921943665, -0.45720043778419495, -0.03263789415359497, 0.2657902240753174, 0.20453223586082458, 0.21693333983421326, -0.04835623502731323, 0.05224674940109253, 0.19661271572113037, 0.21133196353912354, 0.5003633499145508, 0.7809450626373291]], "sfx.logattacktime.mean": [0.4250947833061218], "sfx.inharmonicity.mean": [0.539146900177002]}