{"lowlevel.spectral_centroid.mean": [0.465243399143219], "lowlevel.spectral_contrast.mean": [[0.3738745450973511, 0.8769351243972778, 1.2095521688461304, 1.110527753829956, 1.033517599105835, 0.7428076267242432]], "lowlevel.dissonance.mean": [0.37813591957092285], "lowlevel.hfc.mean": [0.4739691913127899], "lowlevel.mfcc.mean": [[0.619958758354187, 0.37867113947868347, -0.04774919152259827, 0.3080185353755951, 0.10755768418312073, 0.10207077860832214, 0.22569924592971802, 0.3964674770832062, 0.5802396535873413, 0.5332487225532532, 0.20821624994277954, 0.4279611110687256, 0.6020718812942505]], "sfx.logattacktime.mean": [0.9900110960006714], "sfx.inharmonicity.mean": [0.5329573750495911]}