{"lowlevel.spectral_centroid.mean": [0.456913560628891], "lowlevel.spectral_contrast.mean": [[0.4381070137023926, 0.38401198387145996, 0.6249775886535645, 0.7623869180679321, 0.8037209510803223, 0.7115283012390137]], "lowlevel.dissonance.mean": [0.7340991497039795], "lowlevel.hfc.mean": [0.47371020913124084], "lowlevel.mfcc.mean": [[0.39913463592529297, 0.5325151681900024, 0.19021141529083252, 0.5968113541603088, 0.789323091506958, 0.7917089462280273, 1.1480724811553955, 0.8214402794837952, 0.47189077734947205, 0.1616276204586029, 0.6448397636413574, 0.9004849791526794, 0.5294107794761658]], "sfx.logattacktime.mean": [0.49173375964164734], "sfx.inharmonicity.mean": [0.4525170624256134]}