{"lowlevel.spectral_centroid.mean": [0.46086516976356506], "lowlevel.spectral_contrast.mean": [[0.41513192653656006, 0.3184922933578491, 1.539959192276001, 1.1548097133636475, 1.5338016748428345, 1.028696060180664]], "lowlevel.dissonance.mean": [0.33441996574401855], "lowlevel.hfc.mean": [0.5675378441810608], "lowlevel.mfcc.mean": [[0.6291178464889526, 0.26515132188796997, 0.25389158725738525, 0.31861647963523865, 0.3702669143676758, 0.5827960968017578, 0.7879441380500793, 1.0946424007415771, 0.4178136885166168, -0.4628438949584961, 0.042431414127349854, 1.5732474327087402, 2.311445713043213]], "sfx.logattacktime.mean": [0.5065879821777344], "sfx.inharmonicity.mean": [0.5405640006065369]}