{"lowlevel.spectral_centroid.mean": [0.3397851288318634], "lowlevel.spectral_contrast.mean": [[0.5506232976913452, 0.9325982332229614, 0.34275054931640625, 0.28834033012390137, 0.2307446002960205, 0.2790071964263916]], "lowlevel.dissonance.mean": [-0.37073105573654175], "lowlevel.hfc.mean": [0.4676506817340851], "lowlevel.mfcc.mean": [[0.22098517417907715, 0.4789765179157257, 0.6897389888763428, 0.5093590617179871, 0.42248743772506714, 0.31318971514701843, 0.21385928988456726, 0.2050119936466217, 0.4075103998184204, 0.5212775468826294, 0.7036538124084473, 0.7114905118942261, 0.6269114017486572]], "sfx.logattacktime.mean": [0.2294040024280548], "sfx.inharmonicity.mean": [0.4494621157646179]}