{"lowlevel.spectral_centroid.mean": [0.36356213688850403], "lowlevel.spectral_contrast.mean": [[0.3329155445098877, 1.0706753730773926, 0.6902947425842285, 0.5449230670928955, 0.40012335777282715, 0.32461977005004883]], "lowlevel.dissonance.mean": [-0.0077301859855651855], "lowlevel.hfc.mean": [0.47375088930130005], "lowlevel.mfcc.mean": [[0.23688578605651855, 0.5543891787528992, 0.6911288499832153, 0.4572010338306427, 0.47648945450782776, 0.35380566120147705, 0.25427478551864624, 0.12978538870811462, 0.08339855074882507, 0.02694198489189148, 0.17208445072174072, 0.32997268438339233, 0.46145322918891907]], "sfx.logattacktime.mean": [0.24793729186058044], "sfx.inharmonicity.mean": [0.21206286549568176]}