{"lowlevel.spectral_centroid.mean": [0.3229369521141052], "lowlevel.spectral_contrast.mean": [[0.783762514591217, 1.012105107307434, 0.7854589223861694, 0.7358711957931519, 0.5803248882293701, 0.4143831729888916]], "lowlevel.dissonance.mean": [-0.11312258243560791], "lowlevel.hfc.mean": [0.4657124876976013], "lowlevel.mfcc.mean": [[0.4345329999923706, 0.9623425006866455, 0.8094764947891235, 0.3535938858985901, 0.4602309465408325, 0.45703646540641785, 0.5122619867324829, 0.47620025277137756, 0.421916663646698, 0.35989004373550415, 0.3774675726890564, 0.25121769309043884, 0.16734924912452698]], "sfx.logattacktime.mean": [0.386054128408432], "sfx.inharmonicity.mean": [0.2040170133113861]}