{"lowlevel.spectral_centroid.mean": [0.36559224128723145], "lowlevel.spectral_contrast.mean": [[0.7933847904205322, 0.821952223777771, 0.9222620725631714, 0.7985624074935913, 0.8290088176727295, 0.6632580757141113]], "lowlevel.dissonance.mean": [0.35731780529022217], "lowlevel.hfc.mean": [0.468643456697464], "lowlevel.mfcc.mean": [[0.6860145330429077, 0.7159682512283325, 0.3281380534172058, 0.49538111686706543, 0.308216392993927, 0.09610259532928467, 0.0001742243766784668, 0.31336119771003723, 0.18765902519226074, 0.16942724585533142, -0.09429705142974854, 0.03977981209754944, 0.2676757872104645]], "sfx.logattacktime.mean": [0.6516287326812744], "sfx.inharmonicity.mean": [0.6345438957214355]}