{"lowlevel.spectral_centroid.mean": [0.363250732421875], "lowlevel.spectral_contrast.mean": [[0.6823247671127319, 0.36449968814849854, 0.31912660598754883, 0.35596299171447754, 0.4116795063018799, 0.2859456539154053]], "lowlevel.dissonance.mean": [0.4808768033981323], "lowlevel.hfc.mean": [0.4686902165412903], "lowlevel.mfcc.mean": [[0.1796783208847046, 0.3699250817298889, 0.6262595057487488, 0.7181928157806396, 0.7692765593528748, 0.6029316186904907, 0.6469927430152893, 0.6141806840896606, 0.5927228331565857, 0.5788310766220093, 0.5196830630302429, 0.3767663240432739, 0.346133828163147]], "sfx.logattacktime.mean": [0.3557237684726715], "sfx.inharmonicity.mean": [0.2701197862625122]}