{"lowlevel.spectral_centroid.mean": [0.3780561685562134], "lowlevel.spectral_contrast.mean": [[0.5199003219604492, 1.0959370136260986, 0.9795519113540649, 0.8553271293640137, 1.04574453830719, 0.6747827529907227]], "lowlevel.dissonance.mean": [0.5044817924499512], "lowlevel.hfc.mean": [0.48491573333740234], "lowlevel.mfcc.mean": [[0.771957516670227, 0.6304513216018677, 0.049265652894973755, 0.5841010808944702, 0.2905879616737366, 0.1721990704536438, 0.23197433352470398, 0.34370243549346924, 0.17780590057373047, 0.013865798711776733, 0.3420335352420807, 0.6002918481826782, 0.8620519638061523]], "sfx.logattacktime.mean": [0.2850267291069031], "sfx.inharmonicity.mean": [1.0354825258255005]}