{"lowlevel.spectral_centroid.mean": [0.30511048436164856], "lowlevel.spectral_contrast.mean": [[0.26572883129119873, 0.3988828659057617, 0.42070794105529785, 0.3315918445587158, 0.2700796127319336, 0.26866841316223145]], "lowlevel.dissonance.mean": [0.2519434690475464], "lowlevel.hfc.mean": [0.46509721875190735], "lowlevel.mfcc.mean": [[0.2523336410522461, 0.6931381225585938, 1.009734869003296, 0.772400975227356, 0.6478292942047119, 0.555151104927063, 0.5867762565612793, 0.525052547454834, 0.5060157775878906, 0.46093374490737915, 0.49947690963745117, 0.49159371852874756, 0.500363826751709]], "sfx.logattacktime.mean": [0.4016667604446411], "sfx.inharmonicity.mean": [0.2116129994392395]}