{"lowlevel.spectral_centroid.mean": [0.46158432960510254], "lowlevel.spectral_contrast.mean": [[0.17460763454437256, 0.2961452007293701, 1.0114847421646118, 0.6095213890075684, 0.5585544109344482, 0.5782265663146973]], "lowlevel.dissonance.mean": [0.37246131896972656], "lowlevel.hfc.mean": [0.4726486802101135], "lowlevel.mfcc.mean": [[0.40169453620910645, 0.14847920835018158, 0.111447274684906, 0.08632132411003113, 0.1267877221107483, 0.8874157071113586, 1.0198283195495605, 0.5838794708251953, 0.49187079071998596, 0.2194305658340454, 0.3514147996902466, 0.4686324894428253, 0.8562194108963013]], "sfx.logattacktime.mean": [0.5420700311660767], "sfx.inharmonicity.mean": [0.5974114537239075]}