{"lowlevel.spectral_centroid.mean": [0.6036343574523926], "lowlevel.spectral_contrast.mean": [[0.554173469543457, 0.617424726486206, 0.5333837270736694, 0.4561905860900879, 0.5300116539001465, 0.348207950592041]], "lowlevel.dissonance.mean": [0.45005130767822266], "lowlevel.hfc.mean": [0.46923819184303284], "lowlevel.mfcc.mean": [[0.2798805236816406, 0.3889581561088562, 0.4402894675731659, 0.6408220529556274, 0.6274296641349792, 0.2677367031574249, 0.2530762851238251, 0.24979360401630402, 0.27211126685142517, 0.46311989426612854, 0.420306533575058, 0.16974252462387085, 0.238826721906662]], "sfx.logattacktime.mean": [0.3183751404285431], "sfx.inharmonicity.mean": [0.47062283754348755]}