{"lowlevel.spectral_centroid.mean": [0.3280096650123596], "lowlevel.spectral_contrast.mean": [[0.6867803931236267, 0.6357501745223999, 0.6270055770874023, 0.4384744167327881, 0.5190918445587158, 0.45276689529418945]], "lowlevel.dissonance.mean": [0.1481398344039917], "lowlevel.hfc.mean": [0.469102144241333], "lowlevel.mfcc.mean": [[0.4048198461532593, 0.8159865140914917, 0.8531678318977356, 0.6384252309799194, 0.8022506237030029, 0.38224098086357117, 0.3352309465408325, 0.45363959670066833, 0.365362286567688, 0.35312604904174805, 0.17745384573936462, 0.11746573448181152, 0.22373223304748535]], "sfx.logattacktime.mean": [0.7895846962928772], "sfx.inharmonicity.mean": [0.2571709454059601]}