{"lowlevel.spectral_centroid.mean": [0.38071802258491516], "lowlevel.spectral_contrast.mean": [[0.3410513401031494, 0.9651491641998291, 0.691211462020874, 0.7714622020721436, 0.6626372337341309, 0.5113201141357422]], "lowlevel.dissonance.mean": [0.25597429275512695], "lowlevel.hfc.mean": [0.46822673082351685], "lowlevel.mfcc.mean": [[0.4484834671020508, 0.387062132358551, 0.3452439606189728, 0.4991959035396576, 0.3023161292076111, 0.15305399894714355, 0.19658628106117249, 0.06001734733581543, 0.09406843781471252, 0.30127185583114624, 0.4062801003456116, 0.519258975982666, 0.8157222270965576]], "sfx.logattacktime.mean": [0.40292632579803467], "sfx.inharmonicity.mean": [0.26536238193511963]}