{"lowlevel.spectral_centroid.mean": [0.45834973454475403], "lowlevel.spectral_contrast.mean": [[0.8765016198158264, 0.3835374116897583, 0.30294370651245117, 0.3373572826385498, 0.38538455963134766, 0.4533376693725586]], "lowlevel.dissonance.mean": [0.5531059503555298], "lowlevel.hfc.mean": [0.48105672001838684], "lowlevel.mfcc.mean": [[0.7104395627975464, 0.2652849853038788, 0.896239161491394, 1.0000516176223755, 1.0252554416656494, 0.9384121894836426, 0.7568988800048828, 0.622028112411499, 0.4395033121109009, 0.34056949615478516, 0.2185780107975006, 0.14611729979515076, 0.07585608959197998]], "sfx.logattacktime.mean": [0.43978968262672424], "sfx.inharmonicity.mean": [0.34519559144973755]}