{"lowlevel.spectral_centroid.mean": [0.34759649634361267], "lowlevel.spectral_contrast.mean": [[0.6886733174324036, 1.348177433013916, 1.1510263681411743, 1.2420023679733276, 0.9401071071624756, 0.6239087581634521]], "lowlevel.dissonance.mean": [0.16561293601989746], "lowlevel.hfc.mean": [0.5027573108673096], "lowlevel.mfcc.mean": [[0.7167681455612183, 0.7252856492996216, 0.12056171894073486, 0.3786085844039917, 0.11806410551071167, 0.21911852061748505, 0.2456473708152771, 0.2678087055683136, 0.5051591396331787, 0.199196457862854, 0.34792011976242065, 0.735639214515686, 0.6605169177055359]], "sfx.logattacktime.mean": [0.4999214708805084], "sfx.inharmonicity.mean": [0.2967926263809204]}