{"lowlevel.spectral_centroid.mean": [0.8449496030807495], "lowlevel.spectral_contrast.mean": [[0.1611868143081665, 0.31201791763305664, 0.3050682544708252, 0.36985015869140625, 0.3896598815917969, 0.4540839195251465]], "lowlevel.dissonance.mean": [0.7538871765136719], "lowlevel.hfc.mean": [0.4653804898262024], "lowlevel.mfcc.mean": [[0.4631469249725342, -0.10081779956817627, 0.02263009548187256, 0.25772297382354736, 0.2749535143375397, 0.327144980430603, 0.46524351835250854, 0.46592214703559875, 0.6492462158203125, 0.6272059679031372, 0.6019580364227295, 0.5656021237373352, 0.5004461407661438]], "sfx.logattacktime.mean": [0.760206401348114], "sfx.inharmonicity.mean": [1.1804447174072266]}