{"lowlevel.spectral_centroid.mean": [0.44411617517471313], "lowlevel.spectral_contrast.mean": [[0.2642171382904053, 0.48214590549468994, 0.7271507978439331, 0.7771247625350952, 0.8342103958129883, 0.48131799697875977]], "lowlevel.dissonance.mean": [0.6326597929000854], "lowlevel.hfc.mean": [0.47634488344192505], "lowlevel.mfcc.mean": [[0.5683789253234863, 0.5514041781425476, -0.03284230828285217, 0.14859220385551453, 0.25474298000335693, 0.1312669813632965, 0.42240771651268005, 0.646331250667572, 0.789232611656189, 0.6234297752380371, 0.2910807132720947, 0.20436209440231323, 0.45107412338256836]], "sfx.logattacktime.mean": [0.4552515149116516], "sfx.inharmonicity.mean": [0.7652950286865234]}