{"lowlevel.spectral_centroid.mean": [0.3312654197216034], "lowlevel.spectral_contrast.mean": [[0.6742451190948486, 0.7633548974990845, 0.5631942749023438, 0.3914451599121094, 0.3431997299194336, 0.3294658660888672]], "lowlevel.dissonance.mean": [0.32242703437805176], "lowlevel.hfc.mean": [0.46757638454437256], "lowlevel.mfcc.mean": [[0.3132823705673218, 0.643802285194397, 0.6762692332267761, 0.4388132691383362, 0.29936647415161133, 0.1846739649772644, 0.1765974462032318, 8.165836334228516e-05, 0.04298079013824463, 0.024640440940856934, -0.02306962013244629, 0.06511285901069641, 0.23357096314430237]], "sfx.logattacktime.mean": [0.21860650181770325], "sfx.inharmonicity.mean": [0.24493998289108276]}