{"lowlevel.spectral_centroid.mean": [0.33026859164237976], "lowlevel.spectral_contrast.mean": [[0.9981046915054321, 1.242459774017334, 0.8664038181304932, 0.991534948348999, 0.8190736770629883, 0.5569212436676025]], "lowlevel.dissonance.mean": [0.2437446117401123], "lowlevel.hfc.mean": [0.47333377599716187], "lowlevel.mfcc.mean": [[0.6402969360351562, 0.8839178085327148, 0.2650906443595886, 0.608389139175415, 0.4393802583217621, 0.07898193597793579, 0.17977997660636902, 0.08670297265052795, 0.17271119356155396, 0.10076409578323364, 0.12004375457763672, 0.476518839597702, 0.7449473738670349]], "sfx.logattacktime.mean": [0.6527015566825867], "sfx.inharmonicity.mean": [0.27918383479118347]}