{"lowlevel.spectral_centroid.mean": [0.4901317358016968], "lowlevel.spectral_contrast.mean": [[0.49855268001556396, 0.3644599914550781, 0.49843645095825195, 1.7634286880493164, 1.5885045528411865, 1.035585880279541]], "lowlevel.dissonance.mean": [0.5600411891937256], "lowlevel.hfc.mean": [0.6563037633895874], "lowlevel.mfcc.mean": [[0.7306921482086182, 0.25463801622390747, 0.31394246220588684, 0.33023640513420105, 0.39536258578300476, 0.7300426959991455, 0.7722867131233215, 1.1804776191711426, -0.25805389881134033, 0.0791279673576355, 0.5973575115203857, 2.104288339614868, 1.3199968338012695]], "sfx.logattacktime.mean": [0.5987724661827087], "sfx.inharmonicity.mean": [0.5948435068130493]}