{"lowlevel.spectral_centroid.mean": [0.34955012798309326], "lowlevel.spectral_contrast.mean": [[0.5909078121185303, 0.8882046937942505, 0.6548800468444824, 0.6300902366638184, 0.48995113372802734, 0.354539155960083]], "lowlevel.dissonance.mean": [-0.049934446811676025], "lowlevel.hfc.mean": [0.4651188552379608], "lowlevel.mfcc.mean": [[0.2689857482910156, 0.5638435482978821, 0.5035709142684937, 0.20938284695148468, 0.2989027500152588, 0.03172144293785095, -0.102425217628479, 0.012277960777282715, 0.3493000864982605, 0.5228248834609985, 0.4731113910675049, 0.3496546149253845, 0.3795701265335083]], "sfx.logattacktime.mean": [0.6119592189788818], "sfx.inharmonicity.mean": [0.3443564772605896]}