{"lowlevel.spectral_centroid.mean": [0.6025360226631165], "lowlevel.spectral_contrast.mean": [[0.38651883602142334, 0.21054065227508545, 0.21333885192871094, 0.23558974266052246, 0.9407916069030762, 0.3473358154296875]], "lowlevel.dissonance.mean": [0.7435798645019531], "lowlevel.hfc.mean": [0.46964141726493835], "lowlevel.mfcc.mean": [[0.09824669361114502, 0.13494300842285156, 0.4353141486644745, 0.578738272190094, 0.6149479150772095, 0.30775853991508484, 0.6909757256507874, 0.8073314428329468, 0.27740049362182617, 0.6965450048446655, 0.8390952348709106, 0.4199717342853546, 0.45464441180229187]], "sfx.logattacktime.mean": [0.18943509459495544], "sfx.inharmonicity.mean": [1.1145899295806885]}