{"lowlevel.spectral_centroid.mean": [0.3678341209888458], "lowlevel.spectral_contrast.mean": [[0.23964619636535645, 0.47946882247924805, 0.6723451614379883, 0.3692445755004883, 0.2881484031677246, 0.31156492233276367]], "lowlevel.dissonance.mean": [0.3364996910095215], "lowlevel.hfc.mean": [0.46511974930763245], "lowlevel.mfcc.mean": [[0.14004671573638916, 0.2870820164680481, 0.4587284028530121, 0.3256900906562805, 0.25213921070098877, 0.17037060856819153, 0.28274643421173096, 0.3758505582809448, 0.5989744067192078, 0.7536154985427856, 0.7713092565536499, 0.6085665225982666, 0.3224412202835083]], "sfx.logattacktime.mean": [0.1955377161502838], "sfx.inharmonicity.mean": [0.33246904611587524]}