{"lowlevel.spectral_centroid.mean": [0.4642765522003174], "lowlevel.spectral_contrast.mean": [[0.28711390495300293, 0.29694557189941406, 0.6990411281585693, 1.1692652702331543, 0.32747364044189453, 0.34795594215393066]], "lowlevel.dissonance.mean": [0.5225529670715332], "lowlevel.hfc.mean": [0.6309921741485596], "lowlevel.mfcc.mean": [[0.47519373893737793, 0.49663278460502625, 0.3542941212654114, 0.027259916067123413, 0.4664364755153656, 0.8116601705551147, 0.6348634958267212, 0.4390324652194977, 0.5167148113250732, 0.6323574185371399, 0.4017632007598877, -0.1044570803642273, 0.03697815537452698]], "sfx.logattacktime.mean": [0.5259360671043396], "sfx.inharmonicity.mean": [0.6001478433609009]}