{"lowlevel.spectral_centroid.mean": [0.3715389370918274], "lowlevel.spectral_contrast.mean": [[1.1519228219985962, 1.1622443199157715, 1.1214208602905273, 1.015488862991333, 0.7685251235961914, 0.6790478229522705]], "lowlevel.dissonance.mean": [0.06432032585144043], "lowlevel.hfc.mean": [0.46648502349853516], "lowlevel.mfcc.mean": [[0.5450700521469116, 0.6588625907897949, 0.029727578163146973, -0.05354192852973938, -0.10448509454727173, 0.050137460231781006, -0.1324557065963745, -0.2832544445991516, -0.24868130683898926, -0.14740729331970215, 0.046905457973480225, 0.1400846242904663, 0.277177631855011]], "sfx.logattacktime.mean": [0.39518022537231445], "sfx.inharmonicity.mean": [0.3225664496421814]}