{"lowlevel.spectral_centroid.mean": [0.30155467987060547], "lowlevel.spectral_contrast.mean": [[0.6476263999938965, 0.4306211471557617, 0.25503993034362793, 0.15330052375793457, 0.1467595100402832, 0.20056748390197754]], "lowlevel.dissonance.mean": [0.1670522689819336], "lowlevel.hfc.mean": [0.46529480814933777], "lowlevel.mfcc.mean": [[0.18479156494140625, 0.5160520076751709, 0.9287146329879761, 0.9522953629493713, 0.9743915796279907, 0.8472200632095337, 0.7752426862716675, 0.6712055206298828, 0.6678285598754883, 0.6044094562530518, 0.5962197780609131, 0.5518205165863037, 0.5508166551589966]], "sfx.logattacktime.mean": [0.22048014402389526], "sfx.inharmonicity.mean": [0.20013487339019775]}