{"lowlevel.spectral_centroid.mean": [0.6976313591003418], "lowlevel.spectral_contrast.mean": [[0.24940550327301025, 0.2292172908782959, 0.308056116104126, 0.3002007007598877, 0.38390254974365234, 0.5648415088653564]], "lowlevel.dissonance.mean": [0.7268456220626831], "lowlevel.hfc.mean": [0.4652966558933258], "lowlevel.mfcc.mean": [[0.26707160472869873, 0.2566099166870117, 0.257071316242218, 0.46790629625320435, 0.28242459893226624, 0.396132230758667, 0.38364195823669434, 0.44216546416282654, 0.14560893177986145, 0.4001457691192627, 0.349027156829834, 0.43678420782089233, 0.29060113430023193]], "sfx.logattacktime.mean": [0.5912941098213196], "sfx.inharmonicity.mean": [0.5947531461715698]}