{"lowlevel.spectral_centroid.mean": [0.34288489818573], "lowlevel.spectral_contrast.mean": [[0.7530628442764282, 0.7972598075866699, 0.6500368118286133, 0.6729694604873657, 0.5801901817321777, 0.39847278594970703]], "lowlevel.dissonance.mean": [0.3686169385910034], "lowlevel.hfc.mean": [0.4667249619960785], "lowlevel.mfcc.mean": [[0.4847327470779419, 0.6294337511062622, 0.46563541889190674, 0.4460410177707672, 0.5576293468475342, 0.3666466474533081, 0.2895434498786926, 0.1480347216129303, 0.06070578098297119, 0.007663905620574951, 0.1499207317829132, 0.015045404434204102, -0.1336095929145813]], "sfx.logattacktime.mean": [0.5669432282447815], "sfx.inharmonicity.mean": [0.29009658098220825]}