{"lowlevel.spectral_centroid.mean": [0.3128446936607361], "lowlevel.spectral_contrast.mean": [[0.4466665983200073, 0.5371845960617065, 0.21084237098693848, 0.17061781883239746, 0.16281485557556152, 0.20641446113586426]], "lowlevel.dissonance.mean": [0.2369394302368164], "lowlevel.hfc.mean": [0.46528160572052], "lowlevel.mfcc.mean": [[0.15744590759277344, 0.47942206263542175, 0.9278156757354736, 0.9773145914077759, 1.031785249710083, 0.8943854570388794, 0.7849103212356567, 0.6060714721679688, 0.5107013583183289, 0.4019286036491394, 0.3935699462890625, 0.3767603039741516, 0.42425867915153503]], "sfx.logattacktime.mean": [0.20961406826972961], "sfx.inharmonicity.mean": [0.19111232459545135]}