{"lowlevel.spectral_centroid.mean": [0.33373892307281494], "lowlevel.spectral_contrast.mean": [[0.6212629079818726, 0.6465675830841064, 0.5565567016601562, 0.5190517902374268, 0.4917435646057129, 0.5621559619903564]], "lowlevel.dissonance.mean": [0.5585447549819946], "lowlevel.hfc.mean": [0.4735618829727173], "lowlevel.mfcc.mean": [[0.8643790483474731, 0.7809325456619263, 0.5451887249946594, 0.6613667011260986, 0.5210484862327576, 0.6179004907608032, 0.5320842862129211, 0.5646054744720459, 0.489522248506546, 0.5191864371299744, 0.4740027189254761, 0.5353426337242126, 0.5313172340393066]], "sfx.logattacktime.mean": [0.5940189361572266], "sfx.inharmonicity.mean": [0.2920944094657898]}