{"lowlevel.spectral_centroid.mean": [0.36952778697013855], "lowlevel.spectral_contrast.mean": [[0.7239022850990295, 0.7398554086685181, 0.48160552978515625, 0.34534215927124023, 0.2287731170654297, 0.20900440216064453]], "lowlevel.dissonance.mean": [-0.12694871425628662], "lowlevel.hfc.mean": [0.4662860631942749], "lowlevel.mfcc.mean": [[0.20338678359985352, 0.5359359383583069, 0.7958009243011475, 0.6332300305366516, 0.6947692036628723, 0.6634871363639832, 0.6570974588394165, 0.6163060665130615, 0.692315936088562, 0.6836196184158325, 0.6788414716720581, 0.6398749947547913, 0.628045380115509]], "sfx.logattacktime.mean": [0.22636348009109497], "sfx.inharmonicity.mean": [0.25732022523880005]}