{"lowlevel.spectral_centroid.mean": [0.3743574619293213], "lowlevel.spectral_contrast.mean": [[0.3066849708557129, 0.8186750411987305, 0.8753387928009033, 0.7185455560684204, 0.4364469051361084, 0.22333621978759766]], "lowlevel.dissonance.mean": [0.013551712036132812], "lowlevel.hfc.mean": [0.46807825565338135], "lowlevel.mfcc.mean": [[0.31010961532592773, 0.667561411857605, 0.49733033776283264, -0.11211711168289185, -0.01032218337059021, 0.14967778325080872, 0.3636922836303711, 0.4829672574996948, 0.47759997844696045, 0.36293497681617737, 0.4940529763698578, 0.7152464389801025, 0.8481111526489258]], "sfx.logattacktime.mean": [0.36223554611206055], "sfx.inharmonicity.mean": [0.4214612543582916]}