{"lowlevel.spectral_centroid.mean": [0.41294270753860474], "lowlevel.spectral_contrast.mean": [[0.2536005973815918, 0.5651086568832397, 0.7066415548324585, 0.7042725086212158, 0.6047871112823486, 0.4536783695220947]], "lowlevel.dissonance.mean": [0.23875701427459717], "lowlevel.hfc.mean": [0.46646848320961], "lowlevel.mfcc.mean": [[0.25759708881378174, 0.472482830286026, 0.3525035083293915, 0.0904679000377655, 0.2586439847946167, 0.39668411016464233, 0.5970188975334167, 0.621761679649353, 0.6828258037567139, 0.6582791209220886, 0.5932093858718872, 0.2865179777145386, 0.21239635348320007]], "sfx.logattacktime.mean": [0.5436452627182007], "sfx.inharmonicity.mean": [0.435514360666275]}