{"lowlevel.spectral_centroid.mean": [0.33531200885772705], "lowlevel.spectral_contrast.mean": [[0.40255796909332275, 0.4569209814071655, 0.5820989608764648, 0.3125584125518799, 0.3319969177246094, 0.29384922981262207]], "lowlevel.dissonance.mean": [0.43943119049072266], "lowlevel.hfc.mean": [0.4688202142715454], "lowlevel.mfcc.mean": [[0.22472822666168213, 0.479666531085968, 0.6886394619941711, 0.5472045540809631, 0.5285812020301819, 0.47006362676620483, 0.6568938493728638, 0.813382625579834, 0.7873797416687012, 0.4631231129169464, 0.24737480282783508, 0.19193121790885925, 0.48854589462280273]], "sfx.logattacktime.mean": [0.18562036752700806], "sfx.inharmonicity.mean": [0.307955265045166]}