{"lowlevel.spectral_centroid.mean": [0.3479550778865814], "lowlevel.spectral_contrast.mean": [[0.9924050569534302, 0.78056800365448, 0.9326738119125366, 0.8372898101806641, 0.37589383125305176, 0.16230344772338867]], "lowlevel.dissonance.mean": [0.13665175437927246], "lowlevel.hfc.mean": [0.46793150901794434], "lowlevel.mfcc.mean": [[0.48391175270080566, 1.097028136253357, 0.8290238380432129, -0.03267031908035278, -0.030920326709747314, 0.22288355231285095, 0.32929307222366333, 0.18778502941131592, 0.17888110876083374, 0.18724209070205688, 0.16239777207374573, 0.040067464113235474, 0.07690614461898804]], "sfx.logattacktime.mean": [0.4968426823616028], "sfx.inharmonicity.mean": [0.35534924268722534]}