{"lowlevel.spectral_centroid.mean": [0.7966810464859009], "lowlevel.spectral_contrast.mean": [[0.22002458572387695, 0.1551116704940796, 0.6830190420150757, 0.6177628040313721, 0.3531346321105957, 0.3542201519012451]], "lowlevel.dissonance.mean": [0.4281567335128784], "lowlevel.hfc.mean": [0.48602649569511414], "lowlevel.mfcc.mean": [[0.15736103057861328, 0.2593092620372772, 0.310575395822525, 0.026555299758911133, 0.44783931970596313, 0.5901769399642944, 0.7773621082305908, 0.45795756578445435, 0.208274245262146, 0.08985674381256104, 0.4477878212928772, 0.7816094756126404, 0.7134160995483398]], "sfx.logattacktime.mean": [0.34752312302589417], "sfx.inharmonicity.mean": [0.8011990785598755]}