{"lowlevel.spectral_centroid.mean": [0.6282576322555542], "lowlevel.spectral_contrast.mean": [[0.3750876188278198, 0.20470130443572998, 0.2510097026824951, 0.7734599113464355, 0.7630605697631836, 0.5921995639801025]], "lowlevel.dissonance.mean": [0.7417473793029785], "lowlevel.hfc.mean": [0.501154899597168], "lowlevel.mfcc.mean": [[0.1763617992401123, 0.15164272487163544, 0.4384714961051941, 0.46745961904525757, 0.752801239490509, 1.0398447513580322, 0.6923625469207764, 0.20722094178199768, 0.8081567287445068, 1.3097949028015137, 0.3675016760826111, 0.9011681079864502, -0.023864686489105225]], "sfx.logattacktime.mean": [0.6318650841712952], "sfx.inharmonicity.mean": [0.7244323492050171]}