{"lowlevel.spectral_centroid.mean": [0.4945298135280609], "lowlevel.spectral_contrast.mean": [[0.41995322704315186, 0.49072563648223877, 0.5051156282424927, 0.49613404273986816, 0.5613470077514648, 0.5989797115325928]], "lowlevel.dissonance.mean": [0.6268446445465088], "lowlevel.hfc.mean": [0.4684070646762848], "lowlevel.mfcc.mean": [[0.61482834815979, 0.7818293571472168, 0.40165820717811584, 0.6059190034866333, 0.5510711669921875, 0.5892775058746338, 0.4891570508480072, 0.5643121004104614, 0.5506429076194763, 0.5460013151168823, 0.5073813796043396, 0.5210049748420715, 0.5000826716423035]], "sfx.logattacktime.mean": [0.7784876227378845], "sfx.inharmonicity.mean": [0.42201682925224304]}