{"lowlevel.spectral_centroid.mean": [0.35471099615097046], "lowlevel.spectral_contrast.mean": [[0.810964047908783, 0.36298859119415283, 0.2608764171600342, 0.2839968204498291, 0.3238859176635742, 0.38794660568237305]], "lowlevel.dissonance.mean": [0.590679407119751], "lowlevel.hfc.mean": [0.46821877360343933], "lowlevel.mfcc.mean": [[0.5211398601531982, 0.29667457938194275, 0.9515103697776794, 1.0854377746582031, 1.143371820449829, 1.081115961074829, 0.911578357219696, 0.7840089797973633, 0.5894789099693298, 0.486298531293869, 0.34780851006507874, 0.27702760696411133, 0.1966686248779297]], "sfx.logattacktime.mean": [0.22487479448318481], "sfx.inharmonicity.mean": [0.23238125443458557]}