{"lowlevel.spectral_centroid.mean": [0.3435540497303009], "lowlevel.spectral_contrast.mean": [[0.3063396215438843, 0.5023218393325806, 0.278545618057251, 0.22460103034973145, 0.1963648796081543, 0.23471570014953613]], "lowlevel.dissonance.mean": [0.32555973529815674], "lowlevel.hfc.mean": [0.46532949805259705], "lowlevel.mfcc.mean": [[0.17183995246887207, 0.4356977641582489, 0.7666528224945068, 0.7201515436172485, 0.755096435546875, 0.6842479109764099, 0.6365833282470703, 0.5094740986824036, 0.4727897346019745, 0.44220733642578125, 0.4910160005092621, 0.473345547914505, 0.46301114559173584]], "sfx.logattacktime.mean": [0.16791275143623352], "sfx.inharmonicity.mean": [0.23761607706546783]}