{"lowlevel.spectral_centroid.mean": [0.3579649329185486], "lowlevel.spectral_contrast.mean": [[0.4393075704574585, 0.8097761869430542, 0.8774535655975342, 0.7602732181549072, 0.5954670906066895, 0.27523064613342285]], "lowlevel.dissonance.mean": [0.35578083992004395], "lowlevel.hfc.mean": [0.46642783284187317], "lowlevel.mfcc.mean": [[0.2562217712402344, 0.8634787797927856, 0.43700355291366577, 0.12334293127059937, 0.45228156447410583, 0.3845226764678955, 0.3253384232521057, 0.24728216230869293, 0.27583202719688416, 0.22090032696723938, 0.13712498545646667, 0.2561388611793518, 0.4474826753139496]], "sfx.logattacktime.mean": [0.28432926535606384], "sfx.inharmonicity.mean": [0.9441487789154053]}