{"lowlevel.spectral_centroid.mean": [0.5545182228088379], "lowlevel.spectral_contrast.mean": [[0.17063069343566895, 0.22727477550506592, 0.23607563972473145, 0.7955331802368164, 0.9673819541931152, 0.37873196601867676]], "lowlevel.dissonance.mean": [0.7042776346206665], "lowlevel.hfc.mean": [0.4682151675224304], "lowlevel.mfcc.mean": [[0.18233060836791992, 0.23732051253318787, 0.34979990124702454, 0.7054349184036255, 0.8653296232223511, 0.4633813500404358, 0.6398634314537048, 0.5919324159622192, 0.08515974879264832, 0.37047308683395386, 1.1821887493133545, 0.8589509725570679, -0.03410273790359497]], "sfx.logattacktime.mean": [0.21699222922325134], "sfx.inharmonicity.mean": [0.507335364818573]}