{"lowlevel.spectral_centroid.mean": [0.4715859889984131], "lowlevel.spectral_contrast.mean": [[0.3248971700668335, 0.7017910480499268, 0.710906982421875, 0.9003798961639404, 0.8414211273193359, 0.5409739017486572]], "lowlevel.dissonance.mean": [0.5322530269622803], "lowlevel.hfc.mean": [0.47106799483299255], "lowlevel.mfcc.mean": [[0.5810049772262573, 0.49916160106658936, -0.2010306417942047, 0.16172780096530914, -0.017196089029312134, -0.1230502724647522, 0.42233583331108093, 0.3206303119659424, 0.2908364534378052, 0.5632599592208862, 0.5594713687896729, 0.8385244011878967, 0.551794171333313]], "sfx.logattacktime.mean": [0.560606062412262], "sfx.inharmonicity.mean": [0.9070820808410645]}