{"lowlevel.spectral_centroid.mean": [0.7638902068138123], "lowlevel.spectral_contrast.mean": [[0.2205209732055664, 0.18720269203186035, 0.1904153823852539, 0.6344647407531738, 0.48119187355041504, 0.4461250305175781]], "lowlevel.dissonance.mean": [0.6996920108795166], "lowlevel.hfc.mean": [0.47314387559890747], "lowlevel.mfcc.mean": [[0.12540364265441895, 0.1004147082567215, 0.4581865072250366, 0.3633143901824951, 0.5487874746322632, 0.5343874096870422, 0.5294343829154968, 0.30240529775619507, 0.34697121381759644, 0.6870882511138916, 0.5438190698623657, 0.31324708461761475, 0.6247609257698059]], "sfx.logattacktime.mean": [0.5837199091911316], "sfx.inharmonicity.mean": [0.6597509980201721]}