{"lowlevel.spectral_centroid.mean": [0.6997578740119934], "lowlevel.spectral_contrast.mean": [[0.48440778255462646, 0.1902836561203003, 0.23473787307739258, 0.2702147960662842, 1.1457903385162354, 0.4129025936126709]], "lowlevel.dissonance.mean": [0.7139930725097656], "lowlevel.hfc.mean": [0.6309791207313538], "lowlevel.mfcc.mean": [[0.2239018678665161, 0.08548092097043991, 0.5560646057128906, 0.8374782204627991, 0.36476367712020874, 0.8519825339317322, 1.0899348258972168, 0.20937079191207886, 1.1182541847229004, 0.8603730201721191, 0.2062775194644928, 1.2188398838043213, 0.5639953017234802]], "sfx.logattacktime.mean": [0.5195330381393433], "sfx.inharmonicity.mean": [0.7799755334854126]}