{"lowlevel.spectral_centroid.mean": [0.8799819946289062], "lowlevel.spectral_contrast.mean": [[0.05025839805603027, 0.22095417976379395, 0.7914083003997803, 1.016045331954956, 0.18632769584655762, 0.14510631561279297]], "lowlevel.dissonance.mean": [-0.2137565016746521], "lowlevel.hfc.mean": [0.4748483896255493], "lowlevel.mfcc.mean": [[0.20516586303710938, 0.4316862225532532, 0.3146434426307678, -0.27960777282714844, -0.008448153734207153, 0.5003100633621216, 0.765754222869873, 0.5785733461380005, 0.49209386110305786, 0.6504388451576233, 0.8400806188583374, 0.5382341146469116, 0.0014656782150268555]], "sfx.logattacktime.mean": [0.4136851131916046], "sfx.inharmonicity.mean": [0.8458414077758789]}