{"lowlevel.spectral_centroid.mean": [0.6476840972900391], "lowlevel.spectral_contrast.mean": [[0.4433434009552002, 0.20026278495788574, 0.23308682441711426, 0.31024837493896484, 1.1351823806762695, 0.9056587219238281]], "lowlevel.dissonance.mean": [0.7284461259841919], "lowlevel.hfc.mean": [0.4925993084907532], "lowlevel.mfcc.mean": [[0.18187451362609863, 0.029375560581684113, 0.6625182032585144, 0.6186085939407349, 0.5390077829360962, 0.8029802441596985, 0.9608434438705444, 0.36252713203430176, 0.9075481295585632, 1.182707667350769, -0.10625338554382324, 1.3887299299240112, 0.45294374227523804]], "sfx.logattacktime.mean": [0.6387433409690857], "sfx.inharmonicity.mean": [0.6116009950637817]}