{"lowlevel.spectral_centroid.mean": [0.3375665843486786], "lowlevel.spectral_contrast.mean": [[0.7758299112319946, 1.0048447847366333, 0.6289021968841553, 0.5238580703735352, 0.3980090618133545, 0.27962756156921387]], "lowlevel.dissonance.mean": [-0.22356384992599487], "lowlevel.hfc.mean": [0.4700465798377991], "lowlevel.mfcc.mean": [[0.349601149559021, 0.7732949256896973, 0.7220907211303711, 0.27403712272644043, 0.131858229637146, -0.04931825399398804, -0.09440398216247559, -0.1591823697090149, -0.1302970051765442, -0.05632638931274414, 0.18497270345687866, 0.37487292289733887, 0.6163322329521179]], "sfx.logattacktime.mean": [0.7233772277832031], "sfx.inharmonicity.mean": [0.32508721947669983]}