{"lowlevel.spectral_centroid.mean": [0.4949411153793335], "lowlevel.spectral_contrast.mean": [[0.6480231881141663, 0.7232204675674438, 0.6516022682189941, 0.6021418571472168, 0.6621541976928711, 0.800316572189331]], "lowlevel.dissonance.mean": [0.609512209892273], "lowlevel.hfc.mean": [0.48605623841285706], "lowlevel.mfcc.mean": [[0.7556706666946411, 0.46557581424713135, 0.2940186858177185, 0.7016333341598511, 0.2733928859233856, 0.28481578826904297, 0.12344098091125488, 0.148227721452713, 0.1442713439464569, 0.3834885358810425, 0.46684855222702026, 0.4180256128311157, 0.3081035614013672]], "sfx.logattacktime.mean": [0.9537283182144165], "sfx.inharmonicity.mean": [0.6507807970046997]}