{"lowlevel.spectral_centroid.mean": [0.347808301448822], "lowlevel.spectral_contrast.mean": [[0.7026464343070984, 1.0202524662017822, 1.0105060338974, 0.8500255346298218, 0.7803397178649902, 0.4515509605407715]], "lowlevel.dissonance.mean": [0.2520648241043091], "lowlevel.hfc.mean": [0.4686529338359833], "lowlevel.mfcc.mean": [[0.67780601978302, 0.9066120386123657, 0.4435167610645294, 0.35873180627822876, 0.6838709712028503, 0.31450533866882324, 0.3091905117034912, 0.44384199380874634, 0.5819495320320129, 0.6653677225112915, 0.5061358213424683, 0.23319485783576965, 0.0627521276473999]], "sfx.logattacktime.mean": [0.8480651378631592], "sfx.inharmonicity.mean": [0.547022819519043]}