{"lowlevel.spectral_centroid.mean": [0.3263004720211029], "lowlevel.spectral_contrast.mean": [[0.8535451292991638, 0.7165288925170898, 0.6034425497055054, 0.4137856960296631, 0.3043482303619385, 0.3099360466003418]], "lowlevel.dissonance.mean": [-0.15172094106674194], "lowlevel.hfc.mean": [0.46541619300842285], "lowlevel.mfcc.mean": [[0.31652331352233887, 0.6590964794158936, 0.7042059302330017, 0.47728824615478516, 0.28897857666015625, 0.05002748966217041, -0.021807491779327393, -0.1214514970779419, 0.006597578525543213, 0.06309768557548523, 0.056136369705200195, -0.02301180362701416, 0.06805038452148438]], "sfx.logattacktime.mean": [0.19119080901145935], "sfx.inharmonicity.mean": [0.23796311020851135]}