{"lowlevel.spectral_centroid.mean": [0.3333636224269867], "lowlevel.spectral_contrast.mean": [[0.4615154266357422, 0.8302884101867676, 0.7369567155838013, 0.2790346145629883, 0.26044130325317383, 0.30918025970458984]], "lowlevel.dissonance.mean": [0.12638580799102783], "lowlevel.hfc.mean": [0.46547234058380127], "lowlevel.mfcc.mean": [[0.2914201021194458, 0.9538942575454712, 0.9668264389038086, 0.6568704843521118, 0.2789785861968994, 0.04884818196296692, -0.2441636323928833, 0.04490947723388672, 0.33944591879844666, 0.5257120132446289, 0.46225234866142273, 0.522385835647583, 0.3854508697986603]], "sfx.logattacktime.mean": [0.8682433366775513], "sfx.inharmonicity.mean": [0.6664645671844482]}