{"lowlevel.spectral_centroid.mean": [0.32071369886398315], "lowlevel.spectral_contrast.mean": [[0.6928678750991821, 0.7957603931427002, 0.694171667098999, 0.7112772464752197, 0.6067562103271484, 0.30490636825561523]], "lowlevel.dissonance.mean": [0.2544691562652588], "lowlevel.hfc.mean": [0.4701034128665924], "lowlevel.mfcc.mean": [[0.5073264837265015, 1.0309518575668335, 0.7292053699493408, 0.4795153737068176, 0.7164865732192993, 0.4674442410469055, 0.4644657373428345, 0.5137346386909485, 0.44144317507743835, 0.3878425061702728, 0.505516767501831, 0.523979127407074, 0.5592146515846252]], "sfx.logattacktime.mean": [0.7601514458656311], "sfx.inharmonicity.mean": [0.27572327852249146]}