{"lowlevel.spectral_centroid.mean": [0.832443118095398], "lowlevel.spectral_contrast.mean": [[0.2418835163116455, 0.1500476598739624, 0.5401149988174438, 0.49849629402160645, 0.3121671676635742, 0.2854740619659424]], "lowlevel.dissonance.mean": [0.40093994140625], "lowlevel.hfc.mean": [0.4827116131782532], "lowlevel.mfcc.mean": [[0.17274320125579834, 0.3044333755970001, 0.3311067223548889, 0.00931963324546814, 0.35618075728416443, 0.484578400850296, 0.6869305372238159, 0.5193918347358704, 0.35149720311164856, 0.27788811922073364, 0.4374888241291046, 0.44170117378234863, 0.4149807393550873]], "sfx.logattacktime.mean": [0.4139549434185028], "sfx.inharmonicity.mean": [0.8138597011566162]}