{"lowlevel.spectral_centroid.mean": [0.3483300805091858], "lowlevel.spectral_contrast.mean": [[0.3306918144226074, 0.8949739933013916, 0.9225760698318481, 0.7760709524154663, 0.5585222244262695, 0.3563847541809082]], "lowlevel.dissonance.mean": [0.3575972318649292], "lowlevel.hfc.mean": [0.4663291573524475], "lowlevel.mfcc.mean": [[0.3297027349472046, 0.39533767104148865, 0.16029766201972961, 0.1378185749053955, 0.2547866702079773, 0.3046349883079529, 0.26834434270858765, 0.24291685223579407, 0.3049955368041992, 0.2759990394115448, 0.4305388927459717, 0.45941436290740967, 0.507624089717865]], "sfx.logattacktime.mean": [0.37935173511505127], "sfx.inharmonicity.mean": [0.32405221462249756]}