{"lowlevel.spectral_centroid.mean": [0.5385863780975342], "lowlevel.spectral_contrast.mean": [[0.5603828430175781, 0.8615967035293579, 0.9480199813842773, 1.0029168128967285, 0.7851161956787109, 0.6186027526855469]], "lowlevel.dissonance.mean": [0.5402222871780396], "lowlevel.hfc.mean": [0.5400503873825073], "lowlevel.mfcc.mean": [[1.0210450887680054, 0.38029229640960693, 0.40951472520828247, 0.37955042719841003, 0.4732345640659332, 0.4305833578109741, 0.5745693445205688, 0.40495169162750244, 0.21663716435432434, 0.26245272159576416, 0.44585782289505005, 0.6830266714096069, 0.12388122081756592]], "sfx.logattacktime.mean": [0.5338612794876099], "sfx.inharmonicity.mean": [0.8180129528045654]}