{"lowlevel.spectral_centroid.mean": [0.48389533162117004], "lowlevel.spectral_contrast.mean": [[0.235123872756958, 0.19295287132263184, 0.2067101001739502, 0.8650903701782227, 0.3958439826965332, 0.3872344493865967]], "lowlevel.dissonance.mean": [0.7235175371170044], "lowlevel.hfc.mean": [0.47404560446739197], "lowlevel.mfcc.mean": [[0.10493195056915283, 0.18019214272499084, 0.39936313033103943, 0.4967777132987976, 0.7679938673973083, 0.784106969833374, 0.42212626338005066, 0.31449395418167114, 0.8650908470153809, 1.0114864110946655, 0.49862319231033325, 0.014757603406906128, 0.7159208059310913]], "sfx.logattacktime.mean": [0.2327924370765686], "sfx.inharmonicity.mean": [0.5949777960777283]}