{"lowlevel.spectral_centroid.mean": [0.49217620491981506], "lowlevel.spectral_contrast.mean": [[0.169638991355896, 0.9904013872146606, 0.857399582862854, 0.9651902914047241, 1.1070135831832886, 0.7518472671508789]], "lowlevel.dissonance.mean": [0.5008736848831177], "lowlevel.hfc.mean": [0.47530612349510193], "lowlevel.mfcc.mean": [[0.4980771541595459, 0.21234789490699768, 0.2115328013896942, 0.5726913213729858, 0.21657034754753113, 0.08805400133132935, 0.38843825459480286, 0.29384225606918335, 0.4643833339214325, 0.746884822845459, 0.6628199219703674, 0.954461932182312, 1.0706853866577148]], "sfx.logattacktime.mean": [0.5410793423652649], "sfx.inharmonicity.mean": [0.473326176404953]}