{"lowlevel.spectral_centroid.mean": [0.5207648277282715], "lowlevel.spectral_contrast.mean": [[0.26607680320739746, 0.903152346611023, 1.2711081504821777, 1.5607516765594482, 1.1406255960464478, 1.2725088596343994]], "lowlevel.dissonance.mean": [0.572803258895874], "lowlevel.hfc.mean": [0.803593635559082], "lowlevel.mfcc.mean": [[0.9142462015151978, 0.01622346043586731, -0.2730589807033539, -0.11513465642929077, 0.017848968505859375, 0.599581241607666, 0.12498283386230469, -0.08464103937149048, 0.3893176317214966, 0.417347252368927, 0.5314387083053589, 1.030463457107544, 0.8604276776313782]], "sfx.logattacktime.mean": [0.24086394906044006], "sfx.inharmonicity.mean": [0.8521649837493896]}