{"lowlevel.spectral_centroid.mean": [0.3237293064594269], "lowlevel.spectral_contrast.mean": [[0.4073382616043091, 0.6897825002670288, 0.5533759593963623, 0.3598804473876953, 0.2216637134552002, 0.23316550254821777]], "lowlevel.dissonance.mean": [-0.24148505926132202], "lowlevel.hfc.mean": [0.46599462628364563], "lowlevel.mfcc.mean": [[0.10750043392181396, 0.8164442777633667, 1.021964192390442, 0.6457122564315796, 0.3939475417137146, 0.2288394421339035, 0.23809048533439636, 0.19657215476036072, 0.21557700634002686, 0.21137508749961853, 0.31053370237350464, 0.339709609746933, 0.35419389605522156]], "sfx.logattacktime.mean": [0.2542765438556671], "sfx.inharmonicity.mean": [1.1561282873153687]}