{"lowlevel.spectral_centroid.mean": [0.6304030418395996], "lowlevel.spectral_contrast.mean": [[0.5383181571960449, 0.21751093864440918, 0.24928569793701172, 0.7146025896072388, 0.7281584739685059, 0.6828548908233643]], "lowlevel.dissonance.mean": [0.5994724035263062], "lowlevel.hfc.mean": [0.46951594948768616], "lowlevel.mfcc.mean": [[0.18697893619537354, 0.18499918282032013, 0.5726733803749084, 0.5204804539680481, 0.6577690243721008, 0.9731302857398987, 1.2173244953155518, 0.9296174049377441, 0.2218489944934845, 0.34652942419052124, 1.4138071537017822, 0.4535325765609741, 1.3345996141433716]], "sfx.logattacktime.mean": [0.7064810991287231], "sfx.inharmonicity.mean": [0.5747134685516357]}