{"lowlevel.spectral_centroid.mean": [0.3299282193183899], "lowlevel.spectral_contrast.mean": [[0.925604522228241, 0.38369250297546387, 0.3879110813140869, 0.38146424293518066, 0.36708950996398926, 0.3168222904205322]], "lowlevel.dissonance.mean": [0.4603966474533081], "lowlevel.hfc.mean": [0.46900156140327454], "lowlevel.mfcc.mean": [[0.23639202117919922, 0.5697567462921143, 0.8521720170974731, 0.9014235138893127, 1.0643224716186523, 0.956184983253479, 0.9355469346046448, 0.9712885022163391, 0.921675443649292, 0.7118903398513794, 0.6662609577178955, 0.6449722051620483, 0.5428792238235474]], "sfx.logattacktime.mean": [0.3861568570137024], "sfx.inharmonicity.mean": [0.20311348140239716]}