{"lowlevel.spectral_centroid.mean": [0.33283883333206177], "lowlevel.spectral_contrast.mean": [[0.9059944152832031, 0.3508518934249878, 0.3698902130126953, 0.3594653606414795, 0.34740400314331055, 0.3116319179534912]], "lowlevel.dissonance.mean": [0.5390887260437012], "lowlevel.hfc.mean": [0.46860361099243164], "lowlevel.mfcc.mean": [[0.2556823492050171, 0.5716387033462524, 0.8465568423271179, 0.8943147659301758, 1.0237436294555664, 0.9318416118621826, 0.9183036088943481, 0.9343353509902954, 0.8783684968948364, 0.696196436882019, 0.6459717750549316, 0.6119208335876465, 0.5032243728637695]], "sfx.logattacktime.mean": [0.4303025007247925], "sfx.inharmonicity.mean": [0.20145614445209503]}