{"lowlevel.spectral_centroid.mean": [0.33581191301345825], "lowlevel.spectral_contrast.mean": [[0.7990896105766296, 0.6935275793075562, 0.5486469268798828, 0.5406496524810791, 0.49036693572998047, 0.36833977699279785]], "lowlevel.dissonance.mean": [0.21007883548736572], "lowlevel.hfc.mean": [0.4660945236682892], "lowlevel.mfcc.mean": [[0.443234920501709, 0.8792515993118286, 0.39387133717536926, 0.2608797550201416, 0.2076956033706665, 0.17234677076339722, 0.07650339603424072, -0.06743943691253662, -0.26201969385147095, -0.147527813911438, 0.18929556012153625, 0.22116219997406006, 0.5313145518302917]], "sfx.logattacktime.mean": [0.6431611776351929], "sfx.inharmonicity.mean": [0.6044185757637024]}