{"lowlevel.spectral_centroid.mean": [0.3482058644294739], "lowlevel.spectral_contrast.mean": [[0.3056180477142334, 0.4271667003631592, 0.44865942001342773, 0.4211142063140869, 0.3684542179107666, 0.33319664001464844]], "lowlevel.dissonance.mean": [0.5189100503921509], "lowlevel.hfc.mean": [0.4656538963317871], "lowlevel.mfcc.mean": [[0.2955864667892456, 0.602124810218811, 0.6458601951599121, 0.4328709542751312, 0.42843756079673767, 0.4171257019042969, 0.4793718159198761, 0.45596009492874146, 0.43751049041748047, 0.41084861755371094, 0.43040192127227783, 0.4885840117931366, 0.5935117602348328]], "sfx.logattacktime.mean": [0.5969340801239014], "sfx.inharmonicity.mean": [0.47213542461395264]}