{"lowlevel.spectral_centroid.mean": [0.4727206230163574], "lowlevel.spectral_contrast.mean": [[0.7638104557991028, 0.9057955741882324, 1.0902984142303467, 1.043265700340271, 1.083639144897461, 1.127443552017212]], "lowlevel.dissonance.mean": [0.6752935647964478], "lowlevel.hfc.mean": [1.2337901592254639], "lowlevel.mfcc.mean": [[1.2921918630599976, 0.47034502029418945, 0.1669427752494812, 0.5429843664169312, 0.2837885618209839, 0.538988471031189, 0.19637960195541382, 0.3650953769683838, 0.6307990550994873, 0.15297088027000427, 0.20076408982276917, 0.3304073214530945, 0.14983227849006653]], "sfx.logattacktime.mean": [0.3577772378921509], "sfx.inharmonicity.mean": [0.5901239514350891]}