{"lowlevel.spectral_centroid.mean": [0.41809576749801636], "lowlevel.spectral_contrast.mean": [[0.7524988651275635, 0.4463285207748413, 0.2677116394042969, 0.3479123115539551, 0.35952043533325195, 0.3157968521118164]], "lowlevel.dissonance.mean": [0.33936047554016113], "lowlevel.hfc.mean": [0.46972668170928955], "lowlevel.mfcc.mean": [[0.21290206909179688, 0.43417420983314514, 0.6764353513717651, 0.7628864645957947, 0.782410740852356, 0.6755344867706299, 0.6506430506706238, 0.584379255771637, 0.6425277590751648, 0.6354914903640747, 0.5836631655693054, 0.46418145298957825, 0.44813454151153564]], "sfx.logattacktime.mean": [0.38963553309440613], "sfx.inharmonicity.mean": [0.3255254626274109]}