{"lowlevel.spectral_centroid.mean": [0.3332618772983551], "lowlevel.spectral_contrast.mean": [[0.5882498025894165, 0.8230483531951904, 0.598466157913208, 0.4533424377441406, 0.45751142501831055, 0.25501513481140137]], "lowlevel.dissonance.mean": [0.060814499855041504], "lowlevel.hfc.mean": [0.46944519877433777], "lowlevel.mfcc.mean": [[0.3955230712890625, 0.87782883644104, 0.8778526782989502, 0.7148342132568359, 0.6915059089660645, 0.2797955274581909, 0.10253733396530151, 0.10904309153556824, 0.3090081512928009, 0.46313750743865967, 0.541020393371582, 0.4761154353618622, 0.4120334982872009]], "sfx.logattacktime.mean": [0.6935914754867554], "sfx.inharmonicity.mean": [0.34184134006500244]}