{"lowlevel.spectral_centroid.mean": [0.34304606914520264], "lowlevel.spectral_contrast.mean": [[0.34351634979248047, 1.722944736480713, 0.1576998233795166, 0.09463238716125488, 0.07442069053649902, 0.10445880889892578]], "lowlevel.dissonance.mean": [-0.9078356027603149], "lowlevel.hfc.mean": [0.47115299105644226], "lowlevel.mfcc.mean": [[0.2298142910003662, 0.631781816482544, 0.9010484218597412, 0.42667412757873535, -0.17210394144058228, -0.7906854748725891, -1.0121066570281982, -0.8517866730690002, -0.2706823945045471, 0.37451040744781494, 0.9581091403961182, 1.2010575532913208, 1.1348956823349]], "sfx.logattacktime.mean": [0.3603595495223999], "sfx.inharmonicity.mean": [0.6365454196929932]}