{"lowlevel.spectral_centroid.mean": [0.43068981170654297], "lowlevel.spectral_contrast.mean": [[0.4789879322052002, 0.4514671564102173, 0.4901069402694702, 0.5438041687011719, 0.48667073249816895, 0.44815897941589355]], "lowlevel.dissonance.mean": [0.6586132049560547], "lowlevel.hfc.mean": [0.46995553374290466], "lowlevel.mfcc.mean": [[0.7767620086669922, 0.6009505987167358, 0.3226892352104187, 0.09399595856666565, 0.2114395797252655, 0.3394051492214203, 0.28865620493888855, 0.3137531876564026, 0.38121891021728516, 0.32842183113098145, 0.43820157647132874, 0.43400609493255615, 0.4000389575958252]], "sfx.logattacktime.mean": [0.3617245554924011], "sfx.inharmonicity.mean": [0.687872052192688]}