{"lowlevel.spectral_centroid.mean": [0.35377174615859985], "lowlevel.spectral_contrast.mean": [[0.9246118068695068, 1.274754285812378, 1.417309045791626, 0.4562375545501709, 0.23965120315551758, 0.2079014778137207]], "lowlevel.dissonance.mean": [-0.514095664024353], "lowlevel.hfc.mean": [0.4789366126060486], "lowlevel.mfcc.mean": [[0.4673382043838501, 0.9045830965042114, 0.83784019947052, 0.2357291877269745, -0.029056072235107422, 0.21211908757686615, 0.7761352062225342, 1.1486034393310547, 0.9779139161109924, 0.38523051142692566, 0.004049897193908691, 0.10335016250610352, 0.7779778242111206]], "sfx.logattacktime.mean": [0.13968181610107422], "sfx.inharmonicity.mean": [0.2298671305179596]}