{"lowlevel.spectral_centroid.mean": [0.5442523956298828], "lowlevel.spectral_contrast.mean": [[0.19781208038330078, 0.1668562889099121, 0.1831378936767578, 0.6098287105560303, 0.5717489719390869, 0.45435452461242676]], "lowlevel.dissonance.mean": [0.7100787162780762], "lowlevel.hfc.mean": [0.4658345878124237], "lowlevel.mfcc.mean": [[0.07952344417572021, 0.11162841320037842, 0.4415915608406067, 0.42955684661865234, 0.48613542318344116, 0.5638842582702637, 0.5160783529281616, 0.2695792317390442, 0.5906673669815063, 0.7039845585823059, 0.45901599526405334, 0.30857881903648376, 0.5035346150398254]], "sfx.logattacktime.mean": [0.8519550561904907], "sfx.inharmonicity.mean": [0.68669593334198]}