{"lowlevel.spectral_centroid.mean": [0.35350510478019714], "lowlevel.spectral_contrast.mean": [[0.5370368957519531, 0.908922553062439, 0.7995584011077881, 0.6559388637542725, 0.5694558620452881, 0.33519983291625977]], "lowlevel.dissonance.mean": [0.08642017841339111], "lowlevel.hfc.mean": [0.4667694568634033], "lowlevel.mfcc.mean": [[0.2846791744232178, 0.9006059169769287, 0.487079381942749, 0.12133422493934631, 0.21942123770713806, 0.10976716876029968, 0.1417199969291687, 0.24942149221897125, 0.31156423687934875, 0.25493699312210083, 0.1625799834728241, 0.1780216097831726, 0.4210953712463379]], "sfx.logattacktime.mean": [0.271208792924881], "sfx.inharmonicity.mean": [0.6367900371551514]}