{"lowlevel.spectral_centroid.mean": [0.3407701551914215], "lowlevel.spectral_contrast.mean": [[0.28509271144866943, 0.42247509956359863, 0.4956861734390259, 0.5406820774078369, 0.5170454978942871, 0.18785333633422852]], "lowlevel.dissonance.mean": [0.42901062965393066], "lowlevel.hfc.mean": [0.4655814468860626], "lowlevel.mfcc.mean": [[0.18479716777801514, 0.8572973012924194, 0.6465064883232117, 0.15922652184963226, 0.43774914741516113, 0.5186687111854553, 0.48357075452804565, 0.4902110993862152, 0.5708128213882446, 0.5403681397438049, 0.5504657626152039, 0.4816988408565521, 0.4305574297904968]], "sfx.logattacktime.mean": [0.6800458431243896], "sfx.inharmonicity.mean": [0.9626548290252686]}