{"lowlevel.spectral_centroid.mean": [0.6544106602668762], "lowlevel.spectral_contrast.mean": [[0.43324899673461914, 0.19672870635986328, 0.23127150535583496, 0.3054068088531494, 1.1074668169021606, 0.8447346687316895]], "lowlevel.dissonance.mean": [0.7308512926101685], "lowlevel.hfc.mean": [0.4901124835014343], "lowlevel.mfcc.mean": [[0.18022990226745605, 0.026651941239833832, 0.6601797938346863, 0.6125240325927734, 0.5345934629440308, 0.8055480718612671, 0.9441685080528259, 0.3638049066066742, 0.9013010263442993, 1.1665295362472534, -0.08835971355438232, 1.3726005554199219, 0.4455040693283081]], "sfx.logattacktime.mean": [0.638749897480011], "sfx.inharmonicity.mean": [0.631899356842041]}