{"lowlevel.spectral_centroid.mean": [0.4150676727294922], "lowlevel.spectral_contrast.mean": [[0.7748603224754333, 1.1228809356689453, 1.3512500524520874, 0.5303397178649902, 0.3302335739135742, 0.38080692291259766]], "lowlevel.dissonance.mean": [-0.08868831396102905], "lowlevel.hfc.mean": [0.47948819398880005], "lowlevel.mfcc.mean": [[0.6022274494171143, 0.4417949914932251, 0.5638167858123779, -0.15496134757995605, -0.3620632290840149, -0.07106757164001465, 0.29702630639076233, 0.5036072134971619, 0.35848772525787354, 0.16656047105789185, -0.02275681495666504, -0.0902327299118042, -0.09241890907287598]], "sfx.logattacktime.mean": [0.20257478952407837], "sfx.inharmonicity.mean": [0.32394343614578247]}