{"lowlevel.spectral_centroid.mean": [0.4236202836036682], "lowlevel.spectral_contrast.mean": [[0.4421653747558594, 1.22636079788208, 1.3600800037384033, 0.7718155384063721, 0.3387584686279297, 0.3884134292602539]], "lowlevel.dissonance.mean": [-0.046982645988464355], "lowlevel.hfc.mean": [0.4876880645751953], "lowlevel.mfcc.mean": [[0.6240216493606567, 0.3992261588573456, 0.445060670375824, -0.28329408168792725, -0.3188725709915161, 0.15112555027008057, 0.5136553049087524, 0.580488383769989, 0.28813910484313965, 0.04608467221260071, -0.11216843128204346, -0.05096155405044556, 0.19101738929748535]], "sfx.logattacktime.mean": [0.318685382604599], "sfx.inharmonicity.mean": [0.38217341899871826]}