{"lowlevel.spectral_centroid.mean": [0.48877614736557007], "lowlevel.spectral_contrast.mean": [[0.2572445869445801, 0.651085615158081, 0.306973934173584, 0.29743432998657227, 0.2800631523132324, 0.32855868339538574]], "lowlevel.dissonance.mean": [0.2453317642211914], "lowlevel.hfc.mean": [0.4652123749256134], "lowlevel.mfcc.mean": [[0.37805354595184326, 0.47267240285873413, 0.6010429263114929, 0.302665650844574, 0.2472289353609085, 0.24258242547512054, 0.3326756954193115, 0.46493327617645264, 0.649744987487793, 0.7528429627418518, 0.7387206554412842, 0.6285370588302612, 0.47329777479171753]], "sfx.logattacktime.mean": [0.35656434297561646], "sfx.inharmonicity.mean": [0.44592294096946716]}