{"lowlevel.spectral_centroid.mean": [0.3039024770259857], "lowlevel.spectral_contrast.mean": [[0.4931008815765381, 0.3574591875076294, 0.2579667568206787, 0.17429685592651367, 0.1749253273010254, 0.21892619132995605]], "lowlevel.dissonance.mean": [0.30101311206817627], "lowlevel.hfc.mean": [0.46521103382110596], "lowlevel.mfcc.mean": [[0.13986361026763916, 0.3878038823604584, 0.7703957557678223, 0.7917201519012451, 0.8857073783874512, 0.8364678621292114, 0.8106834888458252, 0.7365685105323792, 0.7295823097229004, 0.6287731528282166, 0.5770182609558105, 0.4902634918689728, 0.45001426339149475]], "sfx.logattacktime.mean": [0.1789436936378479], "sfx.inharmonicity.mean": [0.23092055320739746]}