{"lowlevel.spectral_centroid.mean": [0.40647369623184204], "lowlevel.spectral_contrast.mean": [[0.767042338848114, 0.8168104887008667, 0.9245947599411011, 0.7961211204528809, 0.7699201107025146, 0.923858642578125]], "lowlevel.dissonance.mean": [0.4881126880645752], "lowlevel.hfc.mean": [0.47369447350502014], "lowlevel.mfcc.mean": [[0.8992596864700317, 0.6405187845230103, 0.18036708235740662, 0.7841367125511169, 0.2521616816520691, 0.40208670496940613, 0.3521065413951874, 0.43969035148620605, 0.5739818811416626, 0.4393819272518158, 0.213036447763443, 0.2149810492992401, 0.28129857778549194]], "sfx.logattacktime.mean": [0.17927232384681702], "sfx.inharmonicity.mean": [0.42180144786834717]}