{"lowlevel.spectral_centroid.mean": [0.43956679105758667], "lowlevel.spectral_contrast.mean": [[0.5014961957931519, 0.35151028633117676, 1.352766752243042, 1.4277763366699219, 1.0095622539520264, 0.8200206756591797]], "lowlevel.dissonance.mean": [0.35054874420166016], "lowlevel.hfc.mean": [0.5049827694892883], "lowlevel.mfcc.mean": [[0.7691079378128052, 0.31965625286102295, 0.19187524914741516, 0.35443058609962463, 0.2617766559123993, 0.3745003938674927, 0.5560910105705261, 0.7126786112785339, 0.9335055351257324, 1.005608081817627, 0.839375376701355, 0.5566886067390442, 0.22500306367874146]], "sfx.logattacktime.mean": [0.3851894736289978], "sfx.inharmonicity.mean": [0.39296311140060425]}