{"lowlevel.spectral_centroid.mean": [0.32906949520111084], "lowlevel.spectral_contrast.mean": [[1.0033292770385742, 0.9185351133346558, 0.705985426902771, 0.477494478225708, 0.465282678604126, 0.7063896656036377]], "lowlevel.dissonance.mean": [0.3795386552810669], "lowlevel.hfc.mean": [0.4898846447467804], "lowlevel.mfcc.mean": [[0.7593705654144287, 1.0086003541946411, 0.44879150390625, 0.9088812470436096, 0.3575369119644165, 0.23125985264778137, 0.4101085066795349, 0.045710355043411255, 0.2661729156970978, 0.28877145051956177, 0.1281464695930481, 0.078672856092453, 0.16578736901283264]], "sfx.logattacktime.mean": [0.5451111793518066], "sfx.inharmonicity.mean": [0.31698840856552124]}