{"lowlevel.spectral_centroid.mean": [0.5041521191596985], "lowlevel.spectral_contrast.mean": [[0.47593820095062256, 0.3277308940887451, 1.4669147729873657, 1.1033209562301636, 1.5180875062942505, 1.0915353298187256]], "lowlevel.dissonance.mean": [0.4405343532562256], "lowlevel.hfc.mean": [0.5384930968284607], "lowlevel.mfcc.mean": [[0.7535587549209595, 0.23533302545547485, 0.28363561630249023, 0.49162808060646057, 0.0757291316986084, 0.5589812397956848, 0.5465723276138306, 1.3060481548309326, 1.0802191495895386, 0.48517391085624695, 0.05365115404129028, -0.1976473331451416, 0.8054690361022949]], "sfx.logattacktime.mean": [0.5449750423431396], "sfx.inharmonicity.mean": [0.46163901686668396]}