{"lowlevel.spectral_centroid.mean": [0.46505439281463623], "lowlevel.spectral_contrast.mean": [[0.49727892875671387, 0.3326517343521118, 1.3976714611053467, 1.0427894592285156, 1.2665455341339111, 0.971735954284668]], "lowlevel.dissonance.mean": [0.4117457866668701], "lowlevel.hfc.mean": [0.5229172706604004], "lowlevel.mfcc.mean": [[0.7819408178329468, 0.2769317924976349, 0.1667051911354065, 0.5391841530799866, 0.050305455923080444, 0.41964957118034363, 0.6856749057769775, 1.0839850902557373, 0.8339899182319641, 0.6834616661071777, 0.5983239412307739, 0.10583332180976868, -0.1424000859260559]], "sfx.logattacktime.mean": [0.57087242603302], "sfx.inharmonicity.mean": [0.40740543603897095]}