{"lowlevel.spectral_centroid.mean": [0.40694311261177063], "lowlevel.spectral_contrast.mean": [[0.29002320766448975, 0.4303295612335205, 0.574203372001648, 0.5290889739990234, 0.4475736618041992, 0.4909646511077881]], "lowlevel.dissonance.mean": [0.6699197292327881], "lowlevel.hfc.mean": [0.4696783125400543], "lowlevel.mfcc.mean": [[0.7958991527557373, 0.6746026277542114, 0.4241848587989807, 0.30285099148750305, 0.3488895297050476, 0.7607700228691101, 0.7424864768981934, 0.37483587861061096, 0.5279514789581299, 0.4399385452270508, 0.14707139134407043, 0.3398619294166565, 0.6747452020645142]], "sfx.logattacktime.mean": [0.6819100379943848], "sfx.inharmonicity.mean": [1.0385148525238037]}