{"lowlevel.spectral_centroid.mean": [0.5235990285873413], "lowlevel.spectral_contrast.mean": [[0.4813077449798584, 0.31962859630584717, 1.4278916120529175, 1.2675120830535889, 1.643717885017395, 1.0249502658843994]], "lowlevel.dissonance.mean": [0.5130188465118408], "lowlevel.hfc.mean": [0.5703299045562744], "lowlevel.mfcc.mean": [[0.7693637609481812, 0.2460734248161316, 0.18691539764404297, 0.569606363773346, 0.12499994039535522, 0.3749951720237732, 0.5080848932266235, 1.2604268789291382, 1.0328435897827148, 0.9050616025924683, 0.7826552391052246, 0.1719340682029724, -0.3497498631477356]], "sfx.logattacktime.mean": [0.5784286856651306], "sfx.inharmonicity.mean": [0.49050384759902954]}