{"lowlevel.spectral_centroid.mean": [0.3757181763648987], "lowlevel.spectral_contrast.mean": [[0.8782705664634705, 0.7004611492156982, 0.4061161279678345, 0.337252140045166, 0.34150266647338867, 0.3015282154083252]], "lowlevel.dissonance.mean": [0.008855104446411133], "lowlevel.hfc.mean": [0.47220420837402344], "lowlevel.mfcc.mean": [[0.29504430294036865, 0.6007001399993896, 0.8257572650909424, 0.9433555006980896, 0.8917914628982544, 0.6984708309173584, 0.6099759936332703, 0.5007836818695068, 0.5421004295349121, 0.5469480752944946, 0.4746628403663635, 0.35197627544403076, 0.4369376599788666]], "sfx.logattacktime.mean": [0.40172141790390015], "sfx.inharmonicity.mean": [0.23179031908512115]}