{"lowlevel.spectral_centroid.mean": [0.3384048640727997], "lowlevel.spectral_contrast.mean": [[0.9740660190582275, 0.6427851915359497, 0.29877591133117676, 0.32393860816955566, 0.37403392791748047, 0.44063329696655273]], "lowlevel.dissonance.mean": [0.512648344039917], "lowlevel.hfc.mean": [0.47922080755233765], "lowlevel.mfcc.mean": [[0.711169958114624, 0.3726821541786194, 1.0294899940490723, 1.1346549987792969, 1.1103179454803467, 0.9542047381401062, 0.7118830680847168, 0.5297002196311951, 0.32366737723350525, 0.23362495005130768, 0.13667407631874084, 0.11751088500022888, 0.10113510489463806]], "sfx.logattacktime.mean": [0.3900555372238159], "sfx.inharmonicity.mean": [0.2140655517578125]}