{"lowlevel.spectral_centroid.mean": [0.4637809991836548], "lowlevel.spectral_contrast.mean": [[0.4748077392578125, 0.3821566104888916, 0.3644428253173828, 0.6219627857208252, 0.5537536144256592, 0.5024082660675049]], "lowlevel.dissonance.mean": [0.6506150960922241], "lowlevel.hfc.mean": [0.470660924911499], "lowlevel.mfcc.mean": [[0.36588597297668457, 0.46484529972076416, 0.3440682291984558, 0.5521373748779297, 0.6771701574325562, 0.6405805349349976, 0.4993603527545929, 0.32191818952560425, 0.6056495308876038, 0.77305668592453, 0.4159826636314392, 0.20388799905776978, 0.7229365706443787]], "sfx.logattacktime.mean": [0.29685407876968384], "sfx.inharmonicity.mean": [0.5973277688026428]}