{"lowlevel.spectral_centroid.mean": [0.36242595314979553], "lowlevel.spectral_contrast.mean": [[0.5680398941040039, 0.5396151542663574, 0.4818474054336548, 0.4397304058074951, 0.64504075050354, 1.0632269382476807]], "lowlevel.dissonance.mean": [0.6251204013824463], "lowlevel.hfc.mean": [0.4808349907398224], "lowlevel.mfcc.mean": [[0.5530271530151367, 0.7458631992340088, 0.29581522941589355, 1.0062870979309082, 0.5783203840255737, 0.21180419623851776, 1.1012380123138428, 0.46443167328834534, 0.5786459445953369, 0.8126625418663025, 0.363911509513855, 0.5466521978378296, 0.5389624834060669]], "sfx.logattacktime.mean": [0.4690665304660797], "sfx.inharmonicity.mean": [0.5773894786834717]}