{"lowlevel.spectral_centroid.mean": [0.5918771028518677], "lowlevel.spectral_contrast.mean": [[0.5356372594833374, 0.3927145004272461, 0.5522335767745972, 1.5401537418365479, 1.5564883947372437, 1.1132457256317139]], "lowlevel.dissonance.mean": [0.6425093412399292], "lowlevel.hfc.mean": [0.651001513004303], "lowlevel.mfcc.mean": [[0.8261861801147461, 0.21737997233867645, 0.3542248010635376, 0.2335742712020874, 0.4580587148666382, 0.5527940988540649, 0.8400427103042603, 0.7163174152374268, -0.11044901609420776, 0.25129538774490356, 0.9828433990478516, 1.9107071161270142, 0.16114643216133118]], "sfx.logattacktime.mean": [0.6367201209068298], "sfx.inharmonicity.mean": [1.4392563104629517]}