{"lowlevel.spectral_centroid.mean": [0.34057626128196716], "lowlevel.spectral_contrast.mean": [[0.9441622495651245, 1.0801482200622559, 0.5136580467224121, 0.36062002182006836, 0.4306049346923828, 0.44173693656921387]], "lowlevel.dissonance.mean": [-0.169671893119812], "lowlevel.hfc.mean": [0.4727443754673004], "lowlevel.mfcc.mean": [[0.46366167068481445, 0.7372558116912842, 0.830297589302063, 1.0432720184326172, 0.8093388080596924, 0.5129191279411316, 0.3311033248901367, 0.252934992313385, 0.3764849305152893, 0.4578486979007721, 0.406305193901062, 0.33087795972824097, 0.4305909276008606]], "sfx.logattacktime.mean": [0.5413163900375366], "sfx.inharmonicity.mean": [0.21986792981624603]}