{"lowlevel.spectral_centroid.mean": [0.38107067346572876], "lowlevel.spectral_contrast.mean": [[0.5527464151382446, 0.7580578327178955, 1.0203640460968018, 0.7402839660644531, 0.6047337055206299, 0.5849933624267578]], "lowlevel.dissonance.mean": [0.26006007194519043], "lowlevel.hfc.mean": [0.48940393328666687], "lowlevel.mfcc.mean": [[0.871399998664856, 0.7604324817657471, 0.3954646587371826, 0.23094365000724792, 0.22349673509597778, 0.6127463579177856, 0.5932828187942505, 0.6498491168022156, 0.7404784560203552, 0.45410260558128357, 0.5395723581314087, 0.4518297612667084, 0.8227347731590271]], "sfx.logattacktime.mean": [0.4567025601863861], "sfx.inharmonicity.mean": [0.5931291580200195]}