{"lowlevel.spectral_centroid.mean": [0.5592893958091736], "lowlevel.spectral_contrast.mean": [[0.2817338705062866, 0.49747776985168457, 0.980339765548706, 0.7495968341827393, 0.6895277500152588, 0.3449258804321289]], "lowlevel.dissonance.mean": [0.4397023916244507], "lowlevel.hfc.mean": [0.48820069432258606], "lowlevel.mfcc.mean": [[0.36331236362457275, 0.4145771265029907, -0.07993856072425842, -0.04883527755737305, 0.4209183156490326, 0.31923073530197144, 0.3943140208721161, 0.42593806982040405, 0.3141464591026306, 0.146513432264328, 0.19931507110595703, 0.5370334386825562, 0.9572677612304688]], "sfx.logattacktime.mean": [0.43938377499580383], "sfx.inharmonicity.mean": [0.8409630060195923]}