{"lowlevel.spectral_centroid.mean": [0.8591699600219727], "lowlevel.spectral_contrast.mean": [[0.14259231090545654, 0.32672154903411865, 0.589990496635437, 0.4487035274505615, 0.4039320945739746, 0.37073254585266113]], "lowlevel.dissonance.mean": [0.5156254768371582], "lowlevel.hfc.mean": [0.4681348502635956], "lowlevel.mfcc.mean": [[0.2229022979736328, 0.12744051218032837, 0.38763314485549927, 0.260132372379303, 0.20513033866882324, 0.10195925831794739, 0.37248656153678894, 0.8120290040969849, 1.0158342123031616, 0.6177693009376526, 0.21122032403945923, 0.30809563398361206, 0.5105897784233093]], "sfx.logattacktime.mean": [0.4497517943382263], "sfx.inharmonicity.mean": [0.9763302803039551]}