{"lowlevel.spectral_centroid.mean": [0.3441951870918274], "lowlevel.spectral_contrast.mean": [[0.7731028199195862, 0.8637502193450928, 0.6619049310684204, 0.717467188835144, 0.6112439632415771, 0.3999519348144531]], "lowlevel.dissonance.mean": [0.3457542657852173], "lowlevel.hfc.mean": [0.46695244312286377], "lowlevel.mfcc.mean": [[0.4972015619277954, 0.6688312292098999, 0.41550636291503906, 0.4156094491481781, 0.5055131316184998, 0.35475099086761475, 0.21095114946365356, 0.15971550345420837, 0.027350038290023804, 0.030139625072479248, 0.1542855203151703, -0.03329724073410034, -0.08893734216690063]], "sfx.logattacktime.mean": [0.5637369155883789], "sfx.inharmonicity.mean": [0.3415895104408264]}