{"lowlevel.spectral_centroid.mean": [0.3249863386154175], "lowlevel.spectral_contrast.mean": [[0.9161179661750793, 1.0794107913970947, 0.8575226068496704, 0.7970387935638428, 0.5915050506591797, 0.40694284439086914]], "lowlevel.dissonance.mean": [-0.18791532516479492], "lowlevel.hfc.mean": [0.4658021330833435], "lowlevel.mfcc.mean": [[0.44937288761138916, 0.9751238822937012, 0.7750622034072876, 0.3191438913345337, 0.4300761818885803, 0.3804020583629608, 0.4262838065624237, 0.42986127734184265, 0.3962075114250183, 0.3029906749725342, 0.2935778498649597, 0.22585076093673706, 0.24634167551994324]], "sfx.logattacktime.mean": [0.3849039077758789], "sfx.inharmonicity.mean": [0.29534316062927246]}