{"lowlevel.spectral_centroid.mean": [0.3870323598384857], "lowlevel.spectral_contrast.mean": [[0.6320271492004395, 1.2472459077835083, 0.8806970119476318, 1.071820855140686, 1.1621454954147339, 1.1100983619689941]], "lowlevel.dissonance.mean": [0.31136655807495117], "lowlevel.hfc.mean": [0.47746196389198303], "lowlevel.mfcc.mean": [[0.7640540599822998, 0.7145423889160156, 0.05999314785003662, 0.9097539782524109, 0.20610857009887695, 0.22986885905265808, 0.13960620760917664, 0.2566721439361572, 0.5877434015274048, 0.7521937489509583, 0.9654986262321472, 1.1208617687225342, 0.47010502219200134]], "sfx.logattacktime.mean": [0.6758776307106018], "sfx.inharmonicity.mean": [0.4213491976261139]}