{"lowlevel.spectral_centroid.mean": [0.3144177198410034], "lowlevel.spectral_contrast.mean": [[0.636998176574707, 0.6802514791488647, 0.5796386003494263, 0.4295077323913574, 0.3945448398590088, 0.33760762214660645]], "lowlevel.dissonance.mean": [0.4451782703399658], "lowlevel.hfc.mean": [0.46672478318214417], "lowlevel.mfcc.mean": [[0.43927669525146484, 0.955722451210022, 0.8897817134857178, 0.6268554925918579, 0.6663495898246765, 0.48643210530281067, 0.32642531394958496, 0.365054190158844, 0.5541622638702393, 0.47767165303230286, 0.2938656806945801, 0.11680999398231506, 0.23684144020080566]], "sfx.logattacktime.mean": [0.2590356767177582], "sfx.inharmonicity.mean": [0.23540440201759338]}