{"lowlevel.spectral_centroid.mean": [0.3262160122394562], "lowlevel.spectral_contrast.mean": [[1.0755109786987305, 1.043030858039856, 0.8281701803207397, 0.6029970645904541, 0.8546452522277832, 0.46030473709106445]], "lowlevel.dissonance.mean": [0.14389264583587646], "lowlevel.hfc.mean": [0.48765718936920166], "lowlevel.mfcc.mean": [[0.654895544052124, 1.0190973281860352, 0.6274305582046509, 0.448636531829834, 0.8693302869796753, -0.13870447874069214, -0.09529030323028564, 0.3727288544178009, 0.07532402873039246, 0.4793010652065277, 0.24795597791671753, 0.06911197304725647, 0.008640408515930176]], "sfx.logattacktime.mean": [0.8840581178665161], "sfx.inharmonicity.mean": [0.30607834458351135]}