{"lowlevel.spectral_centroid.mean": [0.42188572883605957], "lowlevel.spectral_contrast.mean": [[0.4143489599227905, 0.7924143075942993, 0.800676703453064, 0.7555772066116333, 0.7199192047119141, 0.5561122894287109]], "lowlevel.dissonance.mean": [0.3580721616744995], "lowlevel.hfc.mean": [0.46780163049697876], "lowlevel.mfcc.mean": [[0.46348512172698975, 0.3834402561187744, 0.33292344212532043, 0.5249655246734619, 0.3266696333885193, 0.15763530135154724, 0.29679936170578003, 0.3089680075645447, 0.20448711514472961, 0.08161681890487671, 0.14961835741996765, 0.18825051188468933, 0.5589596033096313]], "sfx.logattacktime.mean": [0.39126813411712646], "sfx.inharmonicity.mean": [0.44057497382164]}