{"lowlevel.spectral_centroid.mean": [0.3527590036392212], "lowlevel.spectral_contrast.mean": [[0.284029483795166, 0.4273489713668823, 0.42873919010162354, 0.45804405212402344, 0.3540928363800049, 0.2390584945678711]], "lowlevel.dissonance.mean": [0.3730461597442627], "lowlevel.hfc.mean": [0.4650723338127136], "lowlevel.mfcc.mean": [[0.1016845703125, 0.28633296489715576, 0.5705259442329407, 0.4140529930591583, 0.42550724744796753, 0.3570696711540222, 0.3734298050403595, 0.3278619647026062, 0.38752084970474243, 0.4009648859500885, 0.4029146432876587, 0.3496769964694977, 0.36867210268974304]], "sfx.logattacktime.mean": [0.8025872111320496], "sfx.inharmonicity.mean": [0.5250602960586548]}