{"lowlevel.spectral_centroid.mean": [0.3615769147872925], "lowlevel.spectral_contrast.mean": [[0.4876270294189453, 0.46129274368286133, 0.33455348014831543, 0.24629545211791992, 0.19451189041137695, 0.2118685245513916]], "lowlevel.dissonance.mean": [-0.06493449211120605], "lowlevel.hfc.mean": [0.4653030335903168], "lowlevel.mfcc.mean": [[0.1667555570602417, 0.4449329078197479, 0.7532695531845093, 0.6767970323562622, 0.7311221361160278, 0.657629132270813, 0.5855851173400879, 0.4417300224304199, 0.37044471502304077, 0.24649736285209656, 0.19534042477607727, 0.12783733010292053, 0.16591528058052063]], "sfx.logattacktime.mean": [0.24399101734161377], "sfx.inharmonicity.mean": [0.24452689290046692]}