{"lowlevel.spectral_centroid.mean": [0.3159140944480896], "lowlevel.spectral_contrast.mean": [[0.5812921524047852, 0.6540757417678833, 0.5120248794555664, 0.5301542282104492, 0.4333231449127197, 0.3297159671783447]], "lowlevel.dissonance.mean": [0.45484399795532227], "lowlevel.hfc.mean": [0.4653293788433075], "lowlevel.mfcc.mean": [[0.38554513454437256, 0.9198704957962036, 0.9287797212600708, 0.4789097309112549, 0.49941667914390564, 0.471219003200531, 0.45060425996780396, 0.4399782717227936, 0.5097763538360596, 0.46806231141090393, 0.46610456705093384, 0.43290647864341736, 0.4267028570175171]], "sfx.logattacktime.mean": [0.3922249674797058], "sfx.inharmonicity.mean": [0.30489739775657654]}