{"lowlevel.spectral_centroid.mean": [0.8175007104873657], "lowlevel.spectral_contrast.mean": [[0.37692081928253174, 0.42666518688201904, 0.8573936223983765, 0.6847473382949829, 0.6956360340118408, 0.6668038368225098]], "lowlevel.dissonance.mean": [0.48958659172058105], "lowlevel.hfc.mean": [0.47585758566856384], "lowlevel.mfcc.mean": [[0.39205992221832275, 0.2760712206363678, 0.15068933367729187, 0.34375637769699097, 0.16772791743278503, 0.6388841867446899, 0.7538607120513916, 1.1917426586151123, 0.5291900038719177, 0.2547680735588074, 0.6110469698905945, 0.3831876516342163, 0.5798680186271667]], "sfx.logattacktime.mean": [0.8547669649124146], "sfx.inharmonicity.mean": [0.7278604507446289]}