{"lowlevel.spectral_centroid.mean": [0.45756763219833374], "lowlevel.spectral_contrast.mean": [[0.3008756637573242, 0.6355687379837036, 0.7354418039321899, 0.5169594287872314, 0.43276309967041016, 0.22225260734558105]], "lowlevel.dissonance.mean": [-0.03315865993499756], "lowlevel.hfc.mean": [0.46510404348373413], "lowlevel.mfcc.mean": [[0.1156923770904541, 0.781943678855896, 0.8108100891113281, 0.3753468692302704, 0.39446598291397095, 0.36864420771598816, 0.3677660822868347, 0.3347260355949402, 0.31564489006996155, 0.24320323765277863, 0.32061928510665894, 0.3578163683414459, 0.4623158276081085]], "sfx.logattacktime.mean": [0.45914387702941895], "sfx.inharmonicity.mean": [1.0060571432113647]}