{"lowlevel.spectral_centroid.mean": [0.43297651410102844], "lowlevel.spectral_contrast.mean": [[0.10324156284332275, 1.6225347518920898, 1.102344036102295, 1.6979091167449951, 1.7832541465759277, 1.1497926712036133]], "lowlevel.dissonance.mean": [0.3875846862792969], "lowlevel.hfc.mean": [0.5008687376976013], "lowlevel.mfcc.mean": [[0.6081222295761108, 0.14012783765792847, -0.2621181309223175, 0.8291602730751038, -0.015800774097442627, -0.32635122537612915, -0.3468018174171448, 0.18560880422592163, 0.4008251130580902, 1.013526439666748, 1.4215117692947388, 1.7783997058868408, 1.4531341791152954]], "sfx.logattacktime.mean": [0.32902929186820984], "sfx.inharmonicity.mean": [0.5330957174301147]}