{"lowlevel.spectral_centroid.mean": [0.3720743656158447], "lowlevel.spectral_contrast.mean": [[1.0241641998291016, 1.3160018920898438, 0.49150967597961426, 0.30703020095825195, 0.34737420082092285, 0.4128119945526123]], "lowlevel.dissonance.mean": [-0.23900187015533447], "lowlevel.hfc.mean": [0.47860684990882874], "lowlevel.mfcc.mean": [[0.6811120510101318, 0.48734405636787415, 1.0388731956481934, 0.8438568115234375, 0.47299855947494507, 0.12125664949417114, -0.12733691930770874, -0.13663983345031738, -0.08907389640808105, 0.06549543142318726, 0.1939333975315094, 0.36248165369033813, 0.4304240345954895]], "sfx.logattacktime.mean": [0.3997683823108673], "sfx.inharmonicity.mean": [0.7020655870437622]}