{"lowlevel.spectral_centroid.mean": [0.6611737012863159], "lowlevel.spectral_contrast.mean": [[0.4884296655654907, 1.0034749507904053, 0.6905810832977295, 0.6900447607040405, 0.8998346328735352, 0.8231260776519775]], "lowlevel.dissonance.mean": [0.6743617057800293], "lowlevel.hfc.mean": [0.8747742772102356], "lowlevel.mfcc.mean": [[1.2344236373901367, 0.26255476474761963, 0.4963209331035614, 0.7615959048271179, 0.3393353819847107, 0.20996657013893127, 0.38787320256233215, 0.173222154378891, 0.2841489315032959, 0.581922173500061, 0.3638995885848999, 0.7511513233184814, 0.6237232685089111]], "sfx.logattacktime.mean": [0.31381529569625854], "sfx.inharmonicity.mean": [0.6593785285949707]}