{"lowlevel.spectral_centroid.mean": [0.32608532905578613], "lowlevel.spectral_contrast.mean": [[0.8117576837539673, 0.9213874340057373, 0.6907697916030884, 0.6081199645996094, 0.4795858860015869, 0.34948229789733887]], "lowlevel.dissonance.mean": [0.03285348415374756], "lowlevel.hfc.mean": [0.4661841094493866], "lowlevel.mfcc.mean": [[0.4498194456100464, 0.9811955690383911, 0.7735543251037598, 0.31901097297668457, 0.5264915823936462, 0.42168259620666504, 0.21692481637001038, 0.19321370124816895, 0.3353796899318695, 0.37580975890159607, 0.3800998628139496, 0.2152121365070343, 0.24940899014472961]], "sfx.logattacktime.mean": [0.5866299271583557], "sfx.inharmonicity.mean": [0.2328406572341919]}