{"lowlevel.spectral_centroid.mean": [0.3446827232837677], "lowlevel.spectral_contrast.mean": [[0.4573025703430176, 0.22086715698242188, 0.5437417030334473, 0.38360047340393066, 0.49727582931518555, 0.35695767402648926]], "lowlevel.dissonance.mean": [0.5795100927352905], "lowlevel.hfc.mean": [0.4774577021598816], "lowlevel.mfcc.mean": [[0.1536809206008911, 0.24534720182418823, 0.4943125247955322, 0.5109432339668274, 0.5990538597106934, 0.7060275673866272, 0.8885555267333984, 0.8815313577651978, 0.7173612713813782, 0.4878867566585541, 0.44158291816711426, 0.7222265005111694, 1.1211521625518799]], "sfx.logattacktime.mean": [0.2671138644218445], "sfx.inharmonicity.mean": [0.3263462781906128]}