{"lowlevel.spectral_centroid.mean": [0.9632322788238525], "lowlevel.spectral_contrast.mean": [[-0.014316320419311523, 0.08211028575897217, 1.130913496017456, 1.1512928009033203, 0.17323756217956543, 0.21593427658081055]], "lowlevel.dissonance.mean": [0.04198312759399414], "lowlevel.hfc.mean": [0.6093878746032715], "lowlevel.mfcc.mean": [[0.2413855791091919, 0.36561763286590576, 0.1744571328163147, -0.19406628608703613, 0.2575192451477051, 0.9282529354095459, 0.9354938864707947, 0.5350562930107117, 0.3839821219444275, 0.22607910633087158, 0.5630812048912048, 0.33313608169555664, 0.07222190499305725]], "sfx.logattacktime.mean": [0.359821617603302], "sfx.inharmonicity.mean": [0.8286924362182617]}