{"lowlevel.spectral_centroid.mean": [0.32886722683906555], "lowlevel.spectral_contrast.mean": [[0.6078643798828125, 0.6316584348678589, 0.6276097297668457, 0.5220246315002441, 0.45553112030029297, 0.3790092468261719]], "lowlevel.dissonance.mean": [0.5236997604370117], "lowlevel.hfc.mean": [0.46802204847335815], "lowlevel.mfcc.mean": [[0.5461680889129639, 1.026664137840271, 0.6991924047470093, 0.4559413194656372, 0.6428500413894653, 0.5849202275276184, 0.30180561542510986, 0.30473974347114563, 0.6110717058181763, 0.7023131847381592, 0.5559059977531433, 0.22082707285881042, 0.19026708602905273]], "sfx.logattacktime.mean": [0.37566033005714417], "sfx.inharmonicity.mean": [0.2398805320262909]}