{"lowlevel.spectral_centroid.mean": [0.31133779883384705], "lowlevel.spectral_contrast.mean": [[0.7427650094032288, 0.6405470371246338, 0.7464480400085449, 0.6305813789367676, 0.4709939956665039, 0.4976787567138672]], "lowlevel.dissonance.mean": [0.35918939113616943], "lowlevel.hfc.mean": [0.4688042104244232], "lowlevel.mfcc.mean": [[0.4968796968460083, 1.0150237083435059, 0.6944600343704224, 0.33045023679733276, 0.7163282632827759, 0.82183837890625, 0.6300505995750427, 0.43838822841644287, 0.4571661949157715, 0.3352520167827606, 0.2967686951160431, 0.30414649844169617, 0.40788066387176514]], "sfx.logattacktime.mean": [0.7429011464118958], "sfx.inharmonicity.mean": [0.5412479043006897]}