{"lowlevel.spectral_centroid.mean": [0.7402853965759277], "lowlevel.spectral_contrast.mean": [[0.36609041690826416, 0.44463491439819336, 0.3627166748046875, 0.9527723789215088, 1.005704402923584, 0.7913451194763184]], "lowlevel.dissonance.mean": [0.6916100978851318], "lowlevel.hfc.mean": [0.5048255324363708], "lowlevel.mfcc.mean": [[0.47026944160461426, 0.21349792182445526, 0.5153802633285522, 0.6926804184913635, 0.5216299295425415, 0.9216373562812805, 1.1674747467041016, 0.0015286803245544434, -0.09668457508087158, 1.2421152591705322, 1.1536543369293213, 0.48569363355636597, 0.2423737347126007]], "sfx.logattacktime.mean": [0.4506773054599762], "sfx.inharmonicity.mean": [0.6093897819519043]}