{"lowlevel.spectral_centroid.mean": [0.3517879843711853], "lowlevel.spectral_contrast.mean": [[1.0324804782867432, 1.251798391342163, 1.215290904045105, 0.9591915607452393, 0.8132791519165039, 0.5497558116912842]], "lowlevel.dissonance.mean": [0.1986081600189209], "lowlevel.hfc.mean": [0.5025243163108826], "lowlevel.mfcc.mean": [[0.7259472608566284, 0.7814363241195679, 0.0686238706111908, 0.27633094787597656, 0.16342124342918396, 0.04354485869407654, 0.12962651252746582, 0.21926099061965942, 0.461982786655426, 0.1097540557384491, 0.08965137600898743, 0.33876967430114746, 0.17731618881225586]], "sfx.logattacktime.mean": [0.5228203535079956], "sfx.inharmonicity.mean": [0.27245527505874634]}