{"lowlevel.spectral_centroid.mean": [0.34477853775024414], "lowlevel.spectral_contrast.mean": [[0.9031301140785217, 0.5516362190246582, 0.30731916427612305, 0.3156301975250244, 0.35906028747558594, 0.4275496006011963]], "lowlevel.dissonance.mean": [0.44534730911254883], "lowlevel.hfc.mean": [0.4773847162723541], "lowlevel.mfcc.mean": [[0.6753605604171753, 0.37320059537887573, 1.0239953994750977, 1.11549973487854, 1.071831464767456, 0.9013546705245972, 0.6514384746551514, 0.4778707027435303, 0.27553755044937134, 0.1710546612739563, 0.042632997035980225, 0.0022813379764556885, -0.055601537227630615]], "sfx.logattacktime.mean": [0.2601778507232666], "sfx.inharmonicity.mean": [0.24570994079113007]}