{"lowlevel.spectral_centroid.mean": [0.7141791582107544], "lowlevel.spectral_contrast.mean": [[0.5495935678482056, 0.2064037322998047, 0.24164652824401855, 0.22453022003173828, 0.2743091583251953, 0.3825874328613281]], "lowlevel.dissonance.mean": [0.7368042469024658], "lowlevel.hfc.mean": [0.4665747582912445], "lowlevel.mfcc.mean": [[0.1713883876800537, 0.21062321960926056, 0.5471197366714478, 0.68439781665802, 0.6482166051864624, 0.731438398361206, 0.7951864004135132, 0.7529290914535522, 0.7572281360626221, 0.6749392151832581, 0.6653658151626587, 0.6339187622070312, 0.6802575588226318]], "sfx.logattacktime.mean": [0.5758179426193237], "sfx.inharmonicity.mean": [0.8571856021881104]}