{"lowlevel.spectral_centroid.mean": [0.3662773668766022], "lowlevel.spectral_contrast.mean": [[0.6883761882781982, 1.0536519289016724, 1.014291524887085, 1.0371664762496948, 0.797022819519043, 0.5616064071655273]], "lowlevel.dissonance.mean": [0.31553053855895996], "lowlevel.hfc.mean": [0.4735942780971527], "lowlevel.mfcc.mean": [[0.4747415781021118, 0.4161142110824585, 0.1670396327972412, 0.4639839231967926, 0.414762943983078, 0.42140766978263855, 0.4191816449165344, 0.4167722165584564, 0.46289148926734924, 0.4814431667327881, 0.35669493675231934, 0.4215082824230194, 0.7710956335067749]], "sfx.logattacktime.mean": [0.551963210105896], "sfx.inharmonicity.mean": [0.22578492760658264]}