{"lowlevel.spectral_centroid.mean": [0.3765994608402252], "lowlevel.spectral_contrast.mean": [[0.4270066022872925, 0.6841087341308594, 0.7305673360824585, 0.5371208190917969, 0.5407352447509766, 0.44890260696411133]], "lowlevel.dissonance.mean": [0.36397409439086914], "lowlevel.hfc.mean": [0.46670547127723694], "lowlevel.mfcc.mean": [[0.4073905944824219, 0.46761462092399597, 0.3598836064338684, 0.48990145325660706, 0.3292340636253357, 0.23874400556087494, 0.3608301877975464, 0.3306030035018921, 0.22670012712478638, 0.1748161017894745, 0.0434841513633728, 0.00592958927154541, 0.24499008059501648]], "sfx.logattacktime.mean": [0.39630746841430664], "sfx.inharmonicity.mean": [0.35432732105255127]}