{"lowlevel.spectral_centroid.mean": [0.3298417329788208], "lowlevel.spectral_contrast.mean": [[0.5877783298492432, 0.30354130268096924, 0.3760976791381836, 0.39251184463500977, 0.44085264205932617, 0.6531496047973633]], "lowlevel.dissonance.mean": [0.6961133480072021], "lowlevel.hfc.mean": [0.465548574924469], "lowlevel.mfcc.mean": [[0.6600806713104248, 0.5873909592628479, 0.464633047580719, 0.7836608290672302, 0.6624557971954346, 0.8997278213500977, 0.5546846985816956, 0.8930741548538208, 0.6063604354858398, 0.7914944887161255, 0.5255706906318665, 0.7447580099105835, 0.45552298426628113]], "sfx.logattacktime.mean": [0.7118545770645142], "sfx.inharmonicity.mean": [0.6247185468673706]}