{"lowlevel.spectral_centroid.mean": [1.1129207611083984], "lowlevel.spectral_contrast.mean": [[0.24904310703277588, 0.49766528606414795, 0.3423492908477783, 0.4412498474121094, 0.3085777759552002, 0.37922024726867676]], "lowlevel.dissonance.mean": [0.679695725440979], "lowlevel.hfc.mean": [0.46855106949806213], "lowlevel.mfcc.mean": [[0.1686103343963623, 0.366198867559433, 0.469693124294281, 0.27051329612731934, 0.27549415826797485, 0.1912902295589447, 0.3626807630062103, 0.26177307963371277, 0.1893167793750763, 0.4301431179046631, 0.6530081629753113, 0.6254832148551941, 0.6842467188835144]], "sfx.logattacktime.mean": [0.41803446412086487], "sfx.inharmonicity.mean": [0.9031896591186523]}