{"lowlevel.spectral_centroid.mean": [0.48894765973091125], "lowlevel.spectral_contrast.mean": [[0.2591811418533325, 0.23400163650512695, 1.3269509077072144, 0.8960874080657959, 0.8456504344940186, 0.7275152206420898]], "lowlevel.dissonance.mean": [0.7248662710189819], "lowlevel.hfc.mean": [0.4769999384880066], "lowlevel.mfcc.mean": [[0.5825421810150146, 0.03853105753660202, -0.2206839621067047, 0.2744474411010742, 0.48673588037490845, 1.1344408988952637, 1.3131351470947266, 0.8066714406013489, 0.42442306876182556, -0.09644931554794312, 0.01734185218811035, 1.0519325733184814, 1.328169345855713]], "sfx.logattacktime.mean": [0.4417867064476013], "sfx.inharmonicity.mean": [0.44226473569869995]}