{"lowlevel.spectral_centroid.mean": [0.5471372008323669], "lowlevel.spectral_contrast.mean": [[0.5027825832366943, 0.3923546075820923, 0.5621023178100586, 1.2375271320343018, 1.0596110820770264, 0.9563415050506592]], "lowlevel.dissonance.mean": [0.6265486478805542], "lowlevel.hfc.mean": [0.527070939540863], "lowlevel.mfcc.mean": [[0.8167997598648071, 0.35562485456466675, 0.2545936703681946, 0.4131052792072296, 0.4929579198360443, 0.8181915283203125, 0.8106350898742676, 0.4141397476196289, 0.18741300702095032, 1.17795729637146, 0.981067419052124, -0.02164316177368164, 0.424198180437088]], "sfx.logattacktime.mean": [0.4732334315776825], "sfx.inharmonicity.mean": [0.64900141954422]}