{"lowlevel.spectral_centroid.mean": [0.3358927369117737], "lowlevel.spectral_contrast.mean": [[0.7949742078781128, 0.8575304746627808, 0.4581667184829712, 0.30109381675720215, 0.16527485847473145, 0.2004249095916748]], "lowlevel.dissonance.mean": [-0.33107990026474], "lowlevel.hfc.mean": [0.4658866226673126], "lowlevel.mfcc.mean": [[0.2189539670944214, 0.609481692314148, 0.944429874420166, 0.7768834829330444, 0.7272738218307495, 0.6463853716850281, 0.6205775737762451, 0.46492525935173035, 0.3638497292995453, 0.2573128342628479, 0.2542473077774048, 0.23660908639431, 0.32155847549438477]], "sfx.logattacktime.mean": [0.23101714253425598], "sfx.inharmonicity.mean": [0.2215432971715927]}