{"lowlevel.spectral_centroid.mean": [0.6239357590675354], "lowlevel.spectral_contrast.mean": [[0.23695027828216553, 0.1793961524963379, 0.17659544944763184, 0.6717662811279297, 0.4552309513092041, 0.3403482437133789]], "lowlevel.dissonance.mean": [0.686343789100647], "lowlevel.hfc.mean": [0.4668307900428772], "lowlevel.mfcc.mean": [[0.07534456253051758, 0.1345611810684204, 0.44967859983444214, 0.3767382502555847, 0.5012520551681519, 0.5174400806427002, 0.547783374786377, 0.3749764561653137, 0.3775700330734253, 0.619222104549408, 0.5686800479888916, 0.42908352613449097, 0.5186343193054199]], "sfx.logattacktime.mean": [0.4031418561935425], "sfx.inharmonicity.mean": [0.6079670190811157]}