{"lowlevel.spectral_centroid.mean": [0.33237752318382263], "lowlevel.spectral_contrast.mean": [[0.9658885598182678, 0.7666717767715454, 0.4148496389389038, 0.41993165016174316, 0.4162178039550781, 0.42239832878112793]], "lowlevel.dissonance.mean": [0.17560124397277832], "lowlevel.hfc.mean": [0.4739023447036743], "lowlevel.mfcc.mean": [[0.4387091398239136, 0.635761022567749, 0.7241527438163757, 0.9152074456214905, 0.6973652243614197, 0.45035019516944885, 0.2554745376110077, 0.1463978886604309, 0.20737332105636597, 0.16337913274765015, 0.053813666105270386, -0.04047781229019165, 0.06463465094566345]], "sfx.logattacktime.mean": [0.553236186504364], "sfx.inharmonicity.mean": [0.29563266038894653]}