{"lowlevel.spectral_centroid.mean": [0.31354549527168274], "lowlevel.spectral_contrast.mean": [[0.7530694007873535, 0.8487974405288696, 0.6546114683151245, 0.451373815536499, 0.2906615734100342, 0.30871129035949707]], "lowlevel.dissonance.mean": [-0.07700228691101074], "lowlevel.hfc.mean": [0.465922474861145], "lowlevel.mfcc.mean": [[0.3313699960708618, 0.8376226425170898, 0.9964994192123413, 0.6326364278793335, 0.6363959312438965, 0.7326192855834961, 0.8481089472770691, 0.9118465185165405, 1.0304781198501587, 0.9460686445236206, 0.7198143601417542, 0.398801326751709, 0.23345696926116943]], "sfx.logattacktime.mean": [0.9986379146575928], "sfx.inharmonicity.mean": [0.23168125748634338]}