{"lowlevel.spectral_centroid.mean": [0.3350547254085541], "lowlevel.spectral_contrast.mean": [[0.32775115966796875, 0.8391710519790649, 0.4956761598587036, 0.33225131034851074, 0.24942803382873535, 0.2434844970703125]], "lowlevel.dissonance.mean": [0.17250800132751465], "lowlevel.hfc.mean": [0.4660119116306305], "lowlevel.mfcc.mean": [[0.18523287773132324, 0.4781365394592285, 0.7322745323181152, 0.5537052154541016, 0.5132840871810913, 0.3802293539047241, 0.3094996213912964, 0.15436431765556335, 0.07186660170555115, -0.0029757320880889893, 0.04374927282333374, 0.09991532564163208, 0.2569618225097656]], "sfx.logattacktime.mean": [0.11776340007781982], "sfx.inharmonicity.mean": [0.23713602125644684]}