{"lowlevel.spectral_centroid.mean": [0.3395649790763855], "lowlevel.spectral_contrast.mean": [[0.8680821061134338, 0.5928020477294922, 0.4595372676849365, 0.4003303050994873, 0.3830277919769287, 0.3212623596191406]], "lowlevel.dissonance.mean": [0.15149331092834473], "lowlevel.hfc.mean": [0.4687918424606323], "lowlevel.mfcc.mean": [[0.2536402940750122, 0.6236639022827148, 0.8457165956497192, 0.7372891902923584, 0.7660676836967468, 0.5524911880493164, 0.4842485189437866, 0.5090694427490234, 0.45548173785209656, 0.23855909705162048, 0.22185444831848145, 0.19047871232032776, 0.07275331020355225]], "sfx.logattacktime.mean": [0.2337302267551422], "sfx.inharmonicity.mean": [0.1984201818704605]}