{"lowlevel.spectral_centroid.mean": [0.30944380164146423], "lowlevel.spectral_contrast.mean": [[0.6328286528587341, 0.69206702709198, 0.4631534814834595, 0.34395933151245117, 0.3010585308074951, 0.3124656677246094]], "lowlevel.dissonance.mean": [0.23554491996765137], "lowlevel.hfc.mean": [0.4660934507846832], "lowlevel.mfcc.mean": [[0.38380658626556396, 0.924443244934082, 1.0761890411376953, 0.7864843606948853, 0.6595062017440796, 0.522594153881073, 0.4735717177391052, 0.4089258313179016, 0.42809227108955383, 0.4237903952598572, 0.43427056074142456, 0.4355262517929077, 0.5210381746292114]], "sfx.logattacktime.mean": [0.7390892505645752], "sfx.inharmonicity.mean": [0.2393365204334259]}