{"lowlevel.spectral_centroid.mean": [0.31104138493537903], "lowlevel.spectral_contrast.mean": [[0.8918465375900269, 0.6849267482757568, 0.6987658739089966, 0.5597710609436035, 0.3803832530975342, 0.38135743141174316]], "lowlevel.dissonance.mean": [0.35261058807373047], "lowlevel.hfc.mean": [0.47221553325653076], "lowlevel.mfcc.mean": [[0.5603278875350952, 1.1000146865844727, 0.834476888179779, 0.5916774272918701, 0.6579515933990479, 0.6512481570243835, 0.4067627191543579, 0.2672748565673828, 0.4670473337173462, 0.6151148080825806, 0.6268635392189026, 0.3097899258136749, 0.06619724631309509]], "sfx.logattacktime.mean": [0.8799551725387573], "sfx.inharmonicity.mean": [0.20516841113567352]}