{"lowlevel.spectral_centroid.mean": [0.4376462399959564], "lowlevel.spectral_contrast.mean": [[0.21181988716125488, 0.9093338251113892, 1.3470497131347656, 0.7333130836486816, 0.3361167907714844, 0.3794426918029785]], "lowlevel.dissonance.mean": [0.10389745235443115], "lowlevel.hfc.mean": [0.48239004611968994], "lowlevel.mfcc.mean": [[0.6004749536514282, 0.3906083106994629, 0.37223756313323975, -0.32385677099227905, -0.18963021039962769, 0.32161062955856323, 0.5137470960617065, 0.40364721417427063, 0.11634933948516846, -0.03489619493484497, -0.0978427529335022, 0.10330826044082642, 0.5318872332572937]], "sfx.logattacktime.mean": [0.2337302267551422], "sfx.inharmonicity.mean": [0.5260430574417114]}