{"lowlevel.spectral_centroid.mean": [0.33428293466567993], "lowlevel.spectral_contrast.mean": [[0.6959954500198364, 0.7888894081115723, 0.5960413217544556, 0.36461925506591797, 0.31769251823425293, 0.31755638122558594]], "lowlevel.dissonance.mean": [0.030242085456848145], "lowlevel.hfc.mean": [0.4658970534801483], "lowlevel.mfcc.mean": [[0.2886490821838379, 0.6135120391845703, 0.7220708131790161, 0.49927017092704773, 0.32914668321609497, 0.14607906341552734, 0.14824187755584717, -0.02076268196105957, 0.014194846153259277, 0.08551377058029175, 0.12771859765052795, 0.07602816820144653, 0.05333724617958069]], "sfx.logattacktime.mean": [0.24206990003585815], "sfx.inharmonicity.mean": [0.5212624073028564]}