{"lowlevel.spectral_centroid.mean": [0.34506115317344666], "lowlevel.spectral_contrast.mean": [[0.9635781645774841, 0.32566773891448975, 0.2745962142944336, 0.3020498752593994, 0.34219813346862793, 0.40392231941223145]], "lowlevel.dissonance.mean": [0.6303560733795166], "lowlevel.hfc.mean": [0.46794041991233826], "lowlevel.mfcc.mean": [[0.5669549703598022, 0.27549153566360474, 0.921230673789978, 1.056505560874939, 1.1408673524856567, 1.1076678037643433, 0.9728990793228149, 0.8792078495025635, 0.697577953338623, 0.5943706631660461, 0.4538475573062897, 0.3781965970993042, 0.27836573123931885]], "sfx.logattacktime.mean": [0.24979889392852783], "sfx.inharmonicity.mean": [0.21309250593185425]}