{"lowlevel.spectral_centroid.mean": [0.5944123864173889], "lowlevel.spectral_contrast.mean": [[0.20173346996307373, 0.16901397705078125, 0.18546581268310547, 1.0036742687225342, 0.5288739204406738, 0.41382670402526855]], "lowlevel.dissonance.mean": [0.7466275691986084], "lowlevel.hfc.mean": [0.4712164103984833], "lowlevel.mfcc.mean": [[0.09659349918365479, 0.12288512289524078, 0.3978131115436554, 0.3535752296447754, 0.6058560013771057, 0.6670979857444763, 0.40179166197776794, 0.16603443026542664, 0.5593619346618652, 1.0397372245788574, 0.29620200395584106, 0.26085495948791504, 0.4509277939796448]], "sfx.logattacktime.mean": [0.7351493835449219], "sfx.inharmonicity.mean": [0.6641349196434021]}