{"lowlevel.spectral_centroid.mean": [0.4788232445716858], "lowlevel.spectral_contrast.mean": [[0.8543985486030579, 1.051353931427002, 1.173837423324585, 1.3210878372192383, 1.2692590951919556, 1.256263256072998]], "lowlevel.dissonance.mean": [0.6633179187774658], "lowlevel.hfc.mean": [0.9431895017623901], "lowlevel.mfcc.mean": [[1.2365843057632446, 0.48275142908096313, 0.2089976966381073, 0.3623165786266327, 0.2655526399612427, 0.4232955574989319, 0.32938462495803833, 0.3485381603240967, 0.41325801610946655, 0.21233490109443665, 0.20736387372016907, 0.46573659777641296, 0.19842258095741272]], "sfx.logattacktime.mean": [0.3006611764431], "sfx.inharmonicity.mean": [0.48049142956733704]}