{"lowlevel.spectral_centroid.mean": [1.078184962272644], "lowlevel.spectral_contrast.mean": [[0.3922010660171509, 0.18953430652618408, 0.2354295253753662, 0.26959824562072754, 0.4671502113342285, 0.8604366779327393]], "lowlevel.dissonance.mean": [0.7189738750457764], "lowlevel.hfc.mean": [0.4740806818008423], "lowlevel.mfcc.mean": [[0.1770700216293335, 0.05069730430841446, 0.6480758190155029, 0.4045717120170593, 0.9782795906066895, 0.4146285653114319, 0.8237943649291992, 0.8581923842430115, 0.7561260461807251, 0.5621301531791687, 0.7237678170204163, 0.9887037873268127, 0.31627508997917175]], "sfx.logattacktime.mean": [0.6351056694984436], "sfx.inharmonicity.mean": [0.7774252891540527]}