{"lowlevel.spectral_centroid.mean": [0.3536563813686371], "lowlevel.spectral_contrast.mean": [[1.0283126831054688, 0.49249958992004395, 0.31198692321777344, 0.2957274913787842, 0.33066821098327637, 0.3286111354827881]], "lowlevel.dissonance.mean": [0.06391692161560059], "lowlevel.hfc.mean": [0.471333384513855], "lowlevel.mfcc.mean": [[0.34450995922088623, 0.6287757158279419, 0.8247700929641724, 0.9812816381454468, 0.923065721988678, 0.7784305810928345, 0.6950892210006714, 0.6196072101593018, 0.6723189353942871, 0.6678016781806946, 0.5783122181892395, 0.4346713721752167, 0.40888941287994385]], "sfx.logattacktime.mean": [0.6431925296783447], "sfx.inharmonicity.mean": [0.2536271810531616]}