{"lowlevel.spectral_centroid.mean": [0.3966199457645416], "lowlevel.spectral_contrast.mean": [[0.18144583702087402, 1.5508341789245605, 0.6459490060806274, 1.794721245765686, 1.418320655822754, 0.944232702255249]], "lowlevel.dissonance.mean": [0.22643721103668213], "lowlevel.hfc.mean": [0.4865092635154724], "lowlevel.mfcc.mean": [[0.5426499843597412, 0.3553655445575714, 0.03206932544708252, 0.4423341453075409, -0.005215048789978027, 0.21339313685894012, 0.5218812227249146, 0.3382606506347656, 0.46219712495803833, 1.538358449935913, 1.7563719749450684, 1.1090290546417236, 0.6205555200576782]], "sfx.logattacktime.mean": [0.33724936842918396], "sfx.inharmonicity.mean": [0.3101198673248291]}