{"lowlevel.spectral_centroid.mean": [0.7276120781898499], "lowlevel.spectral_contrast.mean": [[0.17218446731567383, 0.17534983158111572, 0.260528564453125, 0.6902060508728027, 0.619370698928833, 0.7595217227935791]], "lowlevel.dissonance.mean": [0.6337891817092896], "lowlevel.hfc.mean": [0.5006927847862244], "lowlevel.mfcc.mean": [[0.14310085773468018, 0.08950670063495636, 0.5557324886322021, 0.48847565054893494, 0.4749297797679901, 1.125072956085205, 0.8074910640716553, 0.3565673828125, 0.2783518433570862, 0.38222023844718933, 0.9203858971595764, 0.6911076903343201, 0.8619143962860107]], "sfx.logattacktime.mean": [0.5946475863456726], "sfx.inharmonicity.mean": [0.7572007179260254]}