{"lowlevel.spectral_centroid.mean": [0.35964280366897583], "lowlevel.spectral_contrast.mean": [[0.35168278217315674, 0.6436069011688232, 0.38150787353515625, 0.3719024658203125, 0.31110692024230957, 0.29972219467163086]], "lowlevel.dissonance.mean": [0.10683608055114746], "lowlevel.hfc.mean": [0.4651179909706116], "lowlevel.mfcc.mean": [[0.14510107040405273, 0.3163996934890747, 0.473663330078125, 0.35183003544807434, 0.3288729786872864, 0.10022523999214172, 0.10714676976203918, 0.09510737657546997, 0.17724961042404175, 0.3303648829460144, 0.5196359157562256, 0.5862599611282349, 0.7490260004997253]], "sfx.logattacktime.mean": [0.22514715790748596], "sfx.inharmonicity.mean": [0.26893314719200134]}