{"lowlevel.spectral_centroid.mean": [0.3070421516895294], "lowlevel.spectral_contrast.mean": [[0.5891580581665039, 0.5193543434143066, 0.41945719718933105, 0.39850759506225586, 0.3800489902496338, 0.3182642459869385]], "lowlevel.dissonance.mean": [0.45500755310058594], "lowlevel.hfc.mean": [0.46510520577430725], "lowlevel.mfcc.mean": [[0.3137325048446655, 0.767153263092041, 0.856825053691864, 0.512516438961029, 0.6571947336196899, 0.7168593406677246, 0.6066727638244629, 0.4594772756099701, 0.5356138348579407, 0.5490356683731079, 0.5485573410987854, 0.5389896631240845, 0.6310233473777771]], "sfx.logattacktime.mean": [0.45295295119285583], "sfx.inharmonicity.mean": [0.20453938841819763]}