{"lowlevel.spectral_centroid.mean": [0.33719536662101746], "lowlevel.spectral_contrast.mean": [[0.4158344268798828, 0.7956682443618774, 0.6535471677780151, 0.6558535099029541, 0.6544885635375977, 0.4183032512664795]], "lowlevel.dissonance.mean": [0.6230789422988892], "lowlevel.hfc.mean": [0.4691428542137146], "lowlevel.mfcc.mean": [[0.5610129833221436, 0.9801051616668701, 0.6465480327606201, 0.365549772977829, 0.3861835300922394, 0.38004982471466064, 0.6013309955596924, 0.5083072781562805, 0.2144688069820404, 0.5302046537399292, 0.7430741786956787, 0.05735120177268982, 0.3274890184402466]], "sfx.logattacktime.mean": [0.34659963846206665], "sfx.inharmonicity.mean": [0.290221631526947]}