{"lowlevel.spectral_centroid.mean": [0.38208478689193726], "lowlevel.spectral_contrast.mean": [[0.9058456420898438, 1.2160990238189697, 1.2818470001220703, 1.135895848274231, 0.7513904571533203, 0.37099409103393555]], "lowlevel.dissonance.mean": [-0.4175775647163391], "lowlevel.hfc.mean": [0.4794817864894867], "lowlevel.mfcc.mean": [[0.4912816286087036, 0.8299715518951416, 0.4628671407699585, 0.07874327898025513, 0.12230414152145386, 0.16828858852386475, 0.35353776812553406, 0.5602052211761475, 0.37781065702438354, 0.08027967810630798, 0.13314521312713623, 0.36932867765426636, 0.5394421219825745]], "sfx.logattacktime.mean": [0.22012263536453247], "sfx.inharmonicity.mean": [0.32602357864379883]}