{"lowlevel.spectral_centroid.mean": [0.3033684194087982], "lowlevel.spectral_contrast.mean": [[0.6167620420455933, 0.3268556594848633, 0.18326354026794434, 0.16906332969665527, 0.17181992530822754, 0.22096467018127441]], "lowlevel.dissonance.mean": [0.3874325752258301], "lowlevel.hfc.mean": [0.46534624695777893], "lowlevel.mfcc.mean": [[0.14676034450531006, 0.3946453034877777, 0.7753722667694092, 0.8158614039421082, 0.9163464903831482, 0.8739626407623291, 0.8563421964645386, 0.7746961116790771, 0.7567569613456726, 0.6745865941047668, 0.6379085183143616, 0.5732312202453613, 0.5478177666664124]], "sfx.logattacktime.mean": [0.24603909254074097], "sfx.inharmonicity.mean": [0.21776846051216125]}