{"lowlevel.spectral_centroid.mean": [0.31737804412841797], "lowlevel.spectral_contrast.mean": [[0.4644409418106079, 0.7490411996841431, 0.48999273777008057, 0.37203383445739746, 0.24918079376220703, 0.2225048542022705]], "lowlevel.dissonance.mean": [-0.32451409101486206], "lowlevel.hfc.mean": [0.46552231907844543], "lowlevel.mfcc.mean": [[0.08617424964904785, 0.762869119644165, 1.0096524953842163, 0.788977324962616, 0.6459774971008301, 0.3868873119354248, 0.21527618169784546, 0.10890454053878784, 0.16719722747802734, 0.2631617486476898, 0.3946987986564636, 0.33341890573501587, 0.3149253726005554]], "sfx.logattacktime.mean": [0.2632051110267639], "sfx.inharmonicity.mean": [0.7129286527633667]}