{"lowlevel.spectral_centroid.mean": [0.39855217933654785], "lowlevel.spectral_contrast.mean": [[0.41518378257751465, 1.37125563621521, 1.3850113153457642, 1.1972416639328003, 1.3408972024917603, 0.7821526527404785]], "lowlevel.dissonance.mean": [0.13160693645477295], "lowlevel.hfc.mean": [0.536552906036377], "lowlevel.mfcc.mean": [[0.6746813058853149, 0.4283268451690674, 0.11238053441047668, 0.45160406827926636, 0.12156286835670471, 0.11149027943611145, 0.18340659141540527, 0.7784828543663025, 0.8335893154144287, 0.7071300745010376, 1.254284381866455, 1.5742164850234985, 1.3712708950042725]], "sfx.logattacktime.mean": [0.5247886180877686], "sfx.inharmonicity.mean": [0.4900025725364685]}