{"lowlevel.spectral_centroid.mean": [0.3144986927509308], "lowlevel.spectral_contrast.mean": [[0.40494251251220703, 0.439480185508728, 0.5124959945678711, 0.3077082633972168, 0.21267366409301758, 0.24446678161621094]], "lowlevel.dissonance.mean": [-0.1480584740638733], "lowlevel.hfc.mean": [0.4652895927429199], "lowlevel.mfcc.mean": [[0.1697249412536621, 1.0081466436386108, 1.2461743354797363, 0.8101168870925903, 0.5068846940994263, 0.34667500853538513, 0.35604265332221985, 0.2967051863670349, 0.3409942388534546, 0.38810956478118896, 0.43275994062423706, 0.29949304461479187, 0.2023904025554657]], "sfx.logattacktime.mean": [0.8307096362113953], "sfx.inharmonicity.mean": [0.8699599504470825]}