{"lowlevel.spectral_centroid.mean": [0.6448752880096436], "lowlevel.spectral_contrast.mean": [[0.29885804653167725, 0.2295372486114502, 0.27843451499938965, 0.29146313667297363, 0.4805910587310791, 0.4917471408843994]], "lowlevel.dissonance.mean": [0.7358146905899048], "lowlevel.hfc.mean": [0.4651424288749695], "lowlevel.mfcc.mean": [[0.27218711376190186, 0.27655482292175293, 0.4246615171432495, 0.5548264980316162, 0.20413178205490112, 0.7777941226959229, 0.8501322269439697, 0.6080132722854614, 0.7168866991996765, 0.708389937877655, 0.4961889386177063, 0.5936042666435242, 0.7396446466445923]], "sfx.logattacktime.mean": [0.6452623605728149], "sfx.inharmonicity.mean": [0.8810286521911621]}