{"lowlevel.spectral_centroid.mean": [0.3434794843196869], "lowlevel.spectral_contrast.mean": [[0.40881550312042236, 0.44913268089294434, 0.46486878395080566, 0.4885094165802002, 0.5700790882110596, 0.3265876770019531]], "lowlevel.dissonance.mean": [0.537535548210144], "lowlevel.hfc.mean": [0.4674195349216461], "lowlevel.mfcc.mean": [[0.4956091642379761, 0.917258620262146, 0.4973456859588623, 0.2984161972999573, 0.5215840339660645, 0.35852378606796265, 0.4808807075023651, 0.45893412828445435, 0.5341800451278687, 0.6401824355125427, 0.5937846899032593, 0.4587703049182892, 0.4609696567058563]], "sfx.logattacktime.mean": [0.4851497411727905], "sfx.inharmonicity.mean": [0.3215770721435547]}