{"lowlevel.spectral_centroid.mean": [0.31184470653533936], "lowlevel.spectral_contrast.mean": [[0.601242184638977, 0.4188433885574341, 0.18057703971862793, 0.1622331142425537, 0.1634681224822998, 0.2052769660949707]], "lowlevel.dissonance.mean": [0.25147545337677], "lowlevel.hfc.mean": [0.46539998054504395], "lowlevel.mfcc.mean": [[0.14121472835540771, 0.43449875712394714, 0.8754639029502869, 0.9369359016418457, 1.0426582098007202, 0.9752987623214722, 0.9368884563446045, 0.8122447729110718, 0.7430355548858643, 0.6396711468696594, 0.6067665815353394, 0.5526617765426636, 0.5489935278892517]], "sfx.logattacktime.mean": [0.2780506908893585], "sfx.inharmonicity.mean": [0.20482006669044495]}