{"lowlevel.spectral_centroid.mean": [0.334661602973938], "lowlevel.spectral_contrast.mean": [[0.579918384552002, 0.5875195264816284, 0.5912837982177734, 0.4955906867980957, 0.36727452278137207, 0.35964369773864746]], "lowlevel.dissonance.mean": [0.4146641492843628], "lowlevel.hfc.mean": [0.46832388639450073], "lowlevel.mfcc.mean": [[0.49049830436706543, 0.9891533851623535, 0.8085746765136719, 0.5503852963447571, 0.6194688081741333, 0.5918112993240356, 0.40251147747039795, 0.3010694980621338, 0.46883589029312134, 0.5805574059486389, 0.5606866478919983, 0.29917389154434204, 0.16335511207580566]], "sfx.logattacktime.mean": [0.8448219299316406], "sfx.inharmonicity.mean": [0.2523067593574524]}