{"lowlevel.spectral_centroid.mean": [0.3876631259918213], "lowlevel.spectral_contrast.mean": [[0.7679530382156372, 0.43022847175598145, 0.26363301277160645, 0.29087162017822266, 0.32789087295532227, 0.3898286819458008]], "lowlevel.dissonance.mean": [0.524232029914856], "lowlevel.hfc.mean": [0.46860358119010925], "lowlevel.mfcc.mean": [[0.5332707166671753, 0.3222849667072296, 0.9675978422164917, 1.0694373846054077, 1.0645685195922852, 0.9340287446975708, 0.7076473832130432, 0.5456581115722656, 0.33766451478004456, 0.22220328450202942, 0.09097558259963989, 0.025473177433013916, -0.046768128871917725]], "sfx.logattacktime.mean": [0.22749832272529602], "sfx.inharmonicity.mean": [0.2778637707233429]}