{"lowlevel.spectral_centroid.mean": [0.43525850772857666], "lowlevel.spectral_contrast.mean": [[0.6836199760437012, 1.2226722240447998, 1.2821755409240723, 0.6547892093658447, 0.3337090015411377, 0.39082860946655273]], "lowlevel.dissonance.mean": [0.007753729820251465], "lowlevel.hfc.mean": [0.48475614190101624], "lowlevel.mfcc.mean": [[0.6452368497848511, 0.450970321893692, 0.5077563524246216, -0.27820324897766113, -0.4252447485923767, -0.0032599270343780518, 0.3897026777267456, 0.5272508263587952, 0.3428650498390198, 0.16889479756355286, -0.004930257797241211, -0.005752384662628174, 0.08708563446998596]], "sfx.logattacktime.mean": [0.309739887714386], "sfx.inharmonicity.mean": [0.3850657641887665]}