{"lowlevel.spectral_centroid.mean": [0.5370153188705444], "lowlevel.spectral_contrast.mean": [[0.3050835132598877, 0.16796660423278809, 0.19513678550720215, 0.18801307678222656, 0.8003940582275391, 0.29871082305908203]], "lowlevel.dissonance.mean": [0.721505880355835], "lowlevel.hfc.mean": [0.4728328585624695], "lowlevel.mfcc.mean": [[0.07422411441802979, 0.1331799179315567, 0.478153258562088, 0.5404637455940247, 0.48720458149909973, 0.4163798391819, 0.827184796333313, 0.4091199040412903, 0.5235791802406311, 0.8230178356170654, 0.4967426359653473, 0.4285874664783478, 0.9510108232498169]], "sfx.logattacktime.mean": [0.20057839155197144], "sfx.inharmonicity.mean": [0.6900752782821655]}