{"lowlevel.spectral_centroid.mean": [0.36388498544692993], "lowlevel.spectral_contrast.mean": [[0.35585880279541016, 0.2777673006057739, 0.2908506393432617, 0.2934391498565674, 0.3366274833679199, 0.3307814598083496]], "lowlevel.dissonance.mean": [0.6933342218399048], "lowlevel.hfc.mean": [0.46511000394821167], "lowlevel.mfcc.mean": [[0.40188848972320557, 0.48348963260650635, 0.5990787744522095, 0.6602488160133362, 0.8083590269088745, 0.6485344767570496, 0.7118280529975891, 0.7022603154182434, 0.655686616897583, 0.5764580965042114, 0.621221661567688, 0.45574358105659485, 0.46780475974082947]], "sfx.logattacktime.mean": [0.8185734748840332], "sfx.inharmonicity.mean": [0.3034919798374176]}