{"lowlevel.spectral_centroid.mean": [0.3367498815059662], "lowlevel.spectral_contrast.mean": [[0.7473350167274475, 0.9266210794448853, 0.7300223112106323, 0.69408118724823, 0.6287283897399902, 0.4135746955871582]], "lowlevel.dissonance.mean": [0.31498515605926514], "lowlevel.hfc.mean": [0.467410147190094], "lowlevel.mfcc.mean": [[0.5356993675231934, 0.6718215942382812, 0.4290125072002411, 0.35719868540763855, 0.5240525603294373, 0.3130781054496765, 0.2329505980014801, 0.23195478320121765, 0.04917660355567932, 0.10104304552078247, 0.1537388563156128, 0.04782676696777344, 0.12649372220039368]], "sfx.logattacktime.mean": [0.6001087427139282], "sfx.inharmonicity.mean": [0.35302621126174927]}