{"lowlevel.spectral_centroid.mean": [0.7097138166427612], "lowlevel.spectral_contrast.mean": [[0.4710981845855713, 0.37733983993530273, 0.2926657199859619, 0.3387129306793213, 0.35678577423095703, 0.2825191020965576]], "lowlevel.dissonance.mean": [0.5196189880371094], "lowlevel.hfc.mean": [0.46792396903038025], "lowlevel.mfcc.mean": [[0.16272783279418945, 0.29809653759002686, 0.532725989818573, 0.5575180053710938, 0.5796335339546204, 0.4646405875682831, 0.44010958075523376, 0.3862276077270508, 0.41607967019081116, 0.40676507353782654, 0.38383007049560547, 0.29890650510787964, 0.3111177980899811]], "sfx.logattacktime.mean": [0.3759745955467224], "sfx.inharmonicity.mean": [0.5731464624404907]}