{"lowlevel.spectral_centroid.mean": [0.5184749960899353], "lowlevel.spectral_contrast.mean": [[0.6979116201400757, 0.5447461605072021, 0.4128304719924927, 0.5411994457244873, 0.389298677444458, 0.3328433036804199]], "lowlevel.dissonance.mean": [0.476886510848999], "lowlevel.hfc.mean": [0.4651622474193573], "lowlevel.mfcc.mean": [[0.2605031728744507, 0.5133219957351685, 0.4416694641113281, 0.23359201848506927, 0.3686872124671936, 0.24672770500183105, 0.2314804494380951, 0.11381131410598755, 0.15937605500221252, 0.13617387413978577, 0.06792479753494263, 0.1182195246219635, 0.21302753686904907]], "sfx.logattacktime.mean": [0.5538935661315918], "sfx.inharmonicity.mean": [0.4755653738975525]}