{"lowlevel.spectral_centroid.mean": [0.3680492639541626], "lowlevel.spectral_contrast.mean": [[0.6902946829795837, 0.7338602542877197, 0.5472536087036133, 0.3365309238433838, 0.20763325691223145, 0.19929742813110352]], "lowlevel.dissonance.mean": [-0.11357635259628296], "lowlevel.hfc.mean": [0.4665885865688324], "lowlevel.mfcc.mean": [[0.21069824695587158, 0.5592328310012817, 0.8162696361541748, 0.6106352806091309, 0.6297754645347595, 0.5950735807418823, 0.6237473487854004, 0.6243125796318054, 0.7046904563903809, 0.7044577598571777, 0.717292308807373, 0.6595345735549927, 0.6039822697639465]], "sfx.logattacktime.mean": [0.23881995677947998], "sfx.inharmonicity.mean": [0.26698219776153564]}