{"lowlevel.spectral_centroid.mean": [0.5352166295051575], "lowlevel.spectral_contrast.mean": [[0.5738881826400757, 0.21278655529022217, 0.25304245948791504, 0.4926633834838867, 0.4030742645263672, 0.6104140281677246]], "lowlevel.dissonance.mean": [0.6468842029571533], "lowlevel.hfc.mean": [0.47808733582496643], "lowlevel.mfcc.mean": [[0.16540348529815674, 0.20160633325576782, 0.679399847984314, 0.5494352579116821, 0.8877739310264587, 0.8684592247009277, 0.7957032918930054, 0.7783821821212769, 0.8477945327758789, 1.0825965404510498, 0.5138687491416931, 0.6791020035743713, 0.8221276998519897]], "sfx.logattacktime.mean": [0.46097657084465027], "sfx.inharmonicity.mean": [0.36522918939590454]}