{"lowlevel.spectral_centroid.mean": [0.3237013816833496], "lowlevel.spectral_contrast.mean": [[0.7812950611114502, 0.5298284292221069, 0.3020925521850586, 0.18257570266723633, 0.16187810897827148, 0.2037043571472168]], "lowlevel.dissonance.mean": [0.06929278373718262], "lowlevel.hfc.mean": [0.46549907326698303], "lowlevel.mfcc.mean": [[0.16199791431427002, 0.47985008358955383, 0.8808197975158691, 0.8378864526748657, 0.8416445851325989, 0.7389841079711914, 0.7438490986824036, 0.713387668132782, 0.7429255247116089, 0.7213720083236694, 0.754244863986969, 0.7562904953956604, 0.7759082317352295]], "sfx.logattacktime.mean": [0.2557736337184906], "sfx.inharmonicity.mean": [0.19687414169311523]}