{"lowlevel.spectral_centroid.mean": [0.6614664793014526], "lowlevel.spectral_contrast.mean": [[0.32330119609832764, 0.3267388343811035, 0.3712577819824219, 0.3773949146270752, 0.4306526184082031, 0.41008687019348145]], "lowlevel.dissonance.mean": [0.7174358367919922], "lowlevel.hfc.mean": [0.46564948558807373], "lowlevel.mfcc.mean": [[0.6549956798553467, 0.2945443391799927, 0.34498196840286255, 0.2497677206993103, 0.4077921509742737, 0.1813616156578064, 0.2466275990009308, 0.28308624029159546, 0.42948901653289795, 0.43528610467910767, 0.5169298648834229, 0.46425825357437134, 0.4240759313106537]], "sfx.logattacktime.mean": [0.8135479688644409], "sfx.inharmonicity.mean": [0.9000095129013062]}