{"lowlevel.spectral_centroid.mean": [0.905524492263794], "lowlevel.spectral_contrast.mean": [[0.2410186529159546, 0.30064380168914795, 0.3373551368713379, 0.44352054595947266, 0.3213183879852295, 0.3546774387359619]], "lowlevel.dissonance.mean": [0.6590468883514404], "lowlevel.hfc.mean": [0.4654325544834137], "lowlevel.mfcc.mean": [[0.41767048835754395, 0.5414469242095947, 0.6965429782867432, 0.1849062740802765, 0.36480242013931274, 0.6759570240974426, 0.5688309669494629, 0.5205380916595459, 0.6285760402679443, 0.34090518951416016, 0.524803102016449, 0.4896351397037506, 0.6669881343841553]], "sfx.logattacktime.mean": [0.7325598001480103], "sfx.inharmonicity.mean": [0.4776603579521179]}