{"lowlevel.spectral_centroid.mean": [0.4582555294036865], "lowlevel.spectral_contrast.mean": [[0.26246190071105957, 0.250149130821228, 0.7801179885864258, 1.1694947481155396, 0.27941298484802246, 0.32262730598449707]], "lowlevel.dissonance.mean": [0.3000009059906006], "lowlevel.hfc.mean": [0.4839968979358673], "lowlevel.mfcc.mean": [[0.4177374839782715, 0.4583393931388855, 0.35502761602401733, 0.04577341675758362, 0.53090500831604, 0.9444087743759155, 0.8320403695106506, 0.43468379974365234, 0.366719126701355, 0.3978995680809021, 0.2244761884212494, 0.0949755311012268, 0.4108474552631378]], "sfx.logattacktime.mean": [0.4737684428691864], "sfx.inharmonicity.mean": [0.5739713907241821]}