{"lowlevel.spectral_centroid.mean": [0.4937777519226074], "lowlevel.spectral_contrast.mean": [[0.4095665216445923, 0.41031312942504883, 0.34623074531555176, 0.5226352214813232, 0.7499387264251709, 0.4513280391693115]], "lowlevel.dissonance.mean": [0.6766024827957153], "lowlevel.hfc.mean": [0.4723206162452698], "lowlevel.mfcc.mean": [[0.3530236482620239, 0.4436212480068207, 0.31937775015830994, 0.5953180193901062, 0.8075051307678223, 0.4182246923446655, 0.19215893745422363, 0.415250301361084, 0.6023668646812439, 0.5263341665267944, 0.40908440947532654, 0.499199241399765, 0.9070912599563599]], "sfx.logattacktime.mean": [0.27801138162612915], "sfx.inharmonicity.mean": [0.5218790769577026]}