{"lowlevel.spectral_centroid.mean": [0.31741997599601746], "lowlevel.spectral_contrast.mean": [[0.6738255023956299, 0.42418932914733887, 0.3795285224914551, 0.31339192390441895, 0.2707960605621338, 0.2893667221069336]], "lowlevel.dissonance.mean": [0.31446516513824463], "lowlevel.hfc.mean": [0.4674813151359558], "lowlevel.mfcc.mean": [[0.35350871086120605, 0.843352198600769, 1.0365116596221924, 0.896553099155426, 0.8216164708137512, 0.6714423894882202, 0.5815403461456299, 0.542041540145874, 0.6253718733787537, 0.6187670230865479, 0.6172839999198914, 0.5457212328910828, 0.5016746520996094]], "sfx.logattacktime.mean": [0.8252148628234863], "sfx.inharmonicity.mean": [0.20669783651828766]}