{"lowlevel.spectral_centroid.mean": [0.5208907127380371], "lowlevel.spectral_contrast.mean": [[0.4471958875656128, 0.6375911235809326, 0.7291010618209839, 0.6136658191680908, 0.4436476230621338, 0.3841102123260498]], "lowlevel.dissonance.mean": [0.4960106611251831], "lowlevel.hfc.mean": [0.4698219895362854], "lowlevel.mfcc.mean": [[0.6396344900131226, 0.43403705954551697, 0.4632360637187958, 0.19983384013175964, 0.4142184555530548, 0.43902307748794556, 0.6312425136566162, 0.6202720999717712, 0.7216023802757263, 0.7851705551147461, 0.5471341013908386, 0.42132043838500977, 0.6331665515899658]], "sfx.logattacktime.mean": [0.9110090732574463], "sfx.inharmonicity.mean": [0.5656026601791382]}