{"lowlevel.spectral_centroid.mean": [0.5728505849838257], "lowlevel.spectral_contrast.mean": [[0.2178710699081421, 0.3444995880126953, 0.8054986000061035, 0.73447585105896, 0.9704537391662598, 0.8419663906097412]], "lowlevel.dissonance.mean": [0.6391946077346802], "lowlevel.hfc.mean": [0.5271561741828918], "lowlevel.mfcc.mean": [[0.5632535219192505, 0.042304448783397675, -0.11093220114707947, 0.3256855607032776, 0.5073972940444946, 0.7236975431442261, 0.6464362740516663, 0.8754466772079468, 0.6448949575424194, 0.4403073191642761, 0.2961367964744568, 0.6974379420280457, 0.7267709970474243]], "sfx.logattacktime.mean": [0.42114800214767456], "sfx.inharmonicity.mean": [0.8644366264343262]}