{"lowlevel.spectral_centroid.mean": [0.4452398717403412], "lowlevel.spectral_contrast.mean": [[0.8265731930732727, 0.5333473682403564, 0.600152850151062, 0.5520660877227783, 0.6574711799621582, 0.7760426998138428]], "lowlevel.dissonance.mean": [0.7150701284408569], "lowlevel.hfc.mean": [0.67458176612854], "lowlevel.mfcc.mean": [[1.2274370193481445, 0.38613009452819824, 0.6068773865699768, 0.7876946926116943, 0.5357798337936401, 0.7257815599441528, 0.695556640625, 0.49901822209358215, 0.6180815696716309, 0.4217672348022461, 0.4129601716995239, 0.37321561574935913, 0.37816914916038513]], "sfx.logattacktime.mean": [0.27420058846473694], "sfx.inharmonicity.mean": [0.4435989558696747]}