{"lowlevel.spectral_centroid.mean": [0.762998640537262], "lowlevel.spectral_contrast.mean": [[0.5700453519821167, 0.19816207885742188, 0.2415010929107666, 0.2722141742706299, 0.9744095802307129, 0.8104214668273926]], "lowlevel.dissonance.mean": [0.7269293069839478], "lowlevel.hfc.mean": [0.4984028935432434], "lowlevel.mfcc.mean": [[0.17738056182861328, 0.1079939529299736, 0.6081511378288269, 0.6702195405960083, 0.8397127985954285, 0.551654577255249, 0.7687973976135254, 1.420154333114624, 0.22255191206932068, 0.9689522981643677, 0.9778386354446411, 0.7685667276382446, 0.3562081754207611]], "sfx.logattacktime.mean": [0.5674020051956177], "sfx.inharmonicity.mean": [0.655016303062439]}