{"lowlevel.spectral_centroid.mean": [0.3532494902610779], "lowlevel.spectral_contrast.mean": [[0.5710948705673218, 0.741889238357544, 0.5405011177062988, 0.38524317741394043, 0.20576834678649902, 0.23479747772216797]], "lowlevel.dissonance.mean": [-0.023250222206115723], "lowlevel.hfc.mean": [0.46621137857437134], "lowlevel.mfcc.mean": [[0.2531520128250122, 0.677924633026123, 0.9199256896972656, 0.5201917886734009, 0.2406061291694641, 0.05515870451927185, 0.08671000599861145, 0.09772729873657227, 0.1612890660762787, 0.17702004313468933, 0.3006269931793213, 0.40019577741622925, 0.5230952501296997]], "sfx.logattacktime.mean": [0.5266636610031128], "sfx.inharmonicity.mean": [0.2848994731903076]}