{"lowlevel.spectral_centroid.mean": [0.3123759329319], "lowlevel.spectral_contrast.mean": [[0.7071411609649658, 0.5149587392807007, 0.26183152198791504, 0.17383432388305664, 0.1477491855621338, 0.19110798835754395]], "lowlevel.dissonance.mean": [0.6488112211227417], "lowlevel.hfc.mean": [0.4659212827682495], "lowlevel.mfcc.mean": [[0.1851121187210083, 0.5438838601112366, 0.9619426727294922, 0.935581624507904, 0.9261255860328674, 0.7910364866256714, 0.7518095970153809, 0.6796958446502686, 0.684410810470581, 0.6520934104919434, 0.6792243719100952, 0.6676515340805054, 0.679252028465271]], "sfx.logattacktime.mean": [0.3175690472126007], "sfx.inharmonicity.mean": [0.2109055519104004]}