{"lowlevel.spectral_centroid.mean": [0.37247955799102783], "lowlevel.spectral_contrast.mean": [[0.5926238298416138, 0.5446267127990723, 0.5412435531616211, 0.538372278213501, 0.7058429718017578, 0.962609052658081]], "lowlevel.dissonance.mean": [0.7026618719100952], "lowlevel.hfc.mean": [0.5479863882064819], "lowlevel.mfcc.mean": [[0.7900427579879761, 0.686028242111206, 0.18365013599395752, 0.8227078914642334, 0.4888163208961487, 0.6806199550628662, 0.2959355115890503, 0.5846913456916809, 0.41968071460723877, 0.5013914108276367, 0.4615340828895569, 0.45504236221313477, 0.44324445724487305]], "sfx.logattacktime.mean": [0.3119514286518097], "sfx.inharmonicity.mean": [1.02242112159729]}