{"lowlevel.spectral_centroid.mean": [0.4814530611038208], "lowlevel.spectral_contrast.mean": [[0.23384606838226318, 0.18641507625579834, 0.20668959617614746, 0.9338439702987671, 0.5007123947143555, 0.42684292793273926]], "lowlevel.dissonance.mean": [0.7251383066177368], "lowlevel.hfc.mean": [0.4720846712589264], "lowlevel.mfcc.mean": [[0.10936272144317627, 0.16116966307163239, 0.40514642000198364, 0.5478417873382568, 0.7155306339263916, 0.7507305145263672, 0.40706196427345276, 0.31429359316825867, 0.9780584573745728, 0.945300817489624, 0.24236467480659485, 0.10930642485618591, 0.9869921207427979]], "sfx.logattacktime.mean": [0.24680286645889282], "sfx.inharmonicity.mean": [0.4912307560443878]}