{"lowlevel.spectral_centroid.mean": [0.30448219180107117], "lowlevel.spectral_contrast.mean": [[0.9421097636222839, 0.578955888748169, 0.5423911809921265, 0.5591952800750732, 0.3883674144744873, 0.4114058017730713]], "lowlevel.dissonance.mean": [0.5657289028167725], "lowlevel.hfc.mean": [0.47539669275283813], "lowlevel.mfcc.mean": [[0.6597623825073242, 1.0026626586914062, 0.8358471393585205, 0.5077041387557983, 0.5240294933319092, 0.856151282787323, 0.6468841433525085, 0.5853127837181091, 0.739591121673584, 0.6318097114562988, 0.6761072278022766, 0.6668773293495178, 0.6681019067764282]], "sfx.logattacktime.mean": [0.5359349250793457], "sfx.inharmonicity.mean": [0.2181020826101303]}