{"lowlevel.spectral_centroid.mean": [0.42099529504776], "lowlevel.spectral_contrast.mean": [[0.18671536445617676, 0.7695488929748535, 1.022321343421936, 0.8635015487670898, 0.772214412689209, 0.570662260055542]], "lowlevel.dissonance.mean": [0.396284818649292], "lowlevel.hfc.mean": [0.4696975350379944], "lowlevel.mfcc.mean": [[0.43578386306762695, 0.3414038419723511, 0.19647234678268433, 0.39082255959510803, 0.32488566637039185, 0.21058019995689392, 0.4406436085700989, 0.3594755232334137, 0.42861196398735046, 0.4149731695652008, 0.30150556564331055, 0.21732816100120544, 0.5651055574417114]], "sfx.logattacktime.mean": [0.5958312153816223], "sfx.inharmonicity.mean": [0.395608127117157]}