{"lowlevel.spectral_centroid.mean": [0.30547377467155457], "lowlevel.spectral_contrast.mean": [[0.4174405336380005, 0.3198411464691162, 0.22895240783691406, 0.19745135307312012, 0.1921250820159912, 0.23015522956848145]], "lowlevel.dissonance.mean": [0.3392500877380371], "lowlevel.hfc.mean": [0.4653596580028534], "lowlevel.mfcc.mean": [[0.13934648036956787, 0.3696786165237427, 0.7295269966125488, 0.750415563583374, 0.8422091007232666, 0.7832788228988647, 0.7473315596580505, 0.6667922139167786, 0.674157977104187, 0.5846859216690063, 0.547162652015686, 0.46623510122299194, 0.4355379641056061]], "sfx.logattacktime.mean": [0.14819350838661194], "sfx.inharmonicity.mean": [0.1864505112171173]}