{"lowlevel.spectral_centroid.mean": [0.4569717049598694], "lowlevel.spectral_contrast.mean": [[0.19718384742736816, 0.955591082572937, 1.1090118885040283, 1.1043092012405396, 1.0678986310958862, 0.80314040184021]], "lowlevel.dissonance.mean": [0.39143669605255127], "lowlevel.hfc.mean": [0.4702070355415344], "lowlevel.mfcc.mean": [[0.5691131353378296, 0.28030598163604736, -0.0023778676986694336, 0.35708484053611755, 0.10944518446922302, 0.1648547649383545, 0.24510249495506287, 0.296799898147583, 0.4903130829334259, 0.6904381513595581, 0.46845680475234985, 0.6302236318588257, 0.7565968632698059]], "sfx.logattacktime.mean": [0.7507410049438477], "sfx.inharmonicity.mean": [0.48481836915016174]}