{"lowlevel.spectral_centroid.mean": [0.37651872634887695], "lowlevel.spectral_contrast.mean": [[1.1235644817352295, 0.8611545562744141, 0.6258436441421509, 0.7128200531005859, 0.5994486808776855, 0.5008244514465332]], "lowlevel.dissonance.mean": [0.008443236351013184], "lowlevel.hfc.mean": [0.4729762673377991], "lowlevel.mfcc.mean": [[0.4165966510772705, 0.574205756187439, 0.5175251960754395, 0.7703641057014465, 0.5707870125770569, 0.2876930236816406, 0.10394492745399475, 0.007031112909317017, 0.11660221219062805, 0.17802152037620544, -0.0019311904907226562, -0.2713468670845032, -0.18347549438476562]], "sfx.logattacktime.mean": [0.36765432357788086], "sfx.inharmonicity.mean": [0.21000705659389496]}