{"lowlevel.spectral_centroid.mean": [0.3159005045890808], "lowlevel.spectral_contrast.mean": [[0.9419497847557068, 1.0246342420578003, 0.46464037895202637, 0.2295832633972168, 0.20599603652954102, 0.24180030822753906]], "lowlevel.dissonance.mean": [0.28170955181121826], "lowlevel.hfc.mean": [0.4666372239589691], "lowlevel.mfcc.mean": [[0.2541499137878418, 0.7246123552322388, 1.131169319152832, 0.9799556732177734, 0.7442524433135986, 0.4052220582962036, 0.22153139114379883, 0.05423027276992798, -0.0009315609931945801, -0.0670311450958252, 0.013075143098831177, 0.10547441244125366, 0.2770079970359802]], "sfx.logattacktime.mean": [0.43565958738327026], "sfx.inharmonicity.mean": [0.1962851583957672]}