{"lowlevel.spectral_centroid.mean": [0.37864598631858826], "lowlevel.spectral_contrast.mean": [[0.37037408351898193, 0.5273221731185913, 0.36002063751220703, 0.27910709381103516, 0.27283143997192383, 0.29651427268981934]], "lowlevel.dissonance.mean": [0.2653024196624756], "lowlevel.hfc.mean": [0.46520912647247314], "lowlevel.mfcc.mean": [[0.15565454959869385, 0.6741855144500732, 0.79156893491745, 0.595419704914093, 0.48281723260879517, 0.42936569452285767, 0.3077760338783264, 0.27693578600883484, 0.16990715265274048, 0.21166402101516724, 0.2532867193222046, 0.40671098232269287, 0.5583193302154541]], "sfx.logattacktime.mean": [0.5555087924003601], "sfx.inharmonicity.mean": [0.6216064691543579]}