{"lowlevel.spectral_centroid.mean": [0.47718822956085205], "lowlevel.spectral_contrast.mean": [[0.43298041820526123, 0.31181538105010986, 1.497467279434204, 1.0749309062957764, 1.488633394241333, 1.0222911834716797]], "lowlevel.dissonance.mean": [0.37606632709503174], "lowlevel.hfc.mean": [0.5244367718696594], "lowlevel.mfcc.mean": [[0.6875779628753662, 0.22184869647026062, 0.24089092016220093, 0.4435882568359375, 0.06396368145942688, 0.41332319378852844, 0.5846917629241943, 1.3501100540161133, 1.1704390048980713, 0.2793148159980774, 0.07531675696372986, -0.3336315155029297, 0.7499924898147583]], "sfx.logattacktime.mean": [0.529255211353302], "sfx.inharmonicity.mean": [0.40049153566360474]}