{"lowlevel.spectral_centroid.mean": [0.36885854601860046], "lowlevel.spectral_contrast.mean": [[0.778531551361084, 0.38510704040527344, 0.277451753616333, 0.37456202507019043, 0.3293924331665039, 0.2857489585876465]], "lowlevel.dissonance.mean": [0.2926445007324219], "lowlevel.hfc.mean": [0.46927410364151], "lowlevel.mfcc.mean": [[0.21020019054412842, 0.45326656103134155, 0.7171697020530701, 0.7869890928268433, 0.8374629020690918, 0.7198401689529419, 0.6916180849075317, 0.623095691204071, 0.6683472394943237, 0.645757794380188, 0.5615392327308655, 0.42288437485694885, 0.4157164692878723]], "sfx.logattacktime.mean": [0.4031202793121338], "sfx.inharmonicity.mean": [0.2559044659137726]}