{"lowlevel.spectral_centroid.mean": [0.373601496219635], "lowlevel.spectral_contrast.mean": [[0.700590193271637, 1.0098391771316528, 0.46448540687561035, 0.3250467777252197, 0.21081304550170898, 0.2111189365386963]], "lowlevel.dissonance.mean": [-0.29131239652633667], "lowlevel.hfc.mean": [0.46655911207199097], "lowlevel.mfcc.mean": [[0.20869743824005127, 0.5483562350273132, 0.7889658212661743, 0.5487726330757141, 0.5076704025268555, 0.42149513959884644, 0.45257052779197693, 0.5103843808174133, 0.6927234530448914, 0.7689621448516846, 0.7616490125656128, 0.636658787727356, 0.5376947522163391]], "sfx.logattacktime.mean": [0.2272990345954895], "sfx.inharmonicity.mean": [0.25897735357284546]}