{"lowlevel.spectral_centroid.mean": [0.3268776535987854], "lowlevel.spectral_contrast.mean": [[0.6727892160415649, 0.7692595720291138, 0.54883873462677, 0.3941216468811035, 0.3956437110900879, 0.2913391590118408]], "lowlevel.dissonance.mean": [-0.08127069473266602], "lowlevel.hfc.mean": [0.46511945128440857], "lowlevel.mfcc.mean": [[0.2505439519882202, 0.5803537368774414, 0.7246921062469482, 0.6135021448135376, 0.635637104511261, 0.34805411100387573, 0.28290849924087524, 0.2623407244682312, 0.1016884446144104, -0.08517110347747803, -0.03341472148895264, 0.08180758357048035, 0.2757236063480377]], "sfx.logattacktime.mean": [0.6757555603981018], "sfx.inharmonicity.mean": [0.31008070707321167]}