{"lowlevel.spectral_centroid.mean": [0.3524796962738037], "lowlevel.spectral_contrast.mean": [[0.7453609108924866, 0.7940564155578613, 0.7822862863540649, 0.8857604265213013, 0.9034979343414307, 0.8036587238311768]], "lowlevel.dissonance.mean": [0.45869946479797363], "lowlevel.hfc.mean": [0.4684862196445465], "lowlevel.mfcc.mean": [[0.6609945297241211, 0.951563835144043, 0.18823328614234924, 0.31255894899368286, 0.3226676285266876, 0.15467005968093872, 0.10752609372138977, -0.0006817281246185303, 0.13992446660995483, 0.1286981701850891, 0.38543131947517395, 0.317502498626709, 0.33154821395874023]], "sfx.logattacktime.mean": [0.6994106769561768], "sfx.inharmonicity.mean": [0.5336987972259521]}