{"lowlevel.spectral_centroid.mean": [0.32366785407066345], "lowlevel.spectral_contrast.mean": [[0.9224077463150024, 0.3517717123031616, 0.3559114933013916, 0.35047435760498047, 0.34902095794677734, 0.3055245876312256]], "lowlevel.dissonance.mean": [0.5458152294158936], "lowlevel.hfc.mean": [0.46812403202056885], "lowlevel.mfcc.mean": [[0.2244572639465332, 0.5641269683837891, 0.8751684427261353, 0.9141419529914856, 1.0515996217727661, 0.9655953049659729, 0.9654725193977356, 0.9752908945083618, 0.9242438077926636, 0.7470695972442627, 0.7127249240875244, 0.6787976026535034, 0.5823351740837097]], "sfx.logattacktime.mean": [0.38161104917526245], "sfx.inharmonicity.mean": [0.19857802987098694]}