{"lowlevel.spectral_centroid.mean": [0.3499806523323059], "lowlevel.spectral_contrast.mean": [[0.25375843048095703, 0.5063844919204712, 0.49161601066589355, 0.37572216987609863, 0.21658635139465332, 0.22059035301208496]], "lowlevel.dissonance.mean": [0.26410460472106934], "lowlevel.hfc.mean": [0.4650757610797882], "lowlevel.mfcc.mean": [[0.012022972106933594, 0.5894690752029419, 0.8206923007965088, 0.5467125773429871, 0.5028163194656372, 0.4260820746421814, 0.40661317110061646, 0.38403868675231934, 0.4665219485759735, 0.38212528824806213, 0.23448330163955688, 0.15365555882453918, 0.41696420311927795]], "sfx.logattacktime.mean": [0.31438368558883667], "sfx.inharmonicity.mean": [0.5965846180915833]}