{"lowlevel.spectral_centroid.mean": [0.5845654010772705], "lowlevel.spectral_contrast.mean": [[0.5015677213668823, 0.3606795072555542, 0.5515952110290527, 1.3132693767547607, 1.2589306831359863, 0.9768002033233643]], "lowlevel.dissonance.mean": [0.6908656358718872], "lowlevel.hfc.mean": [0.5185957551002502], "lowlevel.mfcc.mean": [[0.7603086233139038, 0.2994188964366913, 0.2835298180580139, 0.5648199319839478, 0.3021019697189331, 0.7135097980499268, 0.9225783348083496, 0.7945091724395752, 0.13144227862358093, -0.23307198286056519, 1.1891589164733887, 1.6451334953308105, 0.3515966534614563]], "sfx.logattacktime.mean": [0.4677359163761139], "sfx.inharmonicity.mean": [1.5615946054458618]}