{"lowlevel.spectral_centroid.mean": [0.5056112408638], "lowlevel.spectral_contrast.mean": [[0.4873969554901123, 0.31658339500427246, 1.2649319171905518, 1.1433026790618896, 1.3440525531768799, 0.9090001583099365]], "lowlevel.dissonance.mean": [0.4837080240249634], "lowlevel.hfc.mean": [0.5210254192352295], "lowlevel.mfcc.mean": [[0.7266087532043457, 0.29277756810188293, 0.11744752526283264, 0.506409764289856, 0.1723773181438446, 0.30727967619895935, 0.48113125562667847, 1.1842753887176514, 0.9817392826080322, 0.7315338253974915, 0.8473014831542969, 0.3609439730644226, -0.266695499420166]], "sfx.logattacktime.mean": [0.599717378616333], "sfx.inharmonicity.mean": [0.45299458503723145]}