{"lowlevel.spectral_centroid.mean": [0.32233503460884094], "lowlevel.spectral_contrast.mean": [[0.4667820930480957, 0.4983844757080078, 0.4838496446609497, 0.4002971649169922, 0.3170623779296875, 0.22298812866210938]], "lowlevel.dissonance.mean": [0.35819458961486816], "lowlevel.hfc.mean": [0.46579432487487793], "lowlevel.mfcc.mean": [[0.17454445362091064, 0.9104962348937988, 0.9504190683364868, 0.5667755603790283, 0.4537382423877716, 0.2588021755218506, 0.17001047730445862, 0.1443450152873993, 0.25271108746528625, 0.25413069128990173, 0.26073360443115234, 0.23592405021190643, 0.35931217670440674]], "sfx.logattacktime.mean": [0.5744874477386475], "sfx.inharmonicity.mean": [0.659066915512085]}