{"lowlevel.spectral_centroid.mean": [0.3201816976070404], "lowlevel.spectral_contrast.mean": [[0.5113562345504761, 0.43305766582489014, 0.4239161014556885, 0.2917153835296631, 0.27488231658935547, 0.2991323471069336]], "lowlevel.dissonance.mean": [0.4046814441680908], "lowlevel.hfc.mean": [0.46772223711013794], "lowlevel.mfcc.mean": [[0.2116156816482544, 0.46829840540885925, 0.6845035552978516, 0.637525200843811, 0.6194673776626587, 0.5215451121330261, 0.5836776494979858, 0.5429556369781494, 0.5072526931762695, 0.35954856872558594, 0.30389031767845154, 0.3461035490036011, 0.43160566687583923]], "sfx.logattacktime.mean": [0.26538118720054626], "sfx.inharmonicity.mean": [0.2351967692375183]}