{"lowlevel.spectral_centroid.mean": [0.39442116022109985], "lowlevel.spectral_contrast.mean": [[0.6954882740974426, 0.8220862150192261, 1.0369806289672852, 0.7686343193054199, 0.7417690753936768, 0.5020208358764648]], "lowlevel.dissonance.mean": [0.3281978368759155], "lowlevel.hfc.mean": [0.4678840935230255], "lowlevel.mfcc.mean": [[0.630104660987854, 0.6273589134216309, 0.15876972675323486, 0.3927236497402191, 0.29511669278144836, 0.1179826557636261, 0.3750860393047333, 0.3465401828289032, 0.18899258971214294, 0.0168912410736084, -0.2609196901321411, -0.20156246423721313, 0.2980273962020874]], "sfx.logattacktime.mean": [0.31367945671081543], "sfx.inharmonicity.mean": [0.5152328014373779]}