{"lowlevel.spectral_centroid.mean": [0.30954018235206604], "lowlevel.spectral_contrast.mean": [[0.66505366563797, 0.7299957275390625, 0.44620704650878906, 0.430422306060791, 0.4307215213775635, 0.33470749855041504]], "lowlevel.dissonance.mean": [0.5842758417129517], "lowlevel.hfc.mean": [0.4660346210002899], "lowlevel.mfcc.mean": [[0.3958284854888916, 0.9011834859848022, 0.9013932943344116, 0.6500449776649475, 0.6992442011833191, 0.541452169418335, 0.47654154896736145, 0.33657246828079224, 0.39362162351608276, 0.5027042627334595, 0.5124066472053528, 0.5446341037750244, 0.7007042169570923]], "sfx.logattacktime.mean": [0.5422893762588501], "sfx.inharmonicity.mean": [0.20645418763160706]}