{"lowlevel.spectral_centroid.mean": [0.5089943408966064], "lowlevel.spectral_contrast.mean": [[0.4198354482650757, 0.34770750999450684, 0.4897327423095703, 1.6835263967514038, 1.529861569404602, 1.0716650485992432]], "lowlevel.dissonance.mean": [0.5598723888397217], "lowlevel.hfc.mean": [0.5560693144798279], "lowlevel.mfcc.mean": [[0.7147355079650879, 0.26092326641082764, 0.3203168511390686, 0.28728121519088745, 0.45117631554603577, 0.6467291116714478, 0.6690754890441895, 1.2627112865447998, -0.22948765754699707, -0.09116291999816895, 0.6439318656921387, 2.0675809383392334, 1.244004487991333]], "sfx.logattacktime.mean": [0.5488053560256958], "sfx.inharmonicity.mean": [0.6779753565788269]}