{"lowlevel.spectral_centroid.mean": [0.3209352493286133], "lowlevel.spectral_contrast.mean": [[0.4575849771499634, 0.7659398317337036, 0.5366812944412231, 0.37442731857299805, 0.3032381534576416, 0.2346508502960205]], "lowlevel.dissonance.mean": [-0.07570630311965942], "lowlevel.hfc.mean": [0.4659358859062195], "lowlevel.mfcc.mean": [[0.1801663637161255, 0.9341036081314087, 1.0021083354949951, 0.6342357397079468, 0.47220540046691895, 0.24693845212459564, 0.1851079761981964, 0.13625052571296692, 0.19779032468795776, 0.17536041140556335, 0.18270689249038696, 0.24604102969169617, 0.42118048667907715]], "sfx.logattacktime.mean": [0.273790568113327], "sfx.inharmonicity.mean": [0.9232209920883179]}