{"lowlevel.spectral_centroid.mean": [0.43813738226890564], "lowlevel.spectral_contrast.mean": [[0.47930097579956055, 0.3098323345184326, 1.698261022567749, 1.2566806077957153, 1.6361392736434937, 1.0072708129882812]], "lowlevel.dissonance.mean": [0.31661152839660645], "lowlevel.hfc.mean": [0.586698055267334], "lowlevel.mfcc.mean": [[0.7345932722091675, 0.20128749310970306, 0.23225979506969452, 0.5567638874053955, 0.08743149042129517, 0.4414425492286682, 0.6654136180877686, 1.2691423892974854, 0.8646097183227539, 0.5517618656158447, 0.611621618270874, 0.213506281375885, -0.4476158618927002]], "sfx.logattacktime.mean": [0.5376206636428833], "sfx.inharmonicity.mean": [0.3415380120277405]}