{"lowlevel.spectral_centroid.mean": [0.3084355592727661], "lowlevel.spectral_contrast.mean": [[0.5466886758804321, 0.6423641443252563, 0.47028684616088867, 0.3484194278717041, 0.3059689998626709, 0.3192760944366455]], "lowlevel.dissonance.mean": [0.24573564529418945], "lowlevel.hfc.mean": [0.4657708704471588], "lowlevel.mfcc.mean": [[0.3652658462524414, 0.872217059135437, 1.0556219816207886, 0.8099551200866699, 0.6998137831687927, 0.5774171948432922, 0.5286898612976074, 0.4350768029689789, 0.4394502639770508, 0.47154852747917175, 0.4535888135433197, 0.4066346287727356, 0.44136950373649597]], "sfx.logattacktime.mean": [0.6881499886512756], "sfx.inharmonicity.mean": [0.2399938702583313]}