{"lowlevel.spectral_centroid.mean": [0.3654334545135498], "lowlevel.spectral_contrast.mean": [[0.34598755836486816, 0.3989276885986328, 0.4787440299987793, 0.558079719543457, 0.5441248416900635, 0.5552737712860107]], "lowlevel.dissonance.mean": [0.6460539102554321], "lowlevel.hfc.mean": [0.46585527062416077], "lowlevel.mfcc.mean": [[0.5509234666824341, 0.6605366468429565, 0.46129605174064636, 0.7461885213851929, 0.5594244003295898, 0.24752730131149292, 0.27219268679618835, 0.2785543203353882, 0.7781541347503662, 0.8494633436203003, 0.5102592706680298, 0.39077824354171753, 0.6219592094421387]], "sfx.logattacktime.mean": [0.782660722732544], "sfx.inharmonicity.mean": [0.3621089458465576]}