{"lowlevel.spectral_centroid.mean": [0.5187180042266846], "lowlevel.spectral_contrast.mean": [[0.314785361289978, 0.48201239109039307, 0.8404269218444824, 1.264631748199463, 1.110028624534607, 0.9286372661590576]], "lowlevel.dissonance.mean": [0.5401703119277954], "lowlevel.hfc.mean": [0.4903888702392578], "lowlevel.mfcc.mean": [[0.4367258548736572, 0.3837834596633911, 0.0200730562210083, 0.5546214580535889, 0.521224319934845, 0.6313926577568054, 0.7582923173904419, 0.4885989725589752, 0.49779796600341797, 0.7450534105300903, 0.7383459806442261, 0.3630867004394531, -0.14402484893798828]], "sfx.logattacktime.mean": [0.6229516267776489], "sfx.inharmonicity.mean": [0.603002667427063]}