{"lowlevel.spectral_centroid.mean": [0.3512035310268402], "lowlevel.spectral_contrast.mean": [[0.5011446475982666, 0.9760533571243286, 0.6100404262542725, 0.3340628147125244, 0.22380518913269043, 0.2703227996826172]], "lowlevel.dissonance.mean": [-0.30240046977996826], "lowlevel.hfc.mean": [0.4661170542240143], "lowlevel.mfcc.mean": [[0.1977224349975586, 0.4272201359272003, 0.6120858788490295, 0.3793722987174988, 0.315277636051178, 0.30291667580604553, 0.36178386211395264, 0.41362565755844116, 0.5549322962760925, 0.5936930179595947, 0.6858859062194824, 0.7419618368148804, 0.8254944086074829]], "sfx.logattacktime.mean": [0.22090739011764526], "sfx.inharmonicity.mean": [0.3149930238723755]}