{"lowlevel.spectral_centroid.mean": [0.33838561177253723], "lowlevel.spectral_contrast.mean": [[0.4112057685852051, 0.4254639148712158, 0.6347079277038574, 0.4215395450592041, 0.2130112648010254, 0.20797109603881836]], "lowlevel.dissonance.mean": [-0.08350443840026855], "lowlevel.hfc.mean": [0.4651673436164856], "lowlevel.mfcc.mean": [[0.10481882095336914, 0.8236355781555176, 1.009112000465393, 0.5774420499801636, 0.441495418548584, 0.4640763998031616, 0.5397286415100098, 0.43930289149284363, 0.38378775119781494, 0.24945411086082458, 0.1089155375957489, -3.3736228942871094e-05, 0.1950441300868988]], "sfx.logattacktime.mean": [0.4132886528968811], "sfx.inharmonicity.mean": [0.4823209345340729]}