{"lowlevel.spectral_centroid.mean": [0.3307402431964874], "lowlevel.spectral_contrast.mean": [[0.34779977798461914, 0.48263025283813477, 0.34402942657470703, 0.2247169017791748, 0.3537909984588623, 0.2190718650817871]], "lowlevel.dissonance.mean": [0.20055341720581055], "lowlevel.hfc.mean": [0.4659689962863922], "lowlevel.mfcc.mean": [[0.16839921474456787, 0.4634188413619995, 0.7896345853805542, 0.697257936000824, 0.6701198816299438, 0.5120120644569397, 0.4849250316619873, 0.44118741154670715, 0.4808434247970581, 0.46042490005493164, 0.4948069155216217, 0.502242922782898, 0.5239055752754211]], "sfx.logattacktime.mean": [0.22076520323753357], "sfx.inharmonicity.mean": [0.24284841120243073]}