{"lowlevel.spectral_centroid.mean": [0.8896701335906982], "lowlevel.spectral_contrast.mean": [[0.29890549182891846, 0.33978796005249023, 0.42049288749694824, 0.4800238609313965, 0.5250754356384277, 0.4015662670135498]], "lowlevel.dissonance.mean": [0.7053447961807251], "lowlevel.hfc.mean": [0.4687923192977905], "lowlevel.mfcc.mean": [[0.6681957244873047, 0.5291211605072021, 0.45603400468826294, 0.12515988945960999, 0.6753189563751221, 0.7393158674240112, 0.4857810139656067, 0.5204160809516907, 0.7138186693191528, 0.43625739216804504, 0.5016539096832275, 0.4320880174636841, 0.5808939933776855]], "sfx.logattacktime.mean": [0.7159051895141602], "sfx.inharmonicity.mean": [0.57062166929245]}