{"lowlevel.spectral_centroid.mean": [0.42743176221847534], "lowlevel.spectral_contrast.mean": [[0.3420748710632324, 0.3356046676635742, 0.4966236352920532, 0.5114262104034424, 0.4868130683898926, 1.0376131534576416]], "lowlevel.dissonance.mean": [0.702125072479248], "lowlevel.hfc.mean": [0.46795347332954407], "lowlevel.mfcc.mean": [[0.7215292453765869, 0.7582763433456421, 0.007325679063796997, 0.5964425802230835, 0.14473667740821838, 0.8109883069992065, 0.420582115650177, 0.4899579584598541, 0.4700591266155243, 0.2716328501701355, 0.3930168151855469, 0.09211182594299316, 0.45196211338043213]], "sfx.logattacktime.mean": [0.6387302279472351], "sfx.inharmonicity.mean": [1.0498863458633423]}