{"lowlevel.spectral_centroid.mean": [0.36553454399108887], "lowlevel.spectral_contrast.mean": [[0.5357016324996948, 0.6330984830856323, 0.8115087747573853, 0.714868426322937, 0.6233005523681641, 0.4867668151855469]], "lowlevel.dissonance.mean": [0.24810779094696045], "lowlevel.hfc.mean": [0.47939789295196533], "lowlevel.mfcc.mean": [[0.5333787202835083, 0.9250359535217285, 0.5562485456466675, 0.3910914957523346, 0.2199665606021881, 0.10883012413978577, 0.2716979384422302, 0.44169119000434875, 0.5695708394050598, 0.39062267541885376, 0.28792548179626465, 0.22908610105514526, 0.46662208437919617]], "sfx.logattacktime.mean": [0.9536253213882446], "sfx.inharmonicity.mean": [0.41826504468917847]}