{"lowlevel.spectral_centroid.mean": [0.3229826092720032], "lowlevel.spectral_contrast.mean": [[0.44677209854125977, 0.4174240827560425, 0.48917150497436523, 0.35721540451049805, 0.2711966037750244, 0.21209239959716797]], "lowlevel.dissonance.mean": [0.03567922115325928], "lowlevel.hfc.mean": [0.46531885862350464], "lowlevel.mfcc.mean": [[0.06568694114685059, 0.6996173858642578, 0.8986328840255737, 0.631037712097168, 0.5007041096687317, 0.2609085738658905, 0.14459118247032166, 0.053146690130233765, 0.07095581293106079, 0.09786882996559143, 0.20231163501739502, 0.1947009563446045, 0.20137381553649902]], "sfx.logattacktime.mean": [0.25229495763778687], "sfx.inharmonicity.mean": [0.3011661767959595]}