{"lowlevel.spectral_centroid.mean": [0.4775988757610321], "lowlevel.spectral_contrast.mean": [[0.6042072772979736, 0.20772206783294678, 0.5070438385009766, 0.3061962127685547, 0.5307836532592773, 0.661109447479248]], "lowlevel.dissonance.mean": [0.5851181745529175], "lowlevel.hfc.mean": [0.4759465754032135], "lowlevel.mfcc.mean": [[0.17889297008514404, 0.18646958470344543, 0.6382394433021545, 0.5539993047714233, 0.6484869122505188, 1.0607173442840576, 1.0287230014801025, 1.024702787399292, 0.7778053879737854, 0.4733343720436096, 0.8629617691040039, 1.0343692302703857, 0.9102647304534912]], "sfx.logattacktime.mean": [0.44660574197769165], "sfx.inharmonicity.mean": [0.36640235781669617]}