{"lowlevel.spectral_centroid.mean": [0.45530933141708374], "lowlevel.spectral_contrast.mean": [[0.6680215001106262, 0.2256373167037964, 0.2598085403442383, 0.3040773868560791, 0.3319060802459717, 0.5821065902709961]], "lowlevel.dissonance.mean": [0.677412748336792], "lowlevel.hfc.mean": [0.5157466530799866], "lowlevel.mfcc.mean": [[0.19856786727905273, 0.2677706480026245, 0.6124458312988281, 0.6932204961776733, 0.6258814930915833, 0.901393711566925, 0.9382652044296265, 0.6886399388313293, 1.022438645362854, 0.7396153807640076, 0.7308198809623718, 0.9555713534355164, 0.561317503452301]], "sfx.logattacktime.mean": [0.5338890552520752], "sfx.inharmonicity.mean": [0.40071842074394226]}