{"lowlevel.spectral_centroid.mean": [0.32120218873023987], "lowlevel.spectral_contrast.mean": [[0.40029048919677734, 0.467976450920105, 0.5445979833602905, 0.591611385345459, 0.40910840034484863, 0.24306559562683105]], "lowlevel.dissonance.mean": [0.4489712715148926], "lowlevel.hfc.mean": [0.46610763669013977], "lowlevel.mfcc.mean": [[0.25878989696502686, 1.035544991493225, 0.7940645217895508, 0.25000107288360596, 0.5252355933189392, 0.6531801223754883, 0.5269235372543335, 0.3806663155555725, 0.4304637312889099, 0.38221627473831177, 0.3374009132385254, 0.27805274724960327, 0.3670702278614044]], "sfx.logattacktime.mean": [0.2726747393608093], "sfx.inharmonicity.mean": [0.7174339294433594]}