{"lowlevel.spectral_centroid.mean": [0.37836384773254395], "lowlevel.spectral_contrast.mean": [[0.32180726528167725, 0.5252102613449097, 0.34200310707092285, 0.20456314086914062, 0.1751265525817871, 0.20525836944580078]], "lowlevel.dissonance.mean": [0.5180411338806152], "lowlevel.hfc.mean": [0.46523261070251465], "lowlevel.mfcc.mean": [[0.174341082572937, 0.48732835054397583, 0.838847279548645, 0.7579513192176819, 0.7520332336425781, 0.6369062066078186, 0.5855665802955627, 0.4715595543384552, 0.46639832854270935, 0.4185706377029419, 0.38978612422943115, 0.35588502883911133, 0.3741031885147095]], "sfx.logattacktime.mean": [0.2977238595485687], "sfx.inharmonicity.mean": [0.22943951189517975]}