{"lowlevel.spectral_centroid.mean": [0.581766664981842], "lowlevel.spectral_contrast.mean": [[0.37194228172302246, 0.18675732612609863, 0.23113608360290527, 1.026145339012146, 0.5773208141326904, 0.408980131149292]], "lowlevel.dissonance.mean": [0.750572681427002], "lowlevel.hfc.mean": [0.48785004019737244], "lowlevel.mfcc.mean": [[0.1258150339126587, 0.1233924925327301, 0.4126242697238922, 0.38679248094558716, 0.6415432691574097, 0.6410641074180603, 0.5144636631011963, 0.1879688799381256, 0.5994852185249329, 1.1038408279418945, 0.5219065546989441, 0.03269606828689575, 0.7314800024032593]], "sfx.logattacktime.mean": [0.26989156007766724], "sfx.inharmonicity.mean": [0.639326810836792]}