{"lowlevel.spectral_centroid.mean": [0.4771849513053894], "lowlevel.spectral_contrast.mean": [[0.39753949642181396, 0.9478617906570435, 1.0906468629837036, 1.678626537322998, 1.5701018571853638, 0.8612942695617676]], "lowlevel.dissonance.mean": [0.40460526943206787], "lowlevel.hfc.mean": [0.5334456562995911], "lowlevel.mfcc.mean": [[0.7487263679504395, 0.3133741617202759, 0.06161093711853027, 0.6479297876358032, 0.17387980222702026, 0.2527759075164795, 0.6366031169891357, 0.6907332539558411, 0.4707658588886261, 0.718387246131897, 1.3286125659942627, 1.1984503269195557, 0.8970084190368652]], "sfx.logattacktime.mean": [0.5267773866653442], "sfx.inharmonicity.mean": [0.46426260471343994]}