{"lowlevel.spectral_centroid.mean": [0.4622180759906769], "lowlevel.spectral_contrast.mean": [[0.2868306636810303, 0.3465481996536255, 0.3120241165161133, 0.40220046043395996, 0.31741976737976074, 0.49814391136169434]], "lowlevel.dissonance.mean": [0.6205298900604248], "lowlevel.hfc.mean": [0.46512120962142944], "lowlevel.mfcc.mean": [[0.1491224765777588, 0.5763564705848694, 0.4552801847457886, 0.49437880516052246, 0.3950955271720886, 0.43544748425483704, 0.297892302274704, -0.03280216455459595, 0.22371530532836914, 0.46679630875587463, 0.33662208914756775, 0.025828570127487183, 0.36793118715286255]], "sfx.logattacktime.mean": [0.3114798069000244], "sfx.inharmonicity.mean": [0.4328266382217407]}