{"lowlevel.spectral_centroid.mean": [0.8113895654678345], "lowlevel.spectral_contrast.mean": [[0.5355658531188965, 0.21239793300628662, 0.2542691230773926, 0.7675994634628296, 0.8308939933776855, 1.0315783023834229]], "lowlevel.dissonance.mean": [0.6010875701904297], "lowlevel.hfc.mean": [0.5048156380653381], "lowlevel.mfcc.mean": [[0.29093074798583984, -0.00856773555278778, 0.6399865746498108, 0.4448702335357666, 0.7680789232254028, 1.02712881565094, 1.10420560836792, 0.8566374778747559, 0.07945975661277771, 0.6685923933982849, 1.4584681987762451, 0.8589149117469788, 0.5024875998497009]], "sfx.logattacktime.mean": [0.7188392281532288], "sfx.inharmonicity.mean": [0.7941375970840454]}