{"lowlevel.spectral_centroid.mean": [0.4378443658351898], "lowlevel.spectral_contrast.mean": [[0.5421501398086548, 0.9366388320922852, 0.5294502973556519, 0.2643764019012451, 0.1902763843536377, 0.20942902565002441]], "lowlevel.dissonance.mean": [-0.11005592346191406], "lowlevel.hfc.mean": [0.4661886692047119], "lowlevel.mfcc.mean": [[0.15651798248291016, 0.4333600401878357, 0.7259845733642578, 0.5553252696990967, 0.569095253944397, 0.5192815661430359, 0.5274380445480347, 0.47229069471359253, 0.48646560311317444, 0.4399099349975586, 0.4626191258430481, 0.5029550790786743, 0.6477833986282349]], "sfx.logattacktime.mean": [0.23545679450035095], "sfx.inharmonicity.mean": [0.2336139976978302]}