{"lowlevel.spectral_centroid.mean": [0.34416407346725464], "lowlevel.spectral_contrast.mean": [[0.2993999719619751, 0.7328284978866577, 0.6350656747817993, 0.2998356819152832, 0.2470107078552246, 0.2415180206298828]], "lowlevel.dissonance.mean": [0.12049508094787598], "lowlevel.hfc.mean": [0.4696999192237854], "lowlevel.mfcc.mean": [[0.18420767784118652, 0.4699097275733948, 0.7136014699935913, 0.4986516237258911, 0.4409399926662445, 0.34248632192611694, 0.361173540353775, 0.30425703525543213, 0.2512805759906769, 0.13844552636146545, 0.13449349999427795, 0.15552911162376404, 0.31254228949546814]], "sfx.logattacktime.mean": [0.1938599944114685], "sfx.inharmonicity.mean": [0.29546093940734863]}