{"lowlevel.spectral_centroid.mean": [0.3711256980895996], "lowlevel.spectral_contrast.mean": [[0.1456209421157837, 1.200343132019043, 0.2839326858520508, 0.6600918769836426, 0.4000072479248047, 0.3062458038330078]], "lowlevel.dissonance.mean": [-0.25325071811676025], "lowlevel.hfc.mean": [0.46709197759628296], "lowlevel.mfcc.mean": [[0.15512633323669434, 0.33231231570243835, 0.47798436880111694, 0.22728946805000305, 0.18282616138458252, 0.0862584114074707, -0.021040022373199463, -0.1627408266067505, -0.037142395973205566, 0.3636171817779541, 1.1482291221618652, 1.769279956817627, 1.5286359786987305]], "sfx.logattacktime.mean": [0.24022620916366577], "sfx.inharmonicity.mean": [0.3841788172721863]}