{"lowlevel.spectral_centroid.mean": [0.3588121831417084], "lowlevel.spectral_contrast.mean": [[1.0205531120300293, 1.4007686376571655, 0.3678619861602783, 0.3028125762939453, 0.3462252616882324, 0.41254448890686035]], "lowlevel.dissonance.mean": [-0.12450134754180908], "lowlevel.hfc.mean": [0.48214519023895264], "lowlevel.mfcc.mean": [[0.6546385288238525, 0.45515137910842896, 1.0553795099258423, 0.9928972125053406, 0.7565193176269531, 0.4305519461631775, 0.11597907543182373, -0.057196199893951416, -0.2016465663909912, -0.18217504024505615, -0.09966868162155151, 0.12488308548927307, 0.3764229118824005]], "sfx.logattacktime.mean": [0.34529566764831543], "sfx.inharmonicity.mean": [0.26235997676849365]}