{"lowlevel.spectral_centroid.mean": [0.5129499435424805], "lowlevel.spectral_contrast.mean": [[0.249359130859375, 0.30086374282836914, 0.9773716926574707, 0.7409547567367554, 0.42193055152893066, 0.31749463081359863]], "lowlevel.dissonance.mean": [0.2828778028488159], "lowlevel.hfc.mean": [0.5268480181694031], "lowlevel.mfcc.mean": [[0.277823805809021, 0.34245434403419495, 0.23671817779541016, 0.054479748010635376, 0.2818092703819275, 0.3960011303424835, 0.5027967095375061, 0.5787084102630615, 0.7623313069343567, 0.5200763940811157, -0.07835578918457031, -0.29902178049087524, 0.389991819858551]], "sfx.logattacktime.mean": [0.25898778438568115], "sfx.inharmonicity.mean": [0.5607681274414062]}