{"lowlevel.spectral_centroid.mean": [0.3208947777748108], "lowlevel.spectral_contrast.mean": [[0.7577369809150696, 0.866405725479126, 0.7312643527984619, 0.6609642505645752, 0.550107479095459, 0.36795973777770996]], "lowlevel.dissonance.mean": [0.08709466457366943], "lowlevel.hfc.mean": [0.465545654296875], "lowlevel.mfcc.mean": [[0.42175304889678955, 0.9576961994171143, 0.8577500581741333, 0.40534698963165283, 0.48411065340042114, 0.44547203183174133, 0.45328086614608765, 0.43597832322120667, 0.42569291591644287, 0.3810526430606842, 0.45322322845458984, 0.42932388186454773, 0.38756993412971497]], "sfx.logattacktime.mean": [0.386054128408432], "sfx.inharmonicity.mean": [0.21470020711421967]}