{"lowlevel.spectral_centroid.mean": [0.315494179725647], "lowlevel.spectral_contrast.mean": [[1.285457730293274, 0.3803579807281494, 1.1741993427276611, 0.5505788326263428, 0.4474217891693115, 0.45867347717285156]], "lowlevel.dissonance.mean": [-0.25839531421661377], "lowlevel.hfc.mean": [0.47790393233299255], "lowlevel.mfcc.mean": [[0.4369497299194336, 0.8846733570098877, 0.8514063358306885, 0.38427257537841797, 0.8435685634613037, 0.9923216104507446, 1.5301926136016846, 0.8566735982894897, 0.29573673009872437, -0.31108009815216064, -0.4362791180610657, -1.0657614469528198, 0.4346123933792114]], "sfx.logattacktime.mean": [0.6077674627304077], "sfx.inharmonicity.mean": [0.4033650755882263]}