{"lowlevel.spectral_centroid.mean": [0.42521944642066956], "lowlevel.spectral_contrast.mean": [[0.45288896560668945, 0.5174590349197388, 0.4426422119140625, 0.2379453182220459, 0.17890048027038574, 0.20804357528686523]], "lowlevel.dissonance.mean": [-0.056864798069000244], "lowlevel.hfc.mean": [0.4651135504245758], "lowlevel.mfcc.mean": [[0.1527317762374878, 0.42640796303749084, 0.7430011034011841, 0.6233119368553162, 0.6483744382858276, 0.5867813229560852, 0.5763790607452393, 0.49223172664642334, 0.48610591888427734, 0.39177238941192627, 0.32914435863494873, 0.2652116119861603, 0.32013416290283203]], "sfx.logattacktime.mean": [0.24320459365844727], "sfx.inharmonicity.mean": [0.2618563175201416]}