{"lowlevel.spectral_centroid.mean": [0.2931784689426422], "lowlevel.spectral_contrast.mean": [[1.3636077642440796, 0.11276388168334961, 0.09320330619812012, 0.0639650821685791, 0.06583881378173828, 0.10807180404663086]], "lowlevel.dissonance.mean": [0.46113884449005127], "lowlevel.hfc.mean": [0.4756445288658142], "lowlevel.mfcc.mean": [[0.17842864990234375, 0.4998926520347595, 0.8792612552642822, 0.916671097278595, 1.071659803390503, 1.0888419151306152, 1.1472316980361938, 1.1246953010559082, 1.1388567686080933, 1.1028673648834229, 1.0913417339324951, 1.0374035835266113, 0.9993672370910645]], "sfx.logattacktime.mean": [0.3077948987483978], "sfx.inharmonicity.mean": [0.1902662068605423]}