{"lowlevel.spectral_centroid.mean": [0.4611715078353882], "lowlevel.spectral_contrast.mean": [[0.5533387660980225, 0.7447569370269775, 0.9085723161697388, 0.9502766132354736, 1.060078501701355, 0.797931432723999]], "lowlevel.dissonance.mean": [0.6042158603668213], "lowlevel.hfc.mean": [0.4857531785964966], "lowlevel.mfcc.mean": [[0.8537240028381348, 0.6604726314544678, 0.092153400182724, 0.6767061948776245, 0.49745938181877136, 0.21472938358783722, -0.11727488040924072, 0.48262259364128113, 0.466248482465744, 0.23185336589813232, 0.2611960768699646, 0.24517060816287994, 0.11646780371665955]], "sfx.logattacktime.mean": [0.7680891752243042], "sfx.inharmonicity.mean": [1.047049880027771]}