{"lowlevel.spectral_centroid.mean": [0.3440477252006531], "lowlevel.spectral_contrast.mean": [[0.7632817625999451, 1.0323565006256104, 0.8141821622848511, 0.5615572929382324, 0.8205826282501221, 0.3115968704223633]], "lowlevel.dissonance.mean": [0.06565344333648682], "lowlevel.hfc.mean": [0.47528859972953796], "lowlevel.mfcc.mean": [[0.5834879875183105, 1.0118335485458374, 0.2691648304462433, 0.012894868850708008, 0.37184906005859375, -0.19252949953079224, -0.15091043710708618, 0.10174283385276794, -0.0007987618446350098, -0.05981189012527466, 0.045984238386154175, 0.19545862078666687, 0.5124304294586182]], "sfx.logattacktime.mean": [0.7937512993812561], "sfx.inharmonicity.mean": [0.4684751331806183]}