{"lowlevel.spectral_centroid.mean": [0.34108394384384155], "lowlevel.spectral_contrast.mean": [[1.0003690719604492, 1.4311357736587524, 1.258541464805603, 1.3500200510025024, 0.970059871673584, 0.5200185775756836]], "lowlevel.dissonance.mean": [-0.16668975353240967], "lowlevel.hfc.mean": [0.46774476766586304], "lowlevel.mfcc.mean": [[0.5196963548660278, 0.9241378307342529, 0.36859312653541565, 0.06241527199745178, 0.3177105486392975, 0.16130736470222473, 0.12047931551933289, -0.07378149032592773, -0.07102328538894653, 0.0349658727645874, 0.1897888481616974, 0.27658700942993164, 0.23794525861740112]], "sfx.logattacktime.mean": [0.3714791536331177], "sfx.inharmonicity.mean": [0.23460039496421814]}