{"lowlevel.spectral_centroid.mean": [0.36676937341690063], "lowlevel.spectral_contrast.mean": [[0.5950479507446289, 0.750659704208374, 0.6366603374481201, 0.682465672492981, 0.6625089645385742, 0.4941275119781494]], "lowlevel.dissonance.mean": [0.4866361618041992], "lowlevel.hfc.mean": [0.46781831979751587], "lowlevel.mfcc.mean": [[0.5997806787490845, 0.7691853046417236, 0.17426961660385132, 0.508143424987793, 0.4172099232673645, 0.06457328796386719, 0.13524863123893738, 0.07061767578125, 0.2872406244277954, 0.269304096698761, 0.15371817350387573, 0.05860257148742676, 0.3185732066631317]], "sfx.logattacktime.mean": [0.7427191138267517], "sfx.inharmonicity.mean": [0.3887792229652405]}