{"lowlevel.spectral_centroid.mean": [0.6683931350708008], "lowlevel.spectral_contrast.mean": [[0.2546001672744751, 0.36688220500946045, 1.1216254234313965, 0.7684222459793091, 0.9448847770690918, 0.8086540699005127]], "lowlevel.dissonance.mean": [0.2590153217315674], "lowlevel.hfc.mean": [0.47343769669532776], "lowlevel.mfcc.mean": [[0.29099810123443604, 0.1437961757183075, 0.2615152597427368, 0.3937515914440155, 0.03544342517852783, 0.15683454275131226, 0.3632564842700958, 0.7375128269195557, 1.079851746559143, 0.8782549500465393, 0.3525763154029846, -0.18929946422576904, -0.43378299474716187]], "sfx.logattacktime.mean": [0.34482425451278687], "sfx.inharmonicity.mean": [0.6923379898071289]}