{"lowlevel.spectral_centroid.mean": [0.3410928249359131], "lowlevel.spectral_contrast.mean": [[1.0274525880813599, 0.7521594762802124, 0.8645100593566895, 0.8322818279266357, 0.6279566287994385, 0.23843169212341309]], "lowlevel.dissonance.mean": [0.2554633617401123], "lowlevel.hfc.mean": [0.46782970428466797], "lowlevel.mfcc.mean": [[0.4715580940246582, 0.9942189455032349, 0.5964683294296265, -0.15413683652877808, 0.0836053192615509, 0.1929413080215454, 0.061218321323394775, 0.0007629990577697754, 0.05353972315788269, -0.052513718605041504, 0.015903085470199585, 0.020330727100372314, -0.04567301273345947]], "sfx.logattacktime.mean": [0.8603729009628296], "sfx.inharmonicity.mean": [0.5148155689239502]}