{"lowlevel.spectral_centroid.mean": [0.37042805552482605], "lowlevel.spectral_contrast.mean": [[0.4874652624130249, 0.43710196018218994, 0.2616279125213623, 0.19945812225341797, 0.16615843772888184, 0.20396089553833008]], "lowlevel.dissonance.mean": [0.3623378276824951], "lowlevel.hfc.mean": [0.46529024839401245], "lowlevel.mfcc.mean": [[0.15983963012695312, 0.44791150093078613, 0.8039779663085938, 0.756596028804779, 0.8090236186981201, 0.7424509525299072, 0.722283124923706, 0.6241104602813721, 0.6395814418792725, 0.5957880020141602, 0.5775562524795532, 0.5445239543914795, 0.544268012046814]], "sfx.logattacktime.mean": [0.23056817054748535], "sfx.inharmonicity.mean": [0.2546515166759491]}