{"lowlevel.spectral_centroid.mean": [0.6066770553588867], "lowlevel.spectral_contrast.mean": [[0.5057917833328247, 0.3510105609893799, 0.5282057523727417, 1.5666697025299072, 1.3524335622787476, 1.2172083854675293]], "lowlevel.dissonance.mean": [0.7310285568237305], "lowlevel.hfc.mean": [0.644497811794281], "lowlevel.mfcc.mean": [[0.7651726007461548, 0.2839934229850769, 0.26351290941238403, 0.39951789379119873, 0.42503613233566284, 0.7463710904121399, 0.5850555896759033, 0.915290892124176, -0.30243974924087524, 0.6249408721923828, 1.8362886905670166, 0.2274300456047058, -0.08607834577560425]], "sfx.logattacktime.mean": [0.5173513293266296], "sfx.inharmonicity.mean": [0.5793492794036865]}