{"lowlevel.spectral_centroid.mean": [0.3629451096057892], "lowlevel.spectral_contrast.mean": [[0.7614958882331848, 1.0527139902114868, 1.0543889999389648, 1.0535451173782349, 0.84720778465271, 0.4863297939300537]], "lowlevel.dissonance.mean": [0.1835259199142456], "lowlevel.hfc.mean": [0.46641409397125244], "lowlevel.mfcc.mean": [[0.506088376045227, 0.7439348697662354, 0.26091381907463074, 0.14063480496406555, 0.45653510093688965, 0.411528617143631, 0.16426104307174683, 0.14837640523910522, 0.015188217163085938, 0.00047385692596435547, 0.23889997601509094, 0.107063889503479, 0.09613564610481262]], "sfx.logattacktime.mean": [0.9146304130554199], "sfx.inharmonicity.mean": [0.40882962942123413]}