{"lowlevel.spectral_centroid.mean": [0.3214309513568878], "lowlevel.spectral_contrast.mean": [[1.2505247592926025, 0.6217715740203857, 0.6572777032852173, 0.506763219833374, 0.3638930320739746, 0.13245630264282227]], "lowlevel.dissonance.mean": [-0.5905381441116333], "lowlevel.hfc.mean": [0.4682724177837372], "lowlevel.mfcc.mean": [[0.25391972064971924, 0.6452265381813049, 0.8207340240478516, 0.4749660789966583, 0.34782344102859497, 0.18545123934745789, 0.17467987537384033, 0.08295023441314697, -0.15557360649108887, -0.4304381012916565, -0.3001753091812134, -0.22335666418075562, -0.31016379594802856]], "sfx.logattacktime.mean": [0.7022958993911743], "sfx.inharmonicity.mean": [0.24451029300689697]}