{"lowlevel.spectral_centroid.mean": [0.3344064950942993], "lowlevel.spectral_contrast.mean": [[0.43898701667785645, 0.3340129852294922, 0.26302480697631836, 0.18726253509521484, 0.1766529083251953, 0.20040297508239746]], "lowlevel.dissonance.mean": [0.030121803283691406], "lowlevel.hfc.mean": [0.46507394313812256], "lowlevel.mfcc.mean": [[0.07667231559753418, 0.23522183299064636, 0.5568305253982544, 0.45272642374038696, 0.48819246888160706, 0.38658955693244934, 0.3390153646469116, 0.24609683454036713, 0.24403172731399536, 0.20604318380355835, 0.24397531151771545, 0.24437853693962097, 0.30792421102523804]], "sfx.logattacktime.mean": [0.30613377690315247], "sfx.inharmonicity.mean": [0.32108229398727417]}