{"lowlevel.spectral_centroid.mean": [0.421968013048172], "lowlevel.spectral_contrast.mean": [[0.6154621839523315, 0.8415335416793823, 0.995267391204834, 1.1236190795898438, 0.8842804431915283, 0.757533073425293]], "lowlevel.dissonance.mean": [0.4993075132369995], "lowlevel.hfc.mean": [1.0147655010223389], "lowlevel.mfcc.mean": [[0.9068312644958496, 0.47817620635032654, 0.20150017738342285, 0.43062588572502136, 0.4525308907032013, 0.38019445538520813, 0.5198990702629089, 0.42695263028144836, 0.4629318416118622, 0.7822239995002747, 0.6766102313995361, 0.7716205716133118, 0.8623505234718323]], "sfx.logattacktime.mean": [0.29568204283714294], "sfx.inharmonicity.mean": [0.5829006433486938]}