{"lowlevel.spectral_centroid.mean": [0.37450820207595825], "lowlevel.spectral_contrast.mean": [[0.6529119610786438, 0.26475560665130615, 0.30375075340270996, 0.5778083801269531, 0.5247852802276611, 0.43463754653930664]], "lowlevel.dissonance.mean": [0.6802958250045776], "lowlevel.hfc.mean": [0.4893091917037964], "lowlevel.mfcc.mean": [[0.294979453086853, 0.4381321668624878, 0.6375517845153809, 0.6730297207832336, 0.7373670935630798, 0.7894295454025269, 0.811633825302124, 0.7254962921142578, 1.0531299114227295, 1.0518877506256104, 0.45093393325805664, 0.2717377543449402, 1.1304571628570557]], "sfx.logattacktime.mean": [0.2700197994709015], "sfx.inharmonicity.mean": [0.3366459012031555]}