{"lowlevel.spectral_centroid.mean": [0.34079205989837646], "lowlevel.spectral_contrast.mean": [[0.7539041638374329, 0.44544756412506104, 0.41320252418518066, 0.39101076126098633, 0.3667275905609131, 0.3088798522949219]], "lowlevel.dissonance.mean": [0.301730751991272], "lowlevel.hfc.mean": [0.46755698323249817], "lowlevel.mfcc.mean": [[0.20980584621429443, 0.5596356987953186, 0.8865126967430115, 0.8337142467498779, 0.8686742782592773, 0.7414870262145996, 0.7072510123252869, 0.6834359169006348, 0.6547396183013916, 0.5046572685241699, 0.4884014427661896, 0.4824129343032837, 0.4195612370967865]], "sfx.logattacktime.mean": [0.22946903109550476], "sfx.inharmonicity.mean": [0.20507514476776123]}