{"lowlevel.spectral_centroid.mean": [0.4313722252845764], "lowlevel.spectral_contrast.mean": [[0.5592657327651978, 1.1387310028076172, 0.9959399700164795, 1.1672533750534058, 0.7816805839538574, 0.49558067321777344]], "lowlevel.dissonance.mean": [0.43796467781066895], "lowlevel.hfc.mean": [0.4694174528121948], "lowlevel.mfcc.mean": [[0.42830169200897217, 0.5097401142120361, -0.22416898608207703, -0.17217332124710083, 0.24035291373729706, 0.1424463391304016, 0.3570728302001953, 0.17738160490989685, 0.1558624505996704, 0.144569993019104, 0.30118632316589355, 0.4672088921070099, 0.3614858388900757]], "sfx.logattacktime.mean": [0.6029216051101685], "sfx.inharmonicity.mean": [0.5027440190315247]}