{"lowlevel.spectral_centroid.mean": [0.32308298349380493], "lowlevel.spectral_contrast.mean": [[0.6883641481399536, 0.73456871509552, 0.5475127696990967, 0.4753873348236084, 0.44065284729003906, 0.3201756477355957]], "lowlevel.dissonance.mean": [0.5341733694076538], "lowlevel.hfc.mean": [0.4691449701786041], "lowlevel.mfcc.mean": [[0.46940183639526367, 0.905029296875, 0.7860900163650513, 0.6191896796226501, 0.6251428127288818, 0.41927042603492737, 0.29421788454055786, 0.4208621680736542, 0.5056909322738647, 0.30200809240341187, 0.10477340221405029, 0.13591980934143066, 0.3967795968055725]], "sfx.logattacktime.mean": [0.6275390982627869], "sfx.inharmonicity.mean": [0.3459886908531189]}