{"lowlevel.spectral_centroid.mean": [0.6842790842056274], "lowlevel.spectral_contrast.mean": [[0.20877230167388916, 0.1678149700164795, 0.18388819694519043, 1.042073369026184, 0.5723154544830322, 0.6888701915740967]], "lowlevel.dissonance.mean": [0.721472978591919], "lowlevel.hfc.mean": [0.47572407126426697], "lowlevel.mfcc.mean": [[0.13424348831176758, 0.043019868433475494, 0.43960675597190857, 0.4417850971221924, 0.6229614019393921, 0.6439441442489624, 0.12385404109954834, 0.5024248957633972, 0.9072756767272949, 0.6478794813156128, -0.23015499114990234, 0.9594091176986694, 0.6258331537246704]], "sfx.logattacktime.mean": [0.8500922918319702], "sfx.inharmonicity.mean": [0.7509258985519409]}