{"lowlevel.spectral_centroid.mean": [0.33569881319999695], "lowlevel.spectral_contrast.mean": [[0.6040021181106567, 0.7223025560379028, 0.4909853935241699, 0.3762624263763428, 0.35013270378112793, 0.312788724899292]], "lowlevel.dissonance.mean": [0.21344709396362305], "lowlevel.hfc.mean": [0.466016560792923], "lowlevel.mfcc.mean": [[0.27934324741363525, 0.5793219208717346, 0.66205894947052, 0.5161855816841125, 0.37053364515304565, 0.10240888595581055, 0.14176088571548462, 0.05312824249267578, -0.0018754005432128906, 0.07373115420341492, 0.0982184112071991, 0.10028824210166931, 0.36519694328308105]], "sfx.logattacktime.mean": [0.1966402530670166], "sfx.inharmonicity.mean": [0.28791263699531555]}