{"lowlevel.spectral_centroid.mean": [0.31812766194343567], "lowlevel.spectral_contrast.mean": [[0.9209231734275818, 0.8427114486694336, 0.6958876848220825, 0.5867280960083008, 0.5447018146514893, 0.38941121101379395]], "lowlevel.dissonance.mean": [0.5235120058059692], "lowlevel.hfc.mean": [0.4759029150009155], "lowlevel.mfcc.mean": [[0.6617401838302612, 1.0716075897216797, 0.7142871618270874, 0.5399473309516907, 0.5437871217727661, 0.3840225338935852, 0.21919971704483032, 0.38711005449295044, 0.43488606810569763, 0.3168192505836487, 0.11142495274543762, 0.061806172132492065, 0.20183637738227844]], "sfx.logattacktime.mean": [0.49111685156822205], "sfx.inharmonicity.mean": [0.29910725355148315]}