{"lowlevel.spectral_centroid.mean": [0.3715898394584656], "lowlevel.spectral_contrast.mean": [[0.57026207447052, 0.6249253749847412, 0.4128838777542114, 0.2918400764465332, 0.19368505477905273, 0.20844078063964844]], "lowlevel.dissonance.mean": [-0.1647559404373169], "lowlevel.hfc.mean": [0.46511518955230713], "lowlevel.mfcc.mean": [[0.16389524936676025, 0.442245751619339, 0.7305405139923096, 0.5895455479621887, 0.6148434281349182, 0.5456230044364929, 0.5269015431404114, 0.4546578526496887, 0.4983460605144501, 0.4943465292453766, 0.5483353137969971, 0.5594094395637512, 0.528623104095459]], "sfx.logattacktime.mean": [0.23404082655906677], "sfx.inharmonicity.mean": [0.22928309440612793]}