{"lowlevel.spectral_centroid.mean": [0.3676616847515106], "lowlevel.spectral_contrast.mean": [[0.33692312240600586, 0.3595656156539917, 0.9587295055389404, 0.4762253761291504, 0.44843173027038574, 0.5874738693237305]], "lowlevel.dissonance.mean": [0.29000353813171387], "lowlevel.hfc.mean": [0.48368486762046814], "lowlevel.mfcc.mean": [[0.37316906452178955, 0.8157370090484619, 0.5085232853889465, 0.49972331523895264, 0.5276244282722473, 0.7108649611473083, 0.7820394039154053, 0.8430884480476379, 0.4930170476436615, 0.04006221890449524, -0.06571400165557861, 0.4877571761608124, 1.2171602249145508]], "sfx.logattacktime.mean": [0.2547281086444855], "sfx.inharmonicity.mean": [0.5404264330863953]}