{"lowlevel.spectral_centroid.mean": [0.46778377890586853], "lowlevel.spectral_contrast.mean": [[0.22967028617858887, 0.9531214237213135, 1.2025765180587769, 1.3600815534591675, 0.4542713165283203, 0.3864712715148926]], "lowlevel.dissonance.mean": [0.2824854850769043], "lowlevel.hfc.mean": [0.49197328090667725], "lowlevel.mfcc.mean": [[0.631497859954834, 0.31614959239959717, 0.14031049609184265, -0.36505943536758423, 0.22200575470924377, 0.6820592880249023, 0.4191606044769287, 0.0773078203201294, -0.023629605770111084, 0.23465308547019958, 0.6123862862586975, 0.9865406155586243, 0.9720759391784668]], "sfx.logattacktime.mean": [0.36564385890960693], "sfx.inharmonicity.mean": [0.4085884690284729]}