{"lowlevel.spectral_centroid.mean": [0.4394432604312897], "lowlevel.spectral_contrast.mean": [[0.22162973880767822, 0.4592541456222534, 0.6430473327636719, 0.698137640953064, 0.36592936515808105, 0.2592811584472656]], "lowlevel.dissonance.mean": [0.5420407056808472], "lowlevel.hfc.mean": [0.46515020728111267], "lowlevel.mfcc.mean": [[0.17248868942260742, 0.3871925473213196, 0.5314666032791138, 0.462464839220047, 0.6921569108963013, 0.5998395681381226, 0.4848759174346924, 0.43915918469429016, 0.49870777130126953, 0.2608683407306671, 0.005155742168426514, 0.3165432810783386, 1.2787539958953857]], "sfx.logattacktime.mean": [0.33355921506881714], "sfx.inharmonicity.mean": [0.4080999493598938]}