{"lowlevel.spectral_centroid.mean": [0.4691731333732605], "lowlevel.spectral_contrast.mean": [[0.19421374797821045, 1.0180411338806152, 1.18519127368927, 1.2144198417663574, 1.264775037765503, 0.9540214538574219]], "lowlevel.dissonance.mean": [0.40053415298461914], "lowlevel.hfc.mean": [0.47904112935066223], "lowlevel.mfcc.mean": [[0.6501834392547607, 0.17289015650749207, -0.011370182037353516, 0.4216737151145935, -0.03428918123245239, 0.12109747529029846, 0.2817871868610382, 0.433074951171875, 0.734593391418457, 0.9670776724815369, 0.3756386637687683, 0.6443229913711548, 0.7639148235321045]], "sfx.logattacktime.mean": [0.5312378406524658], "sfx.inharmonicity.mean": [0.49501219391822815]}