{"lowlevel.spectral_centroid.mean": [0.35699594020843506], "lowlevel.spectral_contrast.mean": [[0.7991616129875183, 1.2744181156158447, 0.8563612699508667, 0.733067512512207, 0.4965665340423584, 1.0952534675598145]], "lowlevel.dissonance.mean": [0.04751729965209961], "lowlevel.hfc.mean": [0.5078089833259583], "lowlevel.mfcc.mean": [[0.7310909032821655, 0.9190070629119873, 0.023265987634658813, 0.3699132800102234, -0.27820104360580444, -0.2885206341743469, 0.10487264394760132, -0.3614354729652405, 0.47011855244636536, -0.0010470747947692871, 0.15054675936698914, 0.6121714115142822, 0.3396104574203491]], "sfx.logattacktime.mean": [0.5565913319587708], "sfx.inharmonicity.mean": [0.7150074243545532]}