{"lowlevel.spectral_centroid.mean": [0.4239511489868164], "lowlevel.spectral_contrast.mean": [[0.6062451601028442, 0.36297571659088135, 1.498537540435791, 0.894964337348938, 1.025124430656433, 0.9438562393188477]], "lowlevel.dissonance.mean": [0.34498846530914307], "lowlevel.hfc.mean": [0.5324108004570007], "lowlevel.mfcc.mean": [[0.7461591958999634, 0.28419262170791626, 0.27585047483444214, 0.42248547077178955, 0.021638959646224976, 0.5493436455726624, 0.9226837754249573, 1.1688772439956665, 0.7901813387870789, 0.32571160793304443, -0.30461519956588745, 0.2064974009990692, 1.3835631608963013]], "sfx.logattacktime.mean": [0.5824341177940369], "sfx.inharmonicity.mean": [0.31796663999557495]}