{"lowlevel.spectral_centroid.mean": [0.40378767251968384], "lowlevel.spectral_contrast.mean": [[0.17383897304534912, 1.0811388492584229, 1.3868380784988403, 1.1019558906555176, 0.5260848999023438, 0.300889253616333]], "lowlevel.dissonance.mean": [0.045273780822753906], "lowlevel.hfc.mean": [0.4851588010787964], "lowlevel.mfcc.mean": [[0.463733434677124, 0.8768936395645142, 0.27631300687789917, -0.5263922214508057, -0.19505023956298828, 0.20676717162132263, 0.6968621611595154, 0.5992270708084106, -0.041602134704589844, -0.16012734174728394, 0.23211947083473206, 0.13025614619255066, 0.3892655670642853]], "sfx.logattacktime.mean": [0.2543770670890808], "sfx.inharmonicity.mean": [0.43596354126930237]}