{"lowlevel.spectral_centroid.mean": [0.4670538306236267], "lowlevel.spectral_contrast.mean": [[1.0121119022369385, 0.7497638463973999, 0.4086325168609619, 0.463320255279541, 0.4116082191467285, 0.3372993469238281]], "lowlevel.dissonance.mean": [-0.0021842122077941895], "lowlevel.hfc.mean": [0.4772354066371918], "lowlevel.mfcc.mean": [[0.34078502655029297, 0.5858264565467834, 0.6917228698730469, 0.8567205667495728, 0.7761637568473816, 0.5579497218132019, 0.38233688473701477, 0.2519122362136841, 0.31945574283599854, 0.34471890330314636, 0.26039719581604004, 0.11369365453720093, 0.17549684643745422]], "sfx.logattacktime.mean": [0.3877605199813843], "sfx.inharmonicity.mean": [0.2844778597354889]}