{"lowlevel.spectral_centroid.mean": [0.4847278594970703], "lowlevel.spectral_contrast.mean": [[-0.017433524131774902, 0.5056036710739136, 1.0923235416412354, 1.2974265813827515, 1.3610954284667969, 0.484389066696167]], "lowlevel.dissonance.mean": [0.6204284429550171], "lowlevel.hfc.mean": [0.4716552793979645], "lowlevel.mfcc.mean": [[0.49137330055236816, 0.42897072434425354, -0.5975191593170166, -0.32804036140441895, 0.21848797798156738, 0.2094402015209198, 0.6813130974769592, 0.706899106502533, 0.6736986637115479, 0.20148363709449768, 0.1047326922416687, 0.8532489538192749, 1.1435400247573853]], "sfx.logattacktime.mean": [0.5158923864364624], "sfx.inharmonicity.mean": [0.9466681480407715]}