{"lowlevel.spectral_centroid.mean": [0.8025648593902588], "lowlevel.spectral_contrast.mean": [[0.4540233612060547, 0.1728360652923584, 0.23104000091552734, 0.2636404037475586, 0.25678563117980957, 0.7264690399169922]], "lowlevel.dissonance.mean": [0.6856904029846191], "lowlevel.hfc.mean": [0.5265420079231262], "lowlevel.mfcc.mean": [[0.19235801696777344, 0.10120472311973572, 0.6375494003295898, 0.492450475692749, 0.5627437233924866, 0.9938610792160034, 0.4897940754890442, 0.9758690595626831, 0.5515720248222351, 0.7855525612831116, 0.8753836154937744, 0.4454576373100281, 0.9880980253219604]], "sfx.logattacktime.mean": [0.6563090682029724], "sfx.inharmonicity.mean": [0.5757153630256653]}