{"lowlevel.spectral_centroid.mean": [0.4199705123901367], "lowlevel.spectral_contrast.mean": [[0.16768217086791992, 0.9669671058654785, 1.050662875175476, 0.9474290609359741, 0.653616189956665, 0.4610862731933594]], "lowlevel.dissonance.mean": [0.45067298412323], "lowlevel.hfc.mean": [0.46903032064437866], "lowlevel.mfcc.mean": [[0.3151388168334961, 0.3884393572807312, -0.04229888319969177, 0.004233956336975098, 0.3829905092716217, 0.315970242023468, 0.30247706174850464, 0.08360421657562256, 0.1807323396205902, 0.27345460653305054, 0.3969441056251526, 0.44173455238342285, 0.5983293652534485]], "sfx.logattacktime.mean": [0.5250113010406494], "sfx.inharmonicity.mean": [0.4246053695678711]}