{"lowlevel.spectral_centroid.mean": [0.7087763547897339], "lowlevel.spectral_contrast.mean": [[0.1993616819381714, 0.5165878534317017, 0.3763461112976074, 0.4822714328765869, 1.2437691688537598, 1.6600295305252075]], "lowlevel.dissonance.mean": [0.737296462059021], "lowlevel.hfc.mean": [0.8035328984260559], "lowlevel.mfcc.mean": [[0.465160608291626, 0.21005162596702576, 0.10612037777900696, 0.6105565428733826, 0.25565168261528015, 0.7333313226699829, -0.5220516920089722, 1.008882761001587, 0.7831540107727051, 0.2121095359325409, 0.526854932308197, 0.5369381904602051, 1.4088398218154907]], "sfx.logattacktime.mean": [0.4017760157585144], "sfx.inharmonicity.mean": [0.9842560291290283]}