{"lowlevel.spectral_centroid.mean": [0.6656250953674316], "lowlevel.spectral_contrast.mean": [[0.24716222286224365, 0.2787036895751953, 0.2835085391998291, 0.8840975761413574, 0.5365798473358154, 0.4371953010559082]], "lowlevel.dissonance.mean": [0.6631972789764404], "lowlevel.hfc.mean": [0.5079678297042847], "lowlevel.mfcc.mean": [[0.25845766067504883, 0.2467823624610901, 0.49266180396080017, 0.4742043912410736, 0.7575490474700928, 0.8563697338104248, 0.6873425245285034, 0.15978118777275085, 0.3189617693424225, 1.0139296054840088, 0.6558346152305603, 0.02708578109741211, 0.2755652666091919]], "sfx.logattacktime.mean": [0.48108774423599243], "sfx.inharmonicity.mean": [0.5562208890914917]}