{"lowlevel.spectral_centroid.mean": [0.6172900199890137], "lowlevel.spectral_contrast.mean": [[0.303851842880249, 0.35744941234588623, 0.5371739864349365, 0.6193816661834717, 0.34079933166503906, 0.36860203742980957]], "lowlevel.dissonance.mean": [0.5396130084991455], "lowlevel.hfc.mean": [0.4772961437702179], "lowlevel.mfcc.mean": [[0.3122568130493164, 0.35648757219314575, 0.3499721586704254, 0.1944180130958557, 0.2743503749370575, 0.5913649797439575, 0.7199497222900391, 0.5560604929924011, 0.440588116645813, 0.6793418526649475, 0.638725757598877, 0.4982355237007141, 0.4357436001300812]], "sfx.logattacktime.mean": [0.39600658416748047], "sfx.inharmonicity.mean": [0.55157470703125]}