{"lowlevel.spectral_centroid.mean": [0.35218626260757446], "lowlevel.spectral_contrast.mean": [[0.8170536756515503, 0.6663498878479004, 0.5333362817764282, 0.2577958106994629, 0.19603753089904785, 0.20880460739135742]], "lowlevel.dissonance.mean": [-0.23913395404815674], "lowlevel.hfc.mean": [0.4655611515045166], "lowlevel.mfcc.mean": [[0.16638481616973877, 0.4673631191253662, 0.7824262380599976, 0.6096093058586121, 0.5703424215316772, 0.48913314938545227, 0.5082754492759705, 0.43758758902549744, 0.3598690629005432, 0.17210033535957336, 0.07251086831092834, 0.010056614875793457, 0.06610214710235596]], "sfx.logattacktime.mean": [0.18794721364974976], "sfx.inharmonicity.mean": [0.3898135721683502]}