{"lowlevel.spectral_centroid.mean": [0.30583781003952026], "lowlevel.spectral_contrast.mean": [[0.8112311363220215, 0.7553818225860596, 0.5640326738357544, 0.5599310398101807, 0.47811245918273926, 0.33960485458374023]], "lowlevel.dissonance.mean": [0.2949434518814087], "lowlevel.hfc.mean": [0.46585336327552795], "lowlevel.mfcc.mean": [[0.40119659900665283, 0.8769114017486572, 0.7985862493515015, 0.5604537725448608, 0.7517914772033691, 0.6899929642677307, 0.6062852740287781, 0.4307582974433899, 0.4982544481754303, 0.6187357902526855, 0.5765665769577026, 0.48819831013679504, 0.690754771232605]], "sfx.logattacktime.mean": [0.53866046667099], "sfx.inharmonicity.mean": [0.22750338912010193]}