{"lowlevel.spectral_centroid.mean": [0.3346584737300873], "lowlevel.spectral_contrast.mean": [[0.45152711868286133, 0.4311865568161011, 0.6232417821884155, 0.520374059677124, 0.5191497802734375, 0.2849457263946533]], "lowlevel.dissonance.mean": [0.41190433502197266], "lowlevel.hfc.mean": [0.46617287397384644], "lowlevel.mfcc.mean": [[0.19579362869262695, 0.7927126884460449, 0.5898300409317017, 0.3330913186073303, 0.4427233040332794, 0.30822792649269104, 0.25210142135620117, 0.21806883811950684, 0.18222779035568237, 0.06128203868865967, -0.006622195243835449, 0.04674997925758362, 0.2541072964668274]], "sfx.logattacktime.mean": [0.284660279750824], "sfx.inharmonicity.mean": [0.512259840965271]}