{"lowlevel.spectral_centroid.mean": [0.42424649000167847], "lowlevel.spectral_contrast.mean": [[0.5925277471542358, 1.1788485050201416, 1.0188264846801758, 1.0822664499282837, 0.8456552028656006, 0.657935619354248]], "lowlevel.dissonance.mean": [0.41217339038848877], "lowlevel.hfc.mean": [0.47376739978790283], "lowlevel.mfcc.mean": [[0.6780461072921753, 0.4203451871871948, -0.14171388745307922, 0.19199970364570618, -0.04459160566329956, -0.16907459497451782, -0.2536027431488037, -0.13798141479492188, -0.05243980884552002, 0.30657535791397095, 0.07058966159820557, 0.24923977255821228, 0.7378644347190857]], "sfx.logattacktime.mean": [0.3985457122325897], "sfx.inharmonicity.mean": [0.4335876703262329]}