{"lowlevel.spectral_centroid.mean": [0.6066823601722717], "lowlevel.spectral_contrast.mean": [[0.5556617975234985, 0.4951587915420532, 0.34253358840942383, 0.3708353042602539, 0.40239477157592773, 0.3327655792236328]], "lowlevel.dissonance.mean": [0.45866310596466064], "lowlevel.hfc.mean": [0.4702041745185852], "lowlevel.mfcc.mean": [[0.22374427318572998, 0.347528874874115, 0.5333569049835205, 0.6232355237007141, 0.5559751391410828, 0.3874162435531616, 0.3736940622329712, 0.36058688163757324, 0.43058955669403076, 0.4346102476119995, 0.40582457184791565, 0.3091371953487396, 0.353864848613739]], "sfx.logattacktime.mean": [0.41572850942611694], "sfx.inharmonicity.mean": [0.4580058455467224]}