{"lowlevel.spectral_centroid.mean": [0.3352351188659668], "lowlevel.spectral_contrast.mean": [[0.8867588639259338, 0.8336929082870483, 0.7073005437850952, 0.6851963996887207, 0.31051087379455566, 0.23758649826049805]], "lowlevel.dissonance.mean": [-0.07210516929626465], "lowlevel.hfc.mean": [0.46731558442115784], "lowlevel.mfcc.mean": [[0.43669557571411133, 1.0626896619796753, 1.0714590549468994, 0.39787790179252625, 0.21087485551834106, 0.36889228224754333, 0.5446879863739014, 0.49032026529312134, 0.5542258024215698, 0.678969144821167, 0.7584556937217712, 0.6525917053222656, 0.5718851685523987]], "sfx.logattacktime.mean": [0.3325136601924896], "sfx.inharmonicity.mean": [0.24988587200641632]}