{"lowlevel.spectral_centroid.mean": [0.3474149703979492], "lowlevel.spectral_contrast.mean": [[0.8422935009002686, 1.1004221439361572, 0.6674238443374634, 0.6879851818084717, 0.6312515735626221, 0.6196470260620117]], "lowlevel.dissonance.mean": [0.583450436592102], "lowlevel.hfc.mean": [0.5285918712615967], "lowlevel.mfcc.mean": [[1.0441696643829346, 0.7534888982772827, 0.5111182332038879, 0.6954761743545532, 0.5289224982261658, 0.5120190978050232, 0.3275405466556549, 0.3398439288139343, 0.3273266553878784, 0.4264052212238312, 0.47095248103141785, 0.4926515221595764, 0.4056365191936493]], "sfx.logattacktime.mean": [0.3967684805393219], "sfx.inharmonicity.mean": [0.4051472544670105]}