{"lowlevel.spectral_centroid.mean": [0.3548508286476135], "lowlevel.spectral_contrast.mean": [[0.5813149213790894, 0.2922985553741455, 0.2886006832122803, 0.5537378787994385, 0.4539318084716797, 0.39989757537841797]], "lowlevel.dissonance.mean": [0.6738491058349609], "lowlevel.hfc.mean": [0.48011696338653564], "lowlevel.mfcc.mean": [[0.20744502544403076, 0.3395702540874481, 0.5938020348548889, 0.6452021598815918, 0.7311196327209473, 0.7607665061950684, 0.7516354322433472, 0.7063291668891907, 0.9334331750869751, 1.0552709102630615, 0.6767092943191528, 0.4068092405796051, 0.9359523057937622]], "sfx.logattacktime.mean": [0.2784039080142975], "sfx.inharmonicity.mean": [0.3712821900844574]}