{"lowlevel.spectral_centroid.mean": [0.4551297426223755], "lowlevel.spectral_contrast.mean": [[0.2799990177154541, 0.30906450748443604, 0.648455023765564, 0.8535518646240234, 0.7696835994720459, 0.6082265377044678]], "lowlevel.dissonance.mean": [0.6141259670257568], "lowlevel.hfc.mean": [0.4899945855140686], "lowlevel.mfcc.mean": [[0.3984149694442749, 0.27987241744995117, 0.33541339635849, 0.4531516432762146, 0.4078936278820038, 0.5438566207885742, 0.6926480531692505, 0.5351442098617554, 0.6571332812309265, 0.8114904165267944, 0.5863113403320312, 0.3052544891834259, 0.4005855321884155]], "sfx.logattacktime.mean": [0.433679461479187], "sfx.inharmonicity.mean": [0.6372775435447693]}