{"lowlevel.spectral_centroid.mean": [0.4404093623161316], "lowlevel.spectral_contrast.mean": [[0.18593239784240723, 0.2016594409942627, 1.8235127925872803, 1.6097129583358765, 1.5354830026626587, 1.3243257999420166]], "lowlevel.dissonance.mean": [0.3241274356842041], "lowlevel.hfc.mean": [0.5074657201766968], "lowlevel.mfcc.mean": [[0.4804079532623291, 0.10281331092119217, 0.19300693273544312, 0.4976850152015686, 0.31194955110549927, 0.836392879486084, 0.7358840703964233, 1.7214272022247314, 1.144331693649292, -0.3990006446838379, -0.777062714099884, -0.7281885147094727, 0.8301740288734436]], "sfx.logattacktime.mean": [0.32327234745025635], "sfx.inharmonicity.mean": [1.4178531169891357]}