{"lowlevel.spectral_centroid.mean": [0.6593582630157471], "lowlevel.spectral_contrast.mean": [[0.57429039478302, 0.2007843255996704, 0.23069977760314941, 0.2831885814666748, 0.4529244899749756, 0.5900731086730957]], "lowlevel.dissonance.mean": [0.7104781866073608], "lowlevel.hfc.mean": [0.46615245938301086], "lowlevel.mfcc.mean": [[0.14579331874847412, 0.18583381175994873, 0.6930562853813171, 0.632040798664093, 0.8949489593505859, 0.8627947568893433, 0.6656122207641602, 1.1027557849884033, 0.8482238054275513, 0.7152896523475647, 0.6710800528526306, 1.0162014961242676, 0.5047571063041687]], "sfx.logattacktime.mean": [0.6413371562957764], "sfx.inharmonicity.mean": [0.4135948717594147]}