{"lowlevel.spectral_centroid.mean": [0.9607100486755371], "lowlevel.spectral_contrast.mean": [[0.08609461784362793, 0.14653801918029785, 0.18716740608215332, 0.5484914779663086, 0.4660360813140869, 0.45009565353393555]], "lowlevel.dissonance.mean": [0.6979643106460571], "lowlevel.hfc.mean": [0.46983444690704346], "lowlevel.mfcc.mean": [[-0.08013415336608887, 0.1028691902756691, 0.4444027245044708, 0.38209229707717896, 0.5258749723434448, 0.5647363066673279, 0.5707986354827881, 0.3364871144294739, 0.23968055844306946, 0.7534372806549072, 0.6103825569152832, 0.35368818044662476, 0.5770590305328369]], "sfx.logattacktime.mean": [0.5484020709991455], "sfx.inharmonicity.mean": [1.1194746494293213]}