{"lowlevel.spectral_centroid.mean": [0.321243554353714], "lowlevel.spectral_contrast.mean": [[0.6894707083702087, 0.6276483535766602, 0.4561502933502197, 0.4041574001312256, 0.3012216091156006, 0.25587964057922363]], "lowlevel.dissonance.mean": [-0.28231656551361084], "lowlevel.hfc.mean": [0.4672985374927521], "lowlevel.mfcc.mean": [[0.20301437377929688, 0.5179173946380615, 0.7803796529769897, 0.6207379102706909, 0.5567179918289185, 0.323926717042923, 0.1915614902973175, 0.11241436004638672, 0.10527628660202026, 0.03640422224998474, 0.12698772549629211, 0.17027172446250916, 0.23212122917175293]], "sfx.logattacktime.mean": [0.17502474784851074], "sfx.inharmonicity.mean": [0.22270286083221436]}