{"lowlevel.spectral_centroid.mean": [0.3395145535469055], "lowlevel.spectral_contrast.mean": [[0.681339681148529, 0.9953365325927734, 0.9238966703414917, 0.9311935901641846, 0.8653247356414795, 0.709287166595459]], "lowlevel.dissonance.mean": [0.3502674102783203], "lowlevel.hfc.mean": [0.4711689054965973], "lowlevel.mfcc.mean": [[0.6130365133285522, 0.9183982610702515, 0.3525379002094269, 0.42692795395851135, 0.3377510905265808, 0.20048698782920837, 0.2218765914440155, 0.06890785694122314, 0.1213497519493103, 0.17456278204917908, 0.14571216702461243, 0.2199370563030243, 0.4884974956512451]], "sfx.logattacktime.mean": [0.6892611980438232], "sfx.inharmonicity.mean": [0.5799024701118469]}