{"lowlevel.spectral_centroid.mean": [0.45591169595718384], "lowlevel.spectral_contrast.mean": [[0.795197606086731, 0.7658451795578003, 0.8232344388961792, 0.8029534816741943, 0.6969437599182129, 0.7256104946136475]], "lowlevel.dissonance.mean": [0.6783608198165894], "lowlevel.hfc.mean": [0.9027248620986938], "lowlevel.mfcc.mean": [[1.3198647499084473, 0.4646728038787842, 0.39469289779663086, 0.3950270414352417, 0.396303653717041, 0.5279139876365662, 0.4274379014968872, 0.2687382102012634, 0.3411405682563782, 0.4589420557022095, 0.3370209336280823, 0.2339746356010437, 0.3266563415527344]], "sfx.logattacktime.mean": [0.2183150053024292], "sfx.inharmonicity.mean": [0.9691232442855835]}