{"lowlevel.spectral_centroid.mean": [0.3235739469528198], "lowlevel.spectral_contrast.mean": [[0.44185924530029297, 0.6226909160614014, 0.520034909248352, 0.40997743606567383, 0.2526869773864746, 0.22274351119995117]], "lowlevel.dissonance.mean": [-0.05442529916763306], "lowlevel.hfc.mean": [0.4654398560523987], "lowlevel.mfcc.mean": [[0.07421791553497314, 0.7248575687408447, 0.9345173835754395, 0.6535928249359131, 0.4972061812877655, 0.261905312538147, 0.11763179302215576, 0.009850502014160156, 0.05596137046813965, 0.17725524306297302, 0.37564706802368164, 0.34801074862480164, 0.29219716787338257]], "sfx.logattacktime.mean": [0.6263815760612488], "sfx.inharmonicity.mean": [0.6996794939041138]}