{"lowlevel.spectral_centroid.mean": [0.5832672119140625], "lowlevel.spectral_contrast.mean": [[0.650363564491272, 0.5549988746643066, 0.4148334264755249, 0.4723670482635498, 0.4269826412200928, 0.3498680591583252]], "lowlevel.dissonance.mean": [0.3841552734375], "lowlevel.hfc.mean": [0.47108739614486694], "lowlevel.mfcc.mean": [[0.2727792263031006, 0.3843839764595032, 0.5428194403648376, 0.6558111906051636, 0.5622270107269287, 0.3819728195667267, 0.34757158160209656, 0.298656702041626, 0.34030985832214355, 0.35975897312164307, 0.32142534852027893, 0.24744482338428497, 0.29178404808044434]], "sfx.logattacktime.mean": [0.39344650506973267], "sfx.inharmonicity.mean": [0.5670186877250671]}