{"lowlevel.spectral_centroid.mean": [0.5799763202667236], "lowlevel.spectral_contrast.mean": [[0.22613143920898438, 0.4299900531768799, 0.39841020107269287, 1.2281612157821655, 1.0305793285369873, 1.4023810625076294]], "lowlevel.dissonance.mean": [0.6877697706222534], "lowlevel.hfc.mean": [0.7109940648078918], "lowlevel.mfcc.mean": [[0.48707711696624756, 0.2621992230415344, 0.10429975390434265, 0.5429478287696838, 0.15513938665390015, 0.9540141820907593, 0.35260874032974243, -0.07486355304718018, -0.09475505352020264, 1.3059700727462769, 0.4142938256263733, 0.4149819612503052, 0.3141162395477295]], "sfx.logattacktime.mean": [0.4344218969345093], "sfx.inharmonicity.mean": [0.8256262540817261]}