{"lowlevel.spectral_centroid.mean": [0.5002635717391968], "lowlevel.spectral_contrast.mean": [[0.3986797332763672, 0.365960955619812, 0.6726788282394409, 0.7460614442825317, 0.6889123916625977, 0.5373837947845459]], "lowlevel.dissonance.mean": [0.6172910928726196], "lowlevel.hfc.mean": [0.47716882824897766], "lowlevel.mfcc.mean": [[0.5528486967086792, 0.33697760105133057, 0.09981128573417664, 0.12131145596504211, 0.45017001032829285, 0.30367910861968994, 0.33503642678260803, 0.12687909603118896, 0.16563156247138977, 0.3855324983596802, 0.15788733959197998, 0.5277616381645203, 0.5800586342811584]], "sfx.logattacktime.mean": [0.4045204520225525], "sfx.inharmonicity.mean": [0.8411058187484741]}