{"lowlevel.spectral_centroid.mean": [0.4388618469238281], "lowlevel.spectral_contrast.mean": [[0.2990015745162964, 0.8845670223236084, 0.9739465713500977, 0.8200012445449829, 0.767202615737915, 0.519345760345459]], "lowlevel.dissonance.mean": [0.21761488914489746], "lowlevel.hfc.mean": [0.4704183340072632], "lowlevel.mfcc.mean": [[0.563437819480896, 0.5216599702835083, 0.144197016954422, 0.32046955823898315, 0.1387782096862793, -0.07637763023376465, 0.13614511489868164, 0.2126845121383667, 0.5722915530204773, 0.5839476585388184, 0.48923611640930176, 0.5576316714286804, 0.25326237082481384]], "sfx.logattacktime.mean": [0.36954760551452637], "sfx.inharmonicity.mean": [0.9296069145202637]}