{"lowlevel.spectral_centroid.mean": [0.4855387210845947], "lowlevel.spectral_contrast.mean": [[0.29965972900390625, 1.0878419876098633, 0.47949278354644775, 0.7492234706878662, 0.7424399852752686, 0.6005747318267822]], "lowlevel.dissonance.mean": [0.13775694370269775], "lowlevel.hfc.mean": [0.4858241379261017], "lowlevel.mfcc.mean": [[0.39943647384643555, 0.3079844117164612, 0.29989540576934814, 0.5266219973564148, 0.23999612033367157, 0.035570621490478516, -0.1023327112197876, -0.03172343969345093, 0.34903764724731445, 0.7853519916534424, 1.050423264503479, 1.0484296083450317, 1.025134563446045]], "sfx.logattacktime.mean": [0.46411818265914917], "sfx.inharmonicity.mean": [0.5502727627754211]}