{"lowlevel.spectral_centroid.mean": [0.46423107385635376], "lowlevel.spectral_contrast.mean": [[0.463842511177063, 0.330255389213562, 1.576355218887329, 1.4862974882125854, 1.6049494743347168, 1.0904545783996582]], "lowlevel.dissonance.mean": [0.40150606632232666], "lowlevel.hfc.mean": [0.5845944881439209], "lowlevel.mfcc.mean": [[0.8318418264389038, 0.22314241528511047, 0.2271517813205719, 0.5455343723297119, 0.07197806239128113, 0.21733015775680542, 0.5908850431442261, 1.0134450197219849, 0.9132198095321655, 1.121629238128662, 0.9356417059898376, 0.8853801488876343, 0.28573721647262573]], "sfx.logattacktime.mean": [0.6380701661109924], "sfx.inharmonicity.mean": [2.503376007080078]}