{"lowlevel.spectral_centroid.mean": [0.42867913842201233], "lowlevel.spectral_contrast.mean": [[0.3990405797958374, 0.6232235431671143, 0.5859595537185669, 0.6246674060821533, 0.4986882209777832, 0.5000653266906738]], "lowlevel.dissonance.mean": [0.4493461847305298], "lowlevel.hfc.mean": [0.4751356244087219], "lowlevel.mfcc.mean": [[0.3800245523452759, 0.5707301497459412, 0.4171002507209778, 0.19099919497966766, 0.11804860830307007, 0.17117691040039062, 0.6121850609779358, -0.056339144706726074, 0.5665172338485718, 0.6697843074798584, 0.7714145183563232, 0.3223804235458374, 0.36385291814804077]], "sfx.logattacktime.mean": [0.4398117661476135], "sfx.inharmonicity.mean": [0.6400953531265259]}