{"lowlevel.spectral_centroid.mean": [0.3282940089702606], "lowlevel.spectral_contrast.mean": [[0.5237224102020264, 0.6592317819595337, 0.5758711099624634, 0.4726715087890625, 0.4800429344177246, 0.3730292320251465]], "lowlevel.dissonance.mean": [0.40243542194366455], "lowlevel.hfc.mean": [0.479265421628952], "lowlevel.mfcc.mean": [[0.2721879482269287, 0.43054866790771484, 0.5272732377052307, 0.5473758578300476, 0.5278681516647339, 0.40965735912323, 0.49239787459373474, 0.677010178565979, 0.74478679895401, 0.7026174068450928, 0.7593499422073364, 0.9816727638244629, 1.08634614944458]], "sfx.logattacktime.mean": [0.2675532102584839], "sfx.inharmonicity.mean": [0.2826347053050995]}