{"lowlevel.spectral_centroid.mean": [0.32870760560035706], "lowlevel.spectral_contrast.mean": [[0.5670245885848999, 0.6444295644760132, 0.7834701538085938, 0.6686187982559204, 0.5132665634155273, 0.2787318229675293]], "lowlevel.dissonance.mean": [0.1681300401687622], "lowlevel.hfc.mean": [0.4668138027191162], "lowlevel.mfcc.mean": [[0.2515956163406372, 0.9444580078125, 0.6945691704750061, 0.31453627347946167, 0.34434962272644043, 0.1946752369403839, 0.24051234126091003, 0.3287141025066376, 0.30591386556625366, 0.07723119854927063, -0.021208345890045166, 0.03014451265335083, 0.24827086925506592]], "sfx.logattacktime.mean": [0.23379245400428772], "sfx.inharmonicity.mean": [0.6509645581245422]}