{"lowlevel.spectral_centroid.mean": [0.3110051453113556], "lowlevel.spectral_contrast.mean": [[0.2841397523880005, 0.3789973258972168, 0.2814292907714844, 0.19643211364746094, 0.19060444831848145, 0.23942136764526367]], "lowlevel.dissonance.mean": [0.5150175094604492], "lowlevel.hfc.mean": [0.4652259349822998], "lowlevel.mfcc.mean": [[0.12881648540496826, 0.33856362104415894, 0.6843166351318359, 0.6722848415374756, 0.7325825095176697, 0.6699979305267334, 0.6421059370040894, 0.580060601234436, 0.6125263571739197, 0.5346217751502991, 0.5055601000785828, 0.43429580330848694, 0.42657071352005005]], "sfx.logattacktime.mean": [0.1594325602054596], "sfx.inharmonicity.mean": [0.2114260345697403]}