{"lowlevel.spectral_centroid.mean": [0.3974626958370209], "lowlevel.spectral_contrast.mean": [[0.46900248527526855, 0.19754624366760254, 0.43601202964782715, 0.21286249160766602, 0.3265087604522705, 0.39576029777526855]], "lowlevel.dissonance.mean": [0.6454997062683105], "lowlevel.hfc.mean": [0.4667707681655884], "lowlevel.mfcc.mean": [[0.10677731037139893, 0.21327245235443115, 0.5979671478271484, 0.6036628484725952, 0.5793930292129517, 0.8646854162216187, 0.9440329670906067, 0.8291809558868408, 0.8323243260383606, 0.6143998503684998, 0.6849275231361389, 0.8682544827461243, 0.9243069887161255]], "sfx.logattacktime.mean": [0.26698166131973267], "sfx.inharmonicity.mean": [0.3978187143802643]}