{"lowlevel.spectral_centroid.mean": [0.3263017237186432], "lowlevel.spectral_contrast.mean": [[0.8973607420921326, 0.40651822090148926, 0.3754150867462158, 0.27417969703674316, 0.27453017234802246, 0.3173656463623047]], "lowlevel.dissonance.mean": [0.5561927556991577], "lowlevel.hfc.mean": [0.46599408984184265], "lowlevel.mfcc.mean": [[0.3944401741027832, 0.5495778322219849, 0.8911946415901184, 0.7471890449523926, 0.7054044008255005, 0.6353920698165894, 0.7151423692703247, 0.7508350610733032, 0.8068814277648926, 0.7708644866943359, 0.788917064666748, 0.7689961194992065, 0.7946895360946655]], "sfx.logattacktime.mean": [0.526684582233429], "sfx.inharmonicity.mean": [0.2758120894432068]}