{"lowlevel.spectral_centroid.mean": [0.6052526831626892], "lowlevel.spectral_contrast.mean": [[0.21071243286132812, 0.2122478485107422, 0.7310537099838257, 0.432509183883667, 0.5652503967285156, 0.4304835796356201]], "lowlevel.dissonance.mean": [0.4962061643600464], "lowlevel.hfc.mean": [0.46519577503204346], "lowlevel.mfcc.mean": [[0.11711633205413818, 0.16331474483013153, 0.3009667992591858, 0.2952977418899536, 0.4032134711742401, 0.5075308680534363, 0.7344307899475098, 0.6422654390335083, 0.4008939862251282, 0.12458920478820801, 0.2892836630344391, 0.8089878559112549, 1.0470852851867676]], "sfx.logattacktime.mean": [0.2832176685333252], "sfx.inharmonicity.mean": [0.6478436589241028]}