{"lowlevel.spectral_centroid.mean": [0.33494246006011963], "lowlevel.spectral_contrast.mean": [[1.0056017637252808, 0.9725887775421143, 0.8651018142700195, 0.7280229330062866, 0.7851026058197021, 0.5049006938934326]], "lowlevel.dissonance.mean": [0.06973850727081299], "lowlevel.hfc.mean": [0.4685499966144562], "lowlevel.mfcc.mean": [[0.5571019649505615, 0.9901965856552124, 0.5439507961273193, 0.5365961194038391, 0.4414321780204773, -0.05284380912780762, 0.23314884305000305, 0.09824937582015991, 0.08049634099006653, 0.34068113565444946, 0.20447933673858643, 0.18563807010650635, 0.42938733100891113]], "sfx.logattacktime.mean": [0.796444833278656], "sfx.inharmonicity.mean": [0.31875619292259216]}