{"lowlevel.spectral_centroid.mean": [0.32528531551361084], "lowlevel.spectral_contrast.mean": [[1.042461633682251, 0.6401281356811523, 0.5480941534042358, 0.5217289924621582, 0.6889054775238037, 0.9036519527435303]], "lowlevel.dissonance.mean": [0.4547525644302368], "lowlevel.hfc.mean": [0.4946134090423584], "lowlevel.mfcc.mean": [[0.8011547327041626, 1.060784935951233, 0.2696985602378845, 0.9912620186805725, 0.7866323590278625, 0.5812027454376221, 0.7625986933708191, 0.47481584548950195, 0.6042373776435852, 0.2962316870689392, 0.2151411771774292, 0.30758044123649597, 0.4712437093257904]], "sfx.logattacktime.mean": [0.5654937028884888], "sfx.inharmonicity.mean": [0.22437798976898193]}