{"lowlevel.spectral_centroid.mean": [0.46320825815200806], "lowlevel.spectral_contrast.mean": [[0.19557273387908936, 0.9424300193786621, 0.9068382978439331, 1.1060235500335693, 0.9190375804901123, 0.6459691524505615]], "lowlevel.dissonance.mean": [0.4980264902114868], "lowlevel.hfc.mean": [0.47036588191986084], "lowlevel.mfcc.mean": [[0.5306614637374878, 0.3616845905780792, 0.14364400506019592, 0.4431763291358948, 0.3631560802459717, 0.18371841311454773, 0.11536231637001038, 0.18367671966552734, 0.09639349579811096, 0.08684226870536804, 0.28320538997650146, 0.46790632605552673, 0.5712010860443115]], "sfx.logattacktime.mean": [0.5357388257980347], "sfx.inharmonicity.mean": [0.6404389142990112]}