{"lowlevel.spectral_centroid.mean": [0.39201653003692627], "lowlevel.spectral_contrast.mean": [[0.20191001892089844, 1.5824111700057983, 1.6043009757995605, 1.5049201250076294, 1.4787606000900269, 0.9823997020721436]], "lowlevel.dissonance.mean": [0.18678128719329834], "lowlevel.hfc.mean": [0.48417913913726807], "lowlevel.mfcc.mean": [[0.5307302474975586, 0.3788110017776489, -0.0006569027900695801, 0.41671988368034363, 0.09307700395584106, 0.1498892903327942, 0.3952442407608032, 0.6413195133209229, 0.5960919857025146, 0.9917093515396118, 1.4956804513931274, 1.5098023414611816, 1.0290369987487793]], "sfx.logattacktime.mean": [0.3380553126335144], "sfx.inharmonicity.mean": [0.2455332726240158]}