{"lowlevel.spectral_centroid.mean": [0.6594486236572266], "lowlevel.spectral_contrast.mean": [[0.23700714111328125, 0.28089821338653564, 0.20650005340576172, 0.2113020420074463, 0.8107600212097168, 0.6772794723510742]], "lowlevel.dissonance.mean": [0.6515552997589111], "lowlevel.hfc.mean": [0.5018175840377808], "lowlevel.mfcc.mean": [[0.14753508567810059, 0.027085833251476288, 0.633780837059021, 0.5422791242599487, 0.6669502258300781, 0.38828110694885254, 0.8723236322402954, 0.598068356513977, 0.36927440762519836, 0.8406815528869629, 0.7697149515151978, 0.07101485133171082, 1.0783922672271729]], "sfx.logattacktime.mean": [0.7344202995300293], "sfx.inharmonicity.mean": [0.700616717338562]}