{"lowlevel.spectral_centroid.mean": [0.34169772267341614], "lowlevel.spectral_contrast.mean": [[0.6984149217605591, 0.675307035446167, 0.637364387512207, 0.5151691436767578, 0.618079423904419, 0.33805036544799805]], "lowlevel.dissonance.mean": [0.2222890853881836], "lowlevel.hfc.mean": [0.46729594469070435], "lowlevel.mfcc.mean": [[0.39470207691192627, 0.7887431383132935, 0.5734008550643921, 0.30177396535873413, 0.36896517872810364, 0.03588765859603882, 0.08891695737838745, 0.33738672733306885, 0.377443790435791, 0.09858706593513489, -0.02312558889389038, 0.019733458757400513, 0.2688683271408081]], "sfx.logattacktime.mean": [0.676275372505188], "sfx.inharmonicity.mean": [0.3166813850402832]}