{"lowlevel.spectral_centroid.mean": [0.32875820994377136], "lowlevel.spectral_contrast.mean": [[0.43401050567626953, 0.6263267993927002, 0.6698036193847656, 0.814090371131897, 0.8871035575866699, 0.4094700813293457]], "lowlevel.dissonance.mean": [0.4331324100494385], "lowlevel.hfc.mean": [0.4668227434158325], "lowlevel.mfcc.mean": [[0.5191515684127808, 1.237097978591919, 0.4369778633117676, 0.47129398584365845, 0.6712467670440674, 0.23414461314678192, 0.31279462575912476, 0.29686689376831055, 0.45658737421035767, 0.3890155553817749, 0.5524609684944153, 0.6313396692276001, 0.39747995138168335]], "sfx.logattacktime.mean": [0.8155040740966797], "sfx.inharmonicity.mean": [1.047043800354004]}