{"lowlevel.spectral_centroid.mean": [0.3845031261444092], "lowlevel.spectral_contrast.mean": [[0.4116244316101074, 0.37641727924346924, 0.3563351631164551, 0.7166690826416016, 0.4680640697479248, 0.7061796188354492]], "lowlevel.dissonance.mean": [0.611879825592041], "lowlevel.hfc.mean": [0.4743460714817047], "lowlevel.mfcc.mean": [[0.49176299571990967, 0.756169319152832, 0.38172587752342224, 0.9940450191497803, 0.7409496307373047, 0.734809398651123, 0.13200116157531738, 0.4079417586326599, 0.6968640685081482, 0.7539626359939575, 0.20808520913124084, 0.28361648321151733, 0.9127306938171387]], "sfx.logattacktime.mean": [0.273461252450943], "sfx.inharmonicity.mean": [0.4524165689945221]}