{"lowlevel.spectral_centroid.mean": [0.34728193283081055], "lowlevel.spectral_contrast.mean": [[0.4116802215576172, 0.37891721725463867, 0.2920546531677246, 0.300260066986084, 0.2552502155303955, 0.2657325267791748]], "lowlevel.dissonance.mean": [0.41564834117889404], "lowlevel.hfc.mean": [0.4650817811489105], "lowlevel.mfcc.mean": [[0.18793737888336182, 0.4437042772769928, 0.664705753326416, 0.5512847304344177, 0.6201080679893494, 0.6413831114768982, 0.7258654236793518, 0.7061480283737183, 0.7393255829811096, 0.6334824562072754, 0.6673095226287842, 0.72235107421875, 0.6217368245124817]], "sfx.logattacktime.mean": [0.3419058322906494], "sfx.inharmonicity.mean": [0.24524325132369995]}