{"lowlevel.spectral_centroid.mean": [0.6652279496192932], "lowlevel.spectral_contrast.mean": [[0.5692192316055298, 0.19785082340240479, 0.24885106086730957, 0.2865900993347168, 0.6439251899719238, 0.7226657867431641]], "lowlevel.dissonance.mean": [0.6976170539855957], "lowlevel.hfc.mean": [0.4974347949028015], "lowlevel.mfcc.mean": [[0.19035840034484863, 0.15258365869522095, 0.6242574453353882, 0.5442187786102295, 0.9961599707603455, 0.5973514914512634, 0.7657849788665771, 0.9279125332832336, 1.0851895809173584, 0.42539581656455994, 0.6571152210235596, 1.2391502857208252, 0.4863731563091278]], "sfx.logattacktime.mean": [0.6336460113525391], "sfx.inharmonicity.mean": [0.44739171862602234]}