{"lowlevel.spectral_centroid.mean": [0.3873530626296997], "lowlevel.spectral_contrast.mean": [[0.5863701105117798, 0.5001305341720581, 0.4765946865081787, 0.47841525077819824, 0.4871993064880371, 0.3145575523376465]], "lowlevel.dissonance.mean": [0.5128259658813477], "lowlevel.hfc.mean": [0.4690132737159729], "lowlevel.mfcc.mean": [[0.43891000747680664, 0.8120452165603638, 0.4774447977542877, 0.24074359238147736, 0.3762601613998413, 0.2514874339103699, 0.326934814453125, 0.25931718945503235, 0.24027660489082336, 0.13847461342811584, 0.18891778588294983, 0.3858340382575989, 0.5163512825965881]], "sfx.logattacktime.mean": [0.5505329370498657], "sfx.inharmonicity.mean": [0.49753230810165405]}