{"lowlevel.spectral_centroid.mean": [0.3879086971282959], "lowlevel.spectral_contrast.mean": [[0.46176469326019287, 0.40776610374450684, 0.26450181007385254, 0.23588824272155762, 0.21438932418823242, 0.2112724781036377]], "lowlevel.dissonance.mean": [0.3811943531036377], "lowlevel.hfc.mean": [0.46525076031684875], "lowlevel.mfcc.mean": [[0.16809558868408203, 0.4358460605144501, 0.750423789024353, 0.7181745767593384, 0.7716037034988403, 0.6913321018218994, 0.7137526273727417, 0.6299288272857666, 0.5791993737220764, 0.5486950874328613, 0.5625755786895752, 0.5019669532775879, 0.4822515845298767]], "sfx.logattacktime.mean": [0.18884268403053284], "sfx.inharmonicity.mean": [0.1935693770647049]}