{"lowlevel.spectral_centroid.mean": [0.4390617311000824], "lowlevel.spectral_contrast.mean": [[0.466092586517334, 0.47212183475494385, 0.5195263624191284, 0.5956776142120361, 0.5978295803070068, 0.550513505935669]], "lowlevel.dissonance.mean": [0.6670545339584351], "lowlevel.hfc.mean": [0.46996045112609863], "lowlevel.mfcc.mean": [[0.6669172048568726, 0.6259918212890625, 0.08641740679740906, 0.5523098707199097, 0.30109477043151855, 0.18333306908607483, 0.42656534910202026, 0.24309614300727844, 0.1418304741382599, 0.4253711700439453, 0.4817033112049103, 0.32893747091293335, 0.4444369375705719]], "sfx.logattacktime.mean": [0.3649749755859375], "sfx.inharmonicity.mean": [0.5995728969573975]}