{"lowlevel.spectral_centroid.mean": [0.5703936815261841], "lowlevel.spectral_contrast.mean": [[0.17062783241271973, 0.6037137508392334, 0.9731541872024536, 1.0306962728500366, 1.1085224151611328, 0.879406213760376]], "lowlevel.dissonance.mean": [0.5438240766525269], "lowlevel.hfc.mean": [0.47155532240867615], "lowlevel.mfcc.mean": [[0.4184243679046631, 0.03584500402212143, 0.04980546236038208, 0.5274784564971924, 0.0021488070487976074, 0.27870720624923706, 0.45176345109939575, 0.8421621322631836, 0.6386266946792603, 1.0687341690063477, 0.371127188205719, 0.2627168297767639, 0.5060326457023621]], "sfx.logattacktime.mean": [0.5679328441619873], "sfx.inharmonicity.mean": [0.61801677942276]}