{"lowlevel.spectral_centroid.mean": [0.3913164734840393], "lowlevel.spectral_contrast.mean": [[1.0305202007293701, 0.8431434631347656, 0.48313844203948975, 0.6531083583831787, 0.5725955963134766, 0.47336435317993164]], "lowlevel.dissonance.mean": [0.08375287055969238], "lowlevel.hfc.mean": [0.4778619706630707], "lowlevel.mfcc.mean": [[0.3506368398666382, 0.5291842222213745, 0.6709352731704712, 0.8089397549629211, 0.7362857460975647, 0.5695729851722717, 0.3774951100349426, 0.21374189853668213, 0.266723096370697, 0.21005749702453613, 0.06013867259025574, -0.07583284378051758, 0.005875676870346069]], "sfx.logattacktime.mean": [0.36431747674942017], "sfx.inharmonicity.mean": [0.2896946966648102]}