{"lowlevel.spectral_centroid.mean": [0.32182401418685913], "lowlevel.spectral_contrast.mean": [[0.37927699089050293, 0.42131686210632324, 0.5337046384811401, 0.2932615280151367, 0.1973574161529541, 0.21793270111083984]], "lowlevel.dissonance.mean": [-0.0024681687355041504], "lowlevel.hfc.mean": [0.46510156989097595], "lowlevel.mfcc.mean": [[0.039029836654663086, 0.6822062730789185, 0.9666444063186646, 0.6792272329330444, 0.5391684770584106, 0.46038946509361267, 0.5037610530853271, 0.41860464215278625, 0.31418392062187195, 0.11802941560745239, 0.04114425182342529, 0.07147151231765747, 0.31266313791275024]], "sfx.logattacktime.mean": [0.2563660740852356], "sfx.inharmonicity.mean": [0.40368226170539856]}