{"lowlevel.spectral_centroid.mean": [0.32289502024650574], "lowlevel.spectral_contrast.mean": [[0.4206582307815552, 0.5224039554595947, 0.3708362579345703, 0.35569024085998535, 0.23703742027282715, 0.22683024406433105]], "lowlevel.dissonance.mean": [-0.006797373294830322], "lowlevel.hfc.mean": [0.4653099477291107], "lowlevel.mfcc.mean": [[0.0218050479888916, 0.6018370389938354, 0.8567416667938232, 0.6766043901443481, 0.6091167330741882, 0.45003601908683777, 0.36755692958831787, 0.25424307584762573, 0.3075581192970276, 0.39207857847213745, 0.5192210078239441, 0.47600996494293213, 0.36156314611434937]], "sfx.logattacktime.mean": [0.30152833461761475], "sfx.inharmonicity.mean": [0.39748233556747437]}