{"lowlevel.spectral_centroid.mean": [0.3161749839782715], "lowlevel.spectral_contrast.mean": [[0.9673279523849487, 0.33163154125213623, 0.34116625785827637, 0.3210158348083496, 0.3175821304321289, 0.2884824275970459]], "lowlevel.dissonance.mean": [0.5832583904266357], "lowlevel.hfc.mean": [0.46664535999298096], "lowlevel.mfcc.mean": [[0.18536508083343506, 0.5045684576034546, 0.8862138986587524, 0.9293953776359558, 1.0389878749847412, 1.0033221244812012, 1.0177831649780273, 0.962931215763092, 0.9326480627059937, 0.8366013765335083, 0.789320707321167, 0.7191013693809509, 0.6718049049377441]], "sfx.logattacktime.mean": [0.31811583042144775], "sfx.inharmonicity.mean": [0.1970292627811432]}