{"lowlevel.spectral_centroid.mean": [0.3609437346458435], "lowlevel.spectral_contrast.mean": [[1.013981819152832, 0.5563650131225586, 0.4431525468826294, 0.3975496292114258, 0.39539313316345215, 0.3322103023529053]], "lowlevel.dissonance.mean": [0.21275568008422852], "lowlevel.hfc.mean": [0.4707275331020355], "lowlevel.mfcc.mean": [[0.40867388248443604, 0.7834535837173462, 0.8616174459457397, 0.9809901118278503, 0.9513692855834961, 0.6938171982765198, 0.5498582720756531, 0.5000302791595459, 0.6319752335548401, 0.740607738494873, 0.6533891558647156, 0.44288894534111023, 0.5347998142242432]], "sfx.logattacktime.mean": [0.35786327719688416], "sfx.inharmonicity.mean": [0.2482565939426422]}