{"lowlevel.spectral_centroid.mean": [0.3658393621444702], "lowlevel.spectral_contrast.mean": [[0.612758994102478, 1.0827324390411377, 1.025873064994812, 0.9056447744369507, 0.7612075805664062, 0.5058462619781494]], "lowlevel.dissonance.mean": [0.26957201957702637], "lowlevel.hfc.mean": [0.4906209707260132], "lowlevel.mfcc.mean": [[0.7256858348846436, 0.7598977088928223, 0.10522684454917908, 0.28580179810523987, 0.21915128827095032, 0.14984911680221558, 0.3632734715938568, 0.24338172376155853, 0.43300220370292664, 0.22058001160621643, 0.3434782326221466, 0.7205138206481934, 0.6687189340591431]], "sfx.logattacktime.mean": [0.288968563079834], "sfx.inharmonicity.mean": [0.4388420283794403]}