{"lowlevel.spectral_centroid.mean": [0.33119815587997437], "lowlevel.spectral_contrast.mean": [[0.8633244633674622, 1.1150691509246826, 0.7403589487075806, 0.7597755193710327, 0.7465579509735107, 0.40113329887390137]], "lowlevel.dissonance.mean": [0.16992521286010742], "lowlevel.hfc.mean": [0.4666808247566223], "lowlevel.mfcc.mean": [[0.5299990177154541, 0.9068421125411987, 0.3483591377735138, 0.33897921442985535, 0.6432057619094849, 0.1527242660522461, 0.12667495012283325, -0.04196256399154663, -0.120735764503479, 0.03236949443817139, -0.0172574520111084, -0.055777132511138916, 0.24450990557670593]], "sfx.logattacktime.mean": [0.6359727382659912], "sfx.inharmonicity.mean": [0.40545737743377686]}