{"lowlevel.spectral_centroid.mean": [0.794274091720581], "lowlevel.spectral_contrast.mean": [[0.23957383632659912, 0.16177678108215332, 0.17904925346374512, 0.1705784797668457, 0.4630143642425537, 0.5341577529907227]], "lowlevel.dissonance.mean": [0.7048543691635132], "lowlevel.hfc.mean": [0.46759501099586487], "lowlevel.mfcc.mean": [[0.07342469692230225, 0.10258838534355164, 0.5213876366615295, 0.3532450497150421, 0.6721727848052979, 0.2672538757324219, 0.6414843201637268, 0.5186169743537903, 0.5826308727264404, 0.3208795189857483, 0.6891453266143799, 0.5744662880897522, 0.36906033754348755]], "sfx.logattacktime.mean": [0.7456969022750854], "sfx.inharmonicity.mean": [0.7977182865142822]}