{"lowlevel.spectral_centroid.mean": [0.3359090983867645], "lowlevel.spectral_contrast.mean": [[0.4593294858932495, 0.48226428031921387, 0.2906055450439453, 0.4900057315826416, 0.31280994415283203, 0.6312384605407715]], "lowlevel.dissonance.mean": [0.600611686706543], "lowlevel.hfc.mean": [0.465841680765152], "lowlevel.mfcc.mean": [[0.1171494722366333, 0.2817121148109436, 0.4849739670753479, 0.4231559932231903, 0.7180729508399963, 0.7507786154747009, 0.5886053442955017, 0.33729082345962524, 0.3478270173072815, 0.44705691933631897, 0.5955855846405029, 0.6494958400726318, 0.7511566281318665]], "sfx.logattacktime.mean": [0.33954328298568726], "sfx.inharmonicity.mean": [0.3810102343559265]}