{"lowlevel.spectral_centroid.mean": [0.40292516350746155], "lowlevel.spectral_contrast.mean": [[0.3515998125076294, 0.35787057876586914, 0.522127628326416, 0.4804046154022217, 0.5374755859375, 0.9781937599182129]], "lowlevel.dissonance.mean": [0.6960523128509521], "lowlevel.hfc.mean": [0.4677714705467224], "lowlevel.mfcc.mean": [[0.6978185176849365, 0.827970027923584, 0.0515783429145813, 0.6728594899177551, 0.29878944158554077, 0.7837388515472412, 0.3884963393211365, 0.5152373909950256, 0.45262521505355835, 0.2545621395111084, 0.22468045353889465, 0.1790831983089447, 0.5046809315681458]], "sfx.logattacktime.mean": [0.5763654708862305], "sfx.inharmonicity.mean": [1.0204684734344482]}