{"lowlevel.spectral_centroid.mean": [0.45893317461013794], "lowlevel.spectral_contrast.mean": [[0.18999409675598145, 1.1448646783828735, 1.0079244375228882, 1.2719851732254028, 1.2687636613845825, 0.9414889812469482]], "lowlevel.dissonance.mean": [0.46374499797821045], "lowlevel.hfc.mean": [0.49227848649024963], "lowlevel.mfcc.mean": [[0.6451997756958008, 0.2331952154636383, 0.10870426893234253, 0.6037033796310425, 0.250078022480011, 0.11622434854507446, 0.047056347131729126, 0.10030901432037354, 0.4026525616645813, 0.481605589389801, 1.087268590927124, 1.2086215019226074, 1.196981430053711]], "sfx.logattacktime.mean": [0.5868613719940186], "sfx.inharmonicity.mean": [0.3745056092739105]}