{"lowlevel.spectral_centroid.mean": [0.3574802279472351], "lowlevel.spectral_contrast.mean": [[0.5353360176086426, 0.9264727830886841, 0.980579137802124, 0.8975603580474854, 0.9352033138275146, 0.8576328754425049]], "lowlevel.dissonance.mean": [0.3488621711730957], "lowlevel.hfc.mean": [0.4712255895137787], "lowlevel.mfcc.mean": [[0.7214891910552979, 1.003333330154419, 0.16610929369926453, 0.4790748357772827, 0.3466930389404297, 0.0796472430229187, 0.29524117708206177, 0.17064419388771057, 0.32957661151885986, 0.42793363332748413, 0.5101125240325928, 0.3487657308578491, 0.2948611378669739]], "sfx.logattacktime.mean": [0.6204079389572144], "sfx.inharmonicity.mean": [0.46379581093788147]}