{"lowlevel.spectral_centroid.mean": [0.4098370671272278], "lowlevel.spectral_contrast.mean": [[0.533376932144165, 1.0234590768814087, 0.8983161449432373, 1.1673170328140259, 0.8628284931182861, 0.6228420734405518]], "lowlevel.dissonance.mean": [0.42978692054748535], "lowlevel.hfc.mean": [0.4708431661128998], "lowlevel.mfcc.mean": [[0.5371795892715454, 0.4004030227661133, 0.1006644070148468, 0.32460445165634155, 0.3451387882232666, 0.3313993811607361, 0.26937252283096313, 0.10242593288421631, 0.05543118715286255, 0.12802723050117493, 0.20687764883041382, 0.14636832475662231, 0.3985905647277832]], "sfx.logattacktime.mean": [0.5198356509208679], "sfx.inharmonicity.mean": [0.3386921286582947]}