{"lowlevel.spectral_centroid.mean": [0.3956988751888275], "lowlevel.spectral_contrast.mean": [[0.45680129528045654, 0.6556975841522217, 0.958686113357544, 0.911415696144104, 0.8954088687896729, 0.6157903671264648]], "lowlevel.dissonance.mean": [0.37646615505218506], "lowlevel.hfc.mean": [0.4747597277164459], "lowlevel.mfcc.mean": [[0.5252175331115723, 0.511059582233429, 0.3345745801925659, 0.36451321840286255, 0.4503887891769409, 0.5050811767578125, 0.43539464473724365, 0.6809596419334412, 0.8553497195243835, 0.6885327100753784, 0.4374777674674988, 0.41737908124923706, 0.797211229801178]], "sfx.logattacktime.mean": [0.860143780708313], "sfx.inharmonicity.mean": [0.47020265460014343]}