{"lowlevel.spectral_centroid.mean": [0.39712536334991455], "lowlevel.spectral_contrast.mean": [[0.6938511729240417, 0.6401023864746094, 0.9031168222427368, 0.7930009365081787, 0.8433792591094971, 0.6492767333984375]], "lowlevel.dissonance.mean": [0.319522500038147], "lowlevel.hfc.mean": [0.46767574548721313], "lowlevel.mfcc.mean": [[0.521615743637085, 0.8017169237136841, 0.31478673219680786, 0.36722806096076965, 0.3062591552734375, 0.09660843014717102, 0.23957663774490356, 0.22472047805786133, 0.347523033618927, 0.34716981649398804, 0.3406999111175537, 0.2057151198387146, 0.06201627850532532]], "sfx.logattacktime.mean": [0.31886589527130127], "sfx.inharmonicity.mean": [0.5896102786064148]}