{"lowlevel.spectral_centroid.mean": [0.39073604345321655], "lowlevel.spectral_contrast.mean": [[0.6593230962753296, 0.7660624980926514, 0.6806211471557617, 0.8475236892700195, 0.8683590888977051, 0.6285555362701416]], "lowlevel.dissonance.mean": [0.5403140783309937], "lowlevel.hfc.mean": [0.49679821729660034], "lowlevel.mfcc.mean": [[0.7317605018615723, 0.553866982460022, 0.2540425658226013, -0.04038849472999573, 0.22654303908348083, 0.02903658151626587, 0.2695884108543396, 0.09028711915016174, 0.4944542944431305, -0.16947776079177856, 0.48569467663764954, 0.7331709265708923, 0.32557445764541626]], "sfx.logattacktime.mean": [0.421566903591156], "sfx.inharmonicity.mean": [0.5002790689468384]}