{"lowlevel.spectral_centroid.mean": [0.33299583196640015], "lowlevel.spectral_contrast.mean": [[0.9275680184364319, 1.2958736419677734, 1.3202717304229736, 1.057309865951538, 0.7850024700164795, 0.47209644317626953]], "lowlevel.dissonance.mean": [-0.42125648260116577], "lowlevel.hfc.mean": [0.46651491522789], "lowlevel.mfcc.mean": [[0.48510992527008057, 0.9679837226867676, 0.5956516265869141, 0.14603714644908905, 0.3229392170906067, 0.2657064199447632, 0.25016000866889954, 0.14087077975273132, 0.08568471670150757, -0.024316608905792236, -0.002624213695526123, 0.12571421265602112, 0.3162911534309387]], "sfx.logattacktime.mean": [0.3776428699493408], "sfx.inharmonicity.mean": [0.2005586177110672]}