{"lowlevel.spectral_centroid.mean": [0.3081985116004944], "lowlevel.spectral_contrast.mean": [[0.7114676237106323, 0.5124591588973999, 0.30522584915161133, 0.19285106658935547, 0.17223834991455078, 0.21687817573547363]], "lowlevel.dissonance.mean": [-0.2705615758895874], "lowlevel.hfc.mean": [0.46562641859054565], "lowlevel.mfcc.mean": [[0.18561244010925293, 0.4772230088710785, 0.8185133934020996, 0.7697452902793884, 0.7764826416969299, 0.6789888143539429, 0.6134612560272217, 0.4970177412033081, 0.4590396285057068, 0.3303782641887665, 0.3115638494491577, 0.28293997049331665, 0.29956647753715515]], "sfx.logattacktime.mean": [0.2658730447292328], "sfx.inharmonicity.mean": [0.19418931007385254]}