{"lowlevel.spectral_centroid.mean": [0.31435656547546387], "lowlevel.spectral_contrast.mean": [[0.5380481481552124, 0.7362167835235596, 0.3693382740020752, 0.22510886192321777, 0.18490147590637207, 0.2287425994873047]], "lowlevel.dissonance.mean": [-0.23050886392593384], "lowlevel.hfc.mean": [0.46533748507499695], "lowlevel.mfcc.mean": [[0.19343578815460205, 0.4930576682090759, 0.8161410689353943, 0.7044467329978943, 0.6401408314704895, 0.5135975480079651, 0.47907108068466187, 0.4332575500011444, 0.4766080975532532, 0.4272637963294983, 0.46327370405197144, 0.45931652188301086, 0.4799824655056]], "sfx.logattacktime.mean": [0.27411872148513794], "sfx.inharmonicity.mean": [0.19040502607822418]}