{"lowlevel.spectral_centroid.mean": [0.3503296971321106], "lowlevel.spectral_contrast.mean": [[1.014703392982483, 0.9331216812133789, 0.35054469108581543, 0.31707048416137695, 0.3551156520843506, 0.4256424903869629]], "lowlevel.dissonance.mean": [0.2609367370605469], "lowlevel.hfc.mean": [0.48064255714416504], "lowlevel.mfcc.mean": [[0.6769733428955078, 0.4034610986709595, 1.038620114326477, 1.0725171566009521, 0.9466569423675537, 0.7092413902282715, 0.41966697573661804, 0.2284766286611557, 0.02999618649482727, -0.05846446752548218, -0.142988383769989, -0.11564004421234131, -0.035289764404296875]], "sfx.logattacktime.mean": [0.39965686202049255], "sfx.inharmonicity.mean": [0.27648991346359253]}