{"lowlevel.spectral_centroid.mean": [0.33568060398101807], "lowlevel.spectral_contrast.mean": [[0.866552472114563, 0.617556095123291, 0.4442768096923828, 0.3196735382080078, 0.20935964584350586, 0.20279765129089355]], "lowlevel.dissonance.mean": [-0.26252156496047974], "lowlevel.hfc.mean": [0.4662196934223175], "lowlevel.mfcc.mean": [[0.17349517345428467, 0.4662778079509735, 0.7394696474075317, 0.5754023790359497, 0.6069586277008057, 0.5293729901313782, 0.4551907181739807, 0.2635299861431122, 0.11200645565986633, -0.0717848539352417, -0.08667522668838501, -0.06568145751953125, 0.04357898235321045]], "sfx.logattacktime.mean": [0.20619991421699524], "sfx.inharmonicity.mean": [0.20223365724086761]}