{"lowlevel.spectral_centroid.mean": [0.34146931767463684], "lowlevel.spectral_contrast.mean": [[1.1235988140106201, 0.7560909986495972, 0.7988971471786499, 0.7032598257064819, 0.7984390258789062, 0.8401367664337158]], "lowlevel.dissonance.mean": [0.5709871053695679], "lowlevel.hfc.mean": [0.504391610622406], "lowlevel.mfcc.mean": [[0.8064433336257935, 0.9707069396972656, 0.09658950567245483, 0.850906252861023, 0.5594993829727173, 0.40981951355934143, 0.596189558506012, 0.2737489938735962, 0.4419269263744354, 0.06268474459648132, -0.11193156242370605, -0.2196730375289917, -0.18656551837921143]], "sfx.logattacktime.mean": [0.4631343483924866], "sfx.inharmonicity.mean": [0.3570631742477417]}