{"lowlevel.spectral_centroid.mean": [0.32847657799720764], "lowlevel.spectral_contrast.mean": [[0.662896990776062, 0.6164305210113525, 0.5321900844573975, 0.2398359775543213, 0.2273552417755127, 0.27965617179870605]], "lowlevel.dissonance.mean": [-0.1920531988143921], "lowlevel.hfc.mean": [0.4660183787345886], "lowlevel.mfcc.mean": [[0.19382786750793457, 0.42636287212371826, 0.6595081090927124, 0.5230751037597656, 0.49274927377700806, 0.45194801688194275, 0.4552417993545532, 0.41508424282073975, 0.4560854732990265, 0.3215996325016022, 0.2838284373283386, 0.2599703371524811, 0.30576616525650024]], "sfx.logattacktime.mean": [0.22480657696723938], "sfx.inharmonicity.mean": [0.20216983556747437]}