{"lowlevel.spectral_centroid.mean": [0.31536030769348145], "lowlevel.spectral_contrast.mean": [[1.5142518281936646, 0.4214131832122803, 0.4418613910675049, 0.557692289352417, 0.6387677192687988, 0.6348845958709717]], "lowlevel.dissonance.mean": [0.6670275926589966], "lowlevel.hfc.mean": [0.4732191562652588], "lowlevel.mfcc.mean": [[0.6690776348114014, 0.30798280239105225, 0.4866184592247009, 0.35397642850875854, 0.3788994252681732, 0.5966180562973022, 0.8179638385772705, 0.601326048374176, 0.6059926748275757, 1.075089693069458, 0.7813836336135864, 1.2916220426559448, 1.1479928493499756]], "sfx.logattacktime.mean": [0.34531527757644653], "sfx.inharmonicity.mean": [0.6208250522613525]}