{"lowlevel.spectral_centroid.mean": [0.5909791588783264], "lowlevel.spectral_contrast.mean": [[0.24802029132843018, 1.1295316219329834, 1.0918971300125122, 0.8973253965377808, 0.8790655136108398, 0.7458009719848633]], "lowlevel.dissonance.mean": [0.10275840759277344], "lowlevel.hfc.mean": [0.47737258672714233], "lowlevel.mfcc.mean": [[0.36424267292022705, 0.2962353825569153, 0.23713304102420807, 0.3122226297855377, 0.1345163881778717, 0.0508667528629303, -0.040066659450531006, -0.05507218837738037, 0.14553847908973694, 0.36590832471847534, 0.41222715377807617, 0.2749256193637848, 0.3551753759384155]], "sfx.logattacktime.mean": [0.43824559450149536], "sfx.inharmonicity.mean": [0.4595595598220825]}