{"lowlevel.spectral_centroid.mean": [0.3346894085407257], "lowlevel.spectral_contrast.mean": [[0.46353137493133545, 0.5064697265625, 0.6380559206008911, 0.6323473453521729, 0.49774599075317383, 0.28621888160705566]], "lowlevel.dissonance.mean": [0.31483030319213867], "lowlevel.hfc.mean": [0.46619272232055664], "lowlevel.mfcc.mean": [[0.23561930656433105, 0.8664443492889404, 0.5661051273345947, 0.2834186851978302, 0.5385029315948486, 0.4637869894504547, 0.3463119864463806, 0.21953442692756653, 0.2177804410457611, 0.20759481191635132, 0.21117082238197327, 0.17679950594902039, 0.27411505579948425]], "sfx.logattacktime.mean": [0.27964937686920166], "sfx.inharmonicity.mean": [0.7407211065292358]}