{"lowlevel.spectral_centroid.mean": [0.7079243659973145], "lowlevel.spectral_contrast.mean": [[0.3942549228668213, 0.9848309755325317, 1.0631731748580933, 1.2062647342681885, 1.2879189252853394, 1.0829527378082275]], "lowlevel.dissonance.mean": [0.6314272880554199], "lowlevel.hfc.mean": [0.9548285007476807], "lowlevel.mfcc.mean": [[1.1882944107055664, 0.10493118315935135, 0.30199700593948364, 0.6009223461151123, 0.4258430302143097, 0.48395124077796936, 0.5027735829353333, 0.43330520391464233, 0.25643566250801086, 0.20216378569602966, 0.7259753942489624, 0.9535016417503357, 0.8621900081634521]], "sfx.logattacktime.mean": [0.28447654843330383], "sfx.inharmonicity.mean": [0.7267919778823853]}