{"lowlevel.spectral_centroid.mean": [0.4467701315879822], "lowlevel.spectral_contrast.mean": [[0.21666014194488525, 0.19092285633087158, 0.21336698532104492, 0.6334550380706787, 0.43365931510925293, 0.39174890518188477]], "lowlevel.dissonance.mean": [0.6131219863891602], "lowlevel.hfc.mean": [0.47412392497062683], "lowlevel.mfcc.mean": [[0.10081183910369873, 0.17659130692481995, 0.4636714458465576, 0.43814346194267273, 0.4365085959434509, 0.7926006317138672, 0.9109311103820801, 0.40869462490081787, 0.45920437574386597, 0.38751277327537537, 0.5608491897583008, 0.9733514785766602, 0.6641328930854797]], "sfx.logattacktime.mean": [0.2406325340270996], "sfx.inharmonicity.mean": [0.41819077730178833]}