{"lowlevel.spectral_centroid.mean": [0.37071460485458374], "lowlevel.spectral_contrast.mean": [[0.5185704231262207, 0.565284252166748, 0.3868759870529175, 0.27199554443359375, 0.19153118133544922, 0.21065115928649902]], "lowlevel.dissonance.mean": [-0.1528759002685547], "lowlevel.hfc.mean": [0.4651222229003906], "lowlevel.mfcc.mean": [[0.16392087936401367, 0.43975183367729187, 0.7266448736190796, 0.5897175073623657, 0.6188173294067383, 0.5586305260658264, 0.5474618673324585, 0.4605824947357178, 0.49388211965560913, 0.49636104702949524, 0.5514904260635376, 0.575084924697876, 0.5735368728637695]], "sfx.logattacktime.mean": [0.23946702480316162], "sfx.inharmonicity.mean": [0.20894284546375275]}