{"lowlevel.spectral_centroid.mean": [0.33524057269096375], "lowlevel.spectral_contrast.mean": [[0.520463228225708, 0.658355712890625, 0.8517513275146484, 0.729189395904541, 0.6756088733673096, 0.353071928024292]], "lowlevel.dissonance.mean": [0.21937525272369385], "lowlevel.hfc.mean": [0.4676712453365326], "lowlevel.mfcc.mean": [[0.5137914419174194, 1.0731253623962402, 0.6338857412338257, 0.37789157032966614, 0.5387720465660095, 0.3943430185317993, 0.3941224217414856, 0.48557770252227783, 0.505609929561615, 0.37789419293403625, 0.2600615620613098, 0.34514492750167847, 0.32127904891967773]], "sfx.logattacktime.mean": [0.7585684061050415], "sfx.inharmonicity.mean": [0.7682795524597168]}