{"lowlevel.spectral_centroid.mean": [0.47328799962997437], "lowlevel.spectral_contrast.mean": [[0.5428662300109863, 0.5622241497039795, 0.5380808115005493, 0.5769617557525635, 0.598170280456543, 1.2462658882141113]], "lowlevel.dissonance.mean": [0.6583423614501953], "lowlevel.hfc.mean": [0.5636338591575623], "lowlevel.mfcc.mean": [[0.8862271308898926, 0.6411613821983337, 0.06393507122993469, 0.8698711395263672, 0.18214645981788635, 0.4648800194263458, 0.42595425248146057, 0.3584318459033966, 0.40633848309516907, 0.47606343030929565, 0.41864505410194397, 0.5417037606239319, 0.32448261976242065]], "sfx.logattacktime.mean": [0.3769536018371582], "sfx.inharmonicity.mean": [0.8418513536453247]}