{"lowlevel.spectral_centroid.mean": [0.37653684616088867], "lowlevel.spectral_contrast.mean": [[0.4889150857925415, 0.5084520578384399, 0.529488205909729, 0.5738322734832764, 0.5784595012664795, 0.44297361373901367]], "lowlevel.dissonance.mean": [0.5925540924072266], "lowlevel.hfc.mean": [0.468421071767807], "lowlevel.mfcc.mean": [[0.5856226682662964, 0.9028847217559814, 0.31358587741851807, 0.27575623989105225, 0.49540403485298157, 0.4544092118740082, 0.48414403200149536, 0.38964203000068665, 0.42439037561416626, 0.48556143045425415, 0.518838107585907, 0.4692336618900299, 0.43898212909698486]], "sfx.logattacktime.mean": [0.774594783782959], "sfx.inharmonicity.mean": [0.41311269998550415]}