{"lowlevel.spectral_centroid.mean": [0.3116110563278198], "lowlevel.spectral_contrast.mean": [[0.5791182518005371, 0.42671477794647217, 0.4605594873428345, 0.38440752029418945, 0.3244040012359619, 0.32364487648010254]], "lowlevel.dissonance.mean": [0.46407222747802734], "lowlevel.hfc.mean": [0.470123291015625], "lowlevel.mfcc.mean": [[0.24487733840942383, 0.4875991940498352, 0.6402255296707153, 0.6240935921669006, 0.6256385445594788, 0.5715476274490356, 0.6794576644897461, 0.6543449759483337, 0.6566237211227417, 0.5280330777168274, 0.4012414515018463, 0.3305319845676422, 0.38858017325401306]], "sfx.logattacktime.mean": [0.2755414545536041], "sfx.inharmonicity.mean": [0.23931698501110077]}