{"lowlevel.spectral_centroid.mean": [0.6382063627243042], "lowlevel.spectral_contrast.mean": [[0.5404897928237915, 0.2026987075805664, 0.24219346046447754, 0.26482272148132324, 0.7430071830749512, 0.6471059322357178]], "lowlevel.dissonance.mean": [0.7163265943527222], "lowlevel.hfc.mean": [0.5119948387145996], "lowlevel.mfcc.mean": [[0.21368730068206787, 0.12466664612293243, 0.5886788964271545, 0.7071354985237122, 0.815970778465271, 0.5473020076751709, 0.8759974241256714, 1.2150180339813232, 0.3684188425540924, 0.8162122964859009, 0.9456989169120789, 0.7714282274246216, 0.41909217834472656]], "sfx.logattacktime.mean": [0.5774424076080322], "sfx.inharmonicity.mean": [0.6724587678909302]}