{"lowlevel.spectral_centroid.mean": [0.6045286655426025], "lowlevel.spectral_contrast.mean": [[0.5242207050323486, 0.20430266857147217, 0.23819327354431152, 0.9143203496932983, 0.6986484527587891, 0.8597490787506104]], "lowlevel.dissonance.mean": [0.5849796533584595], "lowlevel.hfc.mean": [0.4756999611854553], "lowlevel.mfcc.mean": [[0.23663413524627686, 0.11266408860683441, 0.4989399313926697, 0.6292788982391357, 0.8912182450294495, 1.0747358798980713, 0.4891117811203003, 0.7169614434242249, 0.7591938972473145, 1.2061865329742432, 0.9320154190063477, 0.13332325220108032, 0.2914277911186218]], "sfx.logattacktime.mean": [0.6264998316764832], "sfx.inharmonicity.mean": [0.7306963205337524]}