{"lowlevel.spectral_centroid.mean": [0.3174360692501068], "lowlevel.spectral_contrast.mean": [[0.531469464302063, 0.3506091833114624, 0.3638191223144531, 0.4786653518676758, 0.31097984313964844, 0.36569643020629883]], "lowlevel.dissonance.mean": [0.5257738828659058], "lowlevel.hfc.mean": [0.4666222929954529], "lowlevel.mfcc.mean": [[0.40077149868011475, 0.8586752414703369, 0.7035359144210815, 0.549709677696228, 0.5686616897583008, 0.7878303527832031, 0.8664330244064331, 0.7532289028167725, 0.4477393925189972, 0.5705536007881165, 0.5147885084152222, 0.7176867723464966, 0.6240969896316528]], "sfx.logattacktime.mean": [0.44138190150260925], "sfx.inharmonicity.mean": [0.6712318658828735]}