{"lowlevel.spectral_centroid.mean": [0.33417683839797974], "lowlevel.spectral_contrast.mean": [[0.8568492531776428, 0.6983814239501953, 0.3685758113861084, 0.26752781867980957, 0.16884684562683105, 0.1951122283935547]], "lowlevel.dissonance.mean": [-0.19459867477416992], "lowlevel.hfc.mean": [0.4659866392612457], "lowlevel.mfcc.mean": [[0.17021000385284424, 0.4736396074295044, 0.7859125137329102, 0.6419981122016907, 0.6543997526168823, 0.5731067657470703, 0.526183009147644, 0.4265556335449219, 0.4511818587779999, 0.4497718811035156, 0.474928081035614, 0.43639445304870605, 0.43430447578430176]], "sfx.logattacktime.mean": [0.22168585658073425], "sfx.inharmonicity.mean": [0.19711776077747345]}