{"lowlevel.spectral_centroid.mean": [0.32133400440216064], "lowlevel.spectral_contrast.mean": [[0.49420952796936035, 0.6159816980361938, 0.5959255695343018, 0.39917540550231934, 0.3182821273803711, 0.22112584114074707]], "lowlevel.dissonance.mean": [0.19737863540649414], "lowlevel.hfc.mean": [0.4657800793647766], "lowlevel.mfcc.mean": [[0.20731842517852783, 0.9945434331893921, 0.9821953773498535, 0.482155442237854, 0.36286816000938416, 0.21828775107860565, 0.1972496211528778, 0.22122269868850708, 0.2774113118648529, 0.15666818618774414, 0.1081911027431488, 0.14765283465385437, 0.289588063955307]], "sfx.logattacktime.mean": [0.24432608485221863], "sfx.inharmonicity.mean": [0.6970853805541992]}