{"lowlevel.spectral_centroid.mean": [0.8660372495651245], "lowlevel.spectral_contrast.mean": [[0.5305662155151367, 0.20049679279327393, 0.23308873176574707, 0.4664731025695801, 0.5222108364105225, 0.6853961944580078]], "lowlevel.dissonance.mean": [0.7177340984344482], "lowlevel.hfc.mean": [0.4839377701282501], "lowlevel.mfcc.mean": [[0.2355356216430664, 0.040665000677108765, 0.59340900182724, 0.48662030696868896, 0.8427708745002747, 0.7093895673751831, 0.9682072401046753, 0.4381706714630127, 0.7621184587478638, 1.2482984066009521, 0.4402318298816681, 0.8898338079452515, 0.3344402015209198]], "sfx.logattacktime.mean": [0.45918604731559753], "sfx.inharmonicity.mean": [0.6758409738540649]}