{"lowlevel.spectral_centroid.mean": [0.3393726050853729], "lowlevel.spectral_contrast.mean": [[0.6103214025497437, 0.9722901582717896, 0.8064146041870117, 0.8429117202758789, 0.839099645614624, 0.7135446071624756]], "lowlevel.dissonance.mean": [0.3514831066131592], "lowlevel.hfc.mean": [0.4705536663532257], "lowlevel.mfcc.mean": [[0.6091394424438477, 0.9235973358154297, 0.3746926784515381, 0.45922982692718506, 0.39153003692626953, 0.2466277778148651, 0.23365750908851624, 0.05142754316329956, 0.09885618090629578, 0.19947487115859985, 0.19268262386322021, 0.24003639817237854, 0.5401625037193298]], "sfx.logattacktime.mean": [0.7127991318702698], "sfx.inharmonicity.mean": [0.5733844041824341]}