{"lowlevel.spectral_centroid.mean": [0.3494912385940552], "lowlevel.spectral_contrast.mean": [[0.5083228349685669, 0.24558019638061523, 0.7745928764343262, 0.39721083641052246, 0.42893290519714355, 0.3576970100402832]], "lowlevel.dissonance.mean": [0.3889451026916504], "lowlevel.hfc.mean": [0.4714958965778351], "lowlevel.mfcc.mean": [[0.18815386295318604, 0.3305891156196594, 0.5595084428787231, 0.46714556217193604, 0.48598816990852356, 0.619267463684082, 0.9194138646125793, 1.1870588064193726, 1.136231541633606, 0.7067636251449585, 0.2997969686985016, 0.14114132523536682, 0.4861866235733032]], "sfx.logattacktime.mean": [0.2682519555091858], "sfx.inharmonicity.mean": [0.3275839686393738]}