{"lowlevel.spectral_centroid.mean": [0.3112405240535736], "lowlevel.spectral_contrast.mean": [[0.5273854732513428, 0.4549902677536011, 0.4384099245071411, 0.47241878509521484, 0.3715546131134033, 0.28970789909362793]], "lowlevel.dissonance.mean": [0.5836941003799438], "lowlevel.hfc.mean": [0.4651865065097809], "lowlevel.mfcc.mean": [[0.33410465717315674, 0.8441928625106812, 0.987135648727417, 0.5906808972358704, 0.5364031791687012, 0.513227105140686, 0.5030237436294556, 0.439357191324234, 0.4941025674343109, 0.48377248644828796, 0.4882839024066925, 0.44940587878227234, 0.4654802680015564]], "sfx.logattacktime.mean": [0.39656129479408264], "sfx.inharmonicity.mean": [0.21612556278705597]}