{"lowlevel.spectral_centroid.mean": [0.4039773941040039], "lowlevel.spectral_contrast.mean": [[0.6340464353561401, 0.9921014308929443, 0.9638675451278687, 0.7729588747024536, 0.7517919540405273, 0.4603240489959717]], "lowlevel.dissonance.mean": [0.1955941915512085], "lowlevel.hfc.mean": [0.4677255153656006], "lowlevel.mfcc.mean": [[0.5730403661727905, 0.8034523725509644, 0.46177202463150024, 0.31823691725730896, 0.49812832474708557, 0.1564791202545166, 0.05440416932106018, 0.2633030414581299, 0.4995414614677429, 0.6015452742576599, 0.3559563457965851, 0.3059957027435303, 0.342032790184021]], "sfx.logattacktime.mean": [0.7128531336784363], "sfx.inharmonicity.mean": [0.5071661472320557]}