{"lowlevel.spectral_centroid.mean": [0.7695032358169556], "lowlevel.spectral_contrast.mean": [[0.5612882375717163, 0.19546473026275635, 0.23942184448242188, 0.2699871063232422, 0.8657855987548828, 0.7214317321777344]], "lowlevel.dissonance.mean": [0.7272487878799438], "lowlevel.hfc.mean": [0.4954337179660797], "lowlevel.mfcc.mean": [[0.17480528354644775, 0.10464046895503998, 0.6120386719703674, 0.6586268544197083, 0.8317278623580933, 0.5553767681121826, 0.7723148465156555, 1.3806979656219482, 0.237312912940979, 0.9675165414810181, 0.976161003112793, 0.7511086463928223, 0.3748818635940552]], "sfx.logattacktime.mean": [0.5677607655525208], "sfx.inharmonicity.mean": [0.6813474297523499]}