{"lowlevel.spectral_centroid.mean": [0.46548283100128174], "lowlevel.spectral_contrast.mean": [[0.20317399501800537, 0.6403008699417114, 0.6023992300033569, 0.7397406101226807, 0.4894075393676758, 0.5629487037658691]], "lowlevel.dissonance.mean": [0.5319288969039917], "lowlevel.hfc.mean": [0.4658042788505554], "lowlevel.mfcc.mean": [[0.29309046268463135, 0.321258544921875, 0.15109264850616455, -0.00578799843788147, 0.12147390842437744, 0.5182902812957764, 0.4362363815307617, 0.4674781262874603, 0.48936280608177185, 0.41491109132766724, 0.671567976474762, 1.0741633176803589, 0.5777650475502014]], "sfx.logattacktime.mean": [0.27678433060646057], "sfx.inharmonicity.mean": [0.4838932454586029]}