{"lowlevel.spectral_centroid.mean": [0.36513370275497437], "lowlevel.spectral_contrast.mean": [[0.8125633597373962, 0.7730436325073242, 0.8207107782363892, 0.5192458629608154, 0.2522397041320801, 0.8817105293273926]], "lowlevel.dissonance.mean": [0.027782797813415527], "lowlevel.hfc.mean": [0.4660431444644928], "lowlevel.mfcc.mean": [[0.27841925621032715, 0.8137171268463135, 0.5682420134544373, -0.025956451892852783, -0.5969498753547668, -0.049865126609802246, -0.3993074297904968, -0.2529665231704712, 0.03147438168525696, -0.13619834184646606, 0.3824939429759979, 0.08699548244476318, 0.4637620151042938]], "sfx.logattacktime.mean": [0.43389105796813965], "sfx.inharmonicity.mean": [0.7316086292266846]}