{"lowlevel.spectral_centroid.mean": [0.7532287240028381], "lowlevel.spectral_contrast.mean": [[0.5247229337692261, 0.20654332637786865, 0.24989771842956543, 0.27843308448791504, 1.023760199546814, 0.8930714130401611]], "lowlevel.dissonance.mean": [0.7280184030532837], "lowlevel.hfc.mean": [0.540780782699585], "lowlevel.mfcc.mean": [[0.1627126932144165, 0.11683917790651321, 0.5676671266555786, 0.6636416912078857, 0.7716322541236877, 0.452688068151474, 0.9886842966079712, 1.1624846458435059, 0.08198067545890808, 1.2364578247070312, 0.7054177522659302, 0.7686395645141602, 0.3456336259841919]], "sfx.logattacktime.mean": [0.581925094127655], "sfx.inharmonicity.mean": [0.7075848579406738]}