{"lowlevel.spectral_centroid.mean": [0.47133708000183105], "lowlevel.spectral_contrast.mean": [[0.42372071743011475, 0.49156367778778076, 0.5862493515014648, 0.7074605226516724, 0.9377994537353516, 0.6296787261962891]], "lowlevel.dissonance.mean": [0.7106519937515259], "lowlevel.hfc.mean": [0.49625495076179504], "lowlevel.mfcc.mean": [[0.6815775632858276, 0.521568775177002, 0.05084964632987976, -0.2609800100326538, 0.5851679444313049, 0.43977081775665283, 0.3249781131744385, 0.10130998492240906, 0.7966782450675964, 0.10596668720245361, 0.4604247212409973, 0.22783103585243225, 0.37427282333374023]], "sfx.logattacktime.mean": [0.4469892680644989], "sfx.inharmonicity.mean": [0.49130937457084656]}