{"lowlevel.spectral_centroid.mean": [0.3433510661125183], "lowlevel.spectral_contrast.mean": [[0.5113040208816528, 0.6737781763076782, 0.5286226272583008, 0.4215357303619385, 0.29802656173706055, 0.19211649894714355]], "lowlevel.dissonance.mean": [0.023289203643798828], "lowlevel.hfc.mean": [0.4653627872467041], "lowlevel.mfcc.mean": [[0.24843645095825195, 0.6754775047302246, 0.9687929153442383, 0.7023988962173462, 0.541788637638092, 0.3656308054924011, 0.3142411708831787, 0.26544660329818726, 0.3377039432525635, 0.34447652101516724, 0.36709779500961304, 0.3468264937400818, 0.41108644008636475]], "sfx.logattacktime.mean": [0.704023003578186], "sfx.inharmonicity.mean": [0.254371702671051]}