{"lowlevel.spectral_centroid.mean": [0.3690726161003113], "lowlevel.spectral_contrast.mean": [[0.5839657783508301, 0.7087750434875488, 0.9836951494216919, 0.7260026931762695, 0.5955281257629395, 0.5931639671325684]], "lowlevel.dissonance.mean": [0.2497011423110962], "lowlevel.hfc.mean": [0.4980332851409912], "lowlevel.mfcc.mean": [[0.8627001047134399, 0.8061916828155518, 0.37677258253097534, 0.25713109970092773, 0.26483744382858276, 0.6933284401893616, 0.5694813132286072, 0.6537670493125916, 0.7534708976745605, 0.49354854226112366, 0.48506543040275574, 0.4210740625858307, 0.8145561218261719]], "sfx.logattacktime.mean": [0.48506683111190796], "sfx.inharmonicity.mean": [0.527755618095398]}