{"lowlevel.spectral_centroid.mean": [0.8761667013168335], "lowlevel.spectral_contrast.mean": [[0.4930843114852905, 0.21395635604858398, 0.23889398574829102, 0.2451646327972412, 0.8866875171661377, 1.1818420886993408]], "lowlevel.dissonance.mean": [0.7185306549072266], "lowlevel.hfc.mean": [0.5119485855102539], "lowlevel.mfcc.mean": [[0.21976101398468018, 0.04698782414197922, 0.7105125188827515, 0.7104571461677551, 0.7588076591491699, 0.6693708896636963, 0.9459026455879211, 1.0241684913635254, 0.6835078597068787, 0.33606788516044617, 1.693537712097168, -0.03481924533843994, 0.6310752630233765]], "sfx.logattacktime.mean": [0.573697566986084], "sfx.inharmonicity.mean": [0.6031365394592285]}