{"lowlevel.spectral_centroid.mean": [0.37333351373672485], "lowlevel.spectral_contrast.mean": [[1.0091643333435059, 1.0590778589248657, 1.0580687522888184, 1.0123558044433594, 0.9262406826019287, 0.5037243366241455]], "lowlevel.dissonance.mean": [0.3353687524795532], "lowlevel.hfc.mean": [0.4972827732563019], "lowlevel.mfcc.mean": [[0.6457241773605347, 0.9205431938171387, 0.08090418577194214, -0.04210898280143738, 0.0188521146774292, -0.031097620725631714, 0.038700222969055176, -0.061870694160461426, -0.10994857549667358, -0.299856960773468, -0.1047632098197937, 0.1720103919506073, 0.3671189546585083]], "sfx.logattacktime.mean": [0.7196670174598694], "sfx.inharmonicity.mean": [0.533867597579956]}