{"lowlevel.spectral_centroid.mean": [0.31414794921875], "lowlevel.spectral_contrast.mean": [[0.7967250943183899, 0.6787230968475342, 0.5973553657531738, 0.668658971786499, 0.5405869483947754, 0.32916688919067383]], "lowlevel.dissonance.mean": [0.27643072605133057], "lowlevel.hfc.mean": [0.4652709662914276], "lowlevel.mfcc.mean": [[0.44483017921447754, 0.9104906320571899, 0.6579017043113708, 0.4452822804450989, 0.8125391006469727, 0.6105374097824097, 0.44877099990844727, 0.4137914180755615, 0.5014710426330566, 0.6596285104751587, 0.7007067203521729, 0.5224754214286804, 0.4942319393157959]], "sfx.logattacktime.mean": [0.712917149066925], "sfx.inharmonicity.mean": [0.21495364606380463]}