{"lowlevel.spectral_centroid.mean": [0.31704971194267273], "lowlevel.spectral_contrast.mean": [[0.44835877418518066, 0.5749541521072388, 0.604473352432251, 0.42366647720336914, 0.28842997550964355, 0.23225045204162598]], "lowlevel.dissonance.mean": [0.32864058017730713], "lowlevel.hfc.mean": [0.46605610847473145], "lowlevel.mfcc.mean": [[0.1915290355682373, 0.9815288782119751, 1.0544692277908325, 0.6155912280082703, 0.46176019310951233, 0.32592126727104187, 0.3542431890964508, 0.35891005396842957, 0.3408327102661133, 0.22498869895935059, 0.2315618097782135, 0.28324204683303833, 0.3677900433540344]], "sfx.logattacktime.mean": [0.8135339021682739], "sfx.inharmonicity.mean": [0.683666467666626]}