{"lowlevel.spectral_centroid.mean": [0.3144790828227997], "lowlevel.spectral_contrast.mean": [[0.7497261166572571, 0.5439261198043823, 0.7522531747817993, 0.4843027591705322, 0.36737561225891113, 0.40753698348999023]], "lowlevel.dissonance.mean": [0.4148308038711548], "lowlevel.hfc.mean": [0.47409042716026306], "lowlevel.mfcc.mean": [[0.6981608867645264, 0.9068951606750488, 0.8846375346183777, 0.528160810470581, 0.5553711652755737, 0.648014485836029, 0.6497911214828491, 0.6722390651702881, 0.5999031662940979, 0.5636409521102905, 0.32427674531936646, 0.21987679600715637, 0.15711236000061035]], "sfx.logattacktime.mean": [0.7470217347145081], "sfx.inharmonicity.mean": [0.5433920621871948]}