{"lowlevel.spectral_centroid.mean": [0.3370542526245117], "lowlevel.spectral_contrast.mean": [[0.7012256979942322, 0.7049559354782104, 0.6835566759109497, 0.6809643507003784, 0.8126699924468994, 0.628911018371582]], "lowlevel.dissonance.mean": [0.4910247325897217], "lowlevel.hfc.mean": [0.46984487771987915], "lowlevel.mfcc.mean": [[0.6233021020889282, 1.0113357305526733, 0.360948771238327, 0.37005528807640076, 0.6627632975578308, 0.4830782413482666, 0.5404120087623596, 0.5966668725013733, 0.46191683411598206, 0.36617645621299744, 0.42784786224365234, 0.32869917154312134, 0.34691089391708374]], "sfx.logattacktime.mean": [0.2924513816833496], "sfx.inharmonicity.mean": [0.31321918964385986]}