{"lowlevel.spectral_centroid.mean": [0.4209175109863281], "lowlevel.spectral_contrast.mean": [[0.35082757472991943, 0.5418930053710938, 0.5663559436798096, 0.3670947551727295, 0.21222972869873047, 0.22359418869018555]], "lowlevel.dissonance.mean": [-0.08155328035354614], "lowlevel.hfc.mean": [0.4652090072631836], "lowlevel.mfcc.mean": [[0.08384549617767334, 0.7718023061752319, 0.9802364110946655, 0.6232574582099915, 0.523583710193634, 0.4760541319847107, 0.4558144807815552, 0.31150367856025696, 0.2563757300376892, 0.18497037887573242, 0.19507050514221191, 0.1936652958393097, 0.3078926205635071]], "sfx.logattacktime.mean": [0.9159078598022461], "sfx.inharmonicity.mean": [1.485996127128601]}