{"lowlevel.spectral_centroid.mean": [0.3296964168548584], "lowlevel.spectral_contrast.mean": [[0.44832706451416016, 0.5202286243438721, 0.5036917924880981, 0.40015077590942383, 0.4259319305419922, 0.34449148178100586]], "lowlevel.dissonance.mean": [0.4799860715866089], "lowlevel.hfc.mean": [0.47515326738357544], "lowlevel.mfcc.mean": [[0.19186139106750488, 0.31842875480651855, 0.5032846927642822, 0.543035626411438, 0.5588593482971191, 0.5355281829833984, 0.7162788510322571, 0.7698258757591248, 0.7732733488082886, 0.7889517545700073, 0.9000505208969116, 0.921923816204071, 0.8349248170852661]], "sfx.logattacktime.mean": [0.2661847472190857], "sfx.inharmonicity.mean": [0.27225548028945923]}