{"lowlevel.spectral_centroid.mean": [0.31605008244514465], "lowlevel.spectral_contrast.mean": [[0.4343533515930176, 0.5272306203842163, 0.6657106876373291, 0.44847750663757324, 0.32171177864074707, 0.22475600242614746]], "lowlevel.dissonance.mean": [0.025502443313598633], "lowlevel.hfc.mean": [0.46561166644096375], "lowlevel.mfcc.mean": [[0.16155564785003662, 0.910444974899292, 0.9994087219238281, 0.6146116852760315, 0.5159181952476501, 0.37329933047294617, 0.3768186569213867, 0.3873332738876343, 0.36073577404022217, 0.20584070682525635, 0.1665603220462799, 0.14918920397758484, 0.24078908562660217]], "sfx.logattacktime.mean": [0.24868625402450562], "sfx.inharmonicity.mean": [0.3523785471916199]}