{"lowlevel.spectral_centroid.mean": [0.37204405665397644], "lowlevel.spectral_contrast.mean": [[1.0252540111541748, 1.5091930627822876, 1.662578821182251, 1.4797154664993286, 1.158111572265625, 0.7615244388580322]], "lowlevel.dissonance.mean": [0.21799206733703613], "lowlevel.hfc.mean": [0.5554823875427246], "lowlevel.mfcc.mean": [[0.8486381769180298, 0.7481600046157837, -0.09349510073661804, 0.25180721282958984, 0.04698365926742554, 0.2566833198070526, 0.146694153547287, 0.1879993975162506, 0.4876629114151001, 0.21101975440979004, -0.11531668901443481, 0.4429006576538086, 0.42803436517715454]], "sfx.logattacktime.mean": [0.5158388018608093], "sfx.inharmonicity.mean": [0.2897200882434845]}