{"lowlevel.spectral_centroid.mean": [0.3741108179092407], "lowlevel.spectral_contrast.mean": [[0.6526356339454651, 0.5092722177505493, 0.6325584650039673, 0.5402634143829346, 0.7018141746520996, 0.966982364654541]], "lowlevel.dissonance.mean": [0.7007200717926025], "lowlevel.hfc.mean": [0.5575351119041443], "lowlevel.mfcc.mean": [[0.7891100645065308, 0.6775089502334595, 0.16628354787826538, 0.7922439575195312, 0.46683400869369507, 0.7088093161582947, 0.37511253356933594, 0.6732030510902405, 0.4581827223300934, 0.44419166445732117, 0.3567347526550293, 0.34626495838165283, 0.36019426584243774]], "sfx.logattacktime.mean": [0.29416343569755554], "sfx.inharmonicity.mean": [1.0276870727539062]}