{"lowlevel.spectral_centroid.mean": [0.4034857451915741], "lowlevel.spectral_contrast.mean": [[0.3024599552154541, 0.5674930810928345, 0.32909584045410156, 0.2541642189025879, 0.2328641414642334, 0.24042797088623047]], "lowlevel.dissonance.mean": [0.11689138412475586], "lowlevel.hfc.mean": [0.46517443656921387], "lowlevel.mfcc.mean": [[0.15694153308868408, 0.4111959934234619, 0.7141733169555664, 0.6203573346138, 0.6403951644897461, 0.5580950379371643, 0.5334816575050354, 0.49153757095336914, 0.43196797370910645, 0.35028401017189026, 0.3727491796016693, 0.3855786621570587, 0.4572698175907135]], "sfx.logattacktime.mean": [0.24393504858016968], "sfx.inharmonicity.mean": [0.21357378363609314]}