{"lowlevel.spectral_centroid.mean": [0.43886876106262207], "lowlevel.spectral_contrast.mean": [[0.4752473831176758, 0.3268088102340698, 0.276749849319458, 0.3682866096496582, 0.29581570625305176, 0.2663118839263916]], "lowlevel.dissonance.mean": [0.5218617916107178], "lowlevel.hfc.mean": [0.4650849401950836], "lowlevel.mfcc.mean": [[0.19187700748443604, 0.438410222530365, 0.6084680557250977, 0.5223121047019958, 0.6399885416030884, 0.6552059054374695, 0.7861406803131104, 0.7502525448799133, 0.7071895003318787, 0.6172330379486084, 0.6523541212081909, 0.6862491965293884, 0.649295449256897]], "sfx.logattacktime.mean": [0.3357253074645996], "sfx.inharmonicity.mean": [0.3231557607650757]}