{"lowlevel.spectral_centroid.mean": [0.31470486521720886], "lowlevel.spectral_contrast.mean": [[0.5973250865936279, 0.63097083568573, 0.5312248468399048, 0.5320076942443848, 0.43246006965637207, 0.32055044174194336]], "lowlevel.dissonance.mean": [0.5084964036941528], "lowlevel.hfc.mean": [0.4652941823005676], "lowlevel.mfcc.mean": [[0.36997663974761963, 0.8954282999038696, 0.9421302080154419, 0.512713611125946, 0.519088864326477, 0.4890536069869995, 0.4678720235824585, 0.45354366302490234, 0.5263529419898987, 0.47252702713012695, 0.44860339164733887, 0.44183650612831116, 0.49794143438339233]], "sfx.logattacktime.mean": [0.38989514112472534], "sfx.inharmonicity.mean": [0.32625019550323486]}