{"lowlevel.spectral_centroid.mean": [0.340989351272583], "lowlevel.spectral_contrast.mean": [[0.6640040874481201, 0.6660462617874146, 0.6402599811553955, 0.42120838165283203, 0.36556458473205566, 0.33631324768066406]], "lowlevel.dissonance.mean": [0.40520942211151123], "lowlevel.hfc.mean": [0.47001245617866516], "lowlevel.mfcc.mean": [[0.48461151123046875, 0.9244080781936646, 0.7639381885528564, 0.5733236074447632, 0.5974471569061279, 0.4600861370563507, 0.2284562885761261, 0.2791593670845032, 0.5565782785415649, 0.6008430123329163, 0.36241981387138367, 0.1075860857963562, 0.17469817399978638]], "sfx.logattacktime.mean": [0.5415245890617371], "sfx.inharmonicity.mean": [0.2365589439868927]}