{"lowlevel.spectral_centroid.mean": [0.3509684205055237], "lowlevel.spectral_contrast.mean": [[1.0154426097869873, 1.3951661586761475, 1.5504170656204224, 1.5036990642547607, 1.1876585483551025, 0.6879348754882812]], "lowlevel.dissonance.mean": [0.044865965843200684], "lowlevel.hfc.mean": [0.4698759913444519], "lowlevel.mfcc.mean": [[0.5442764759063721, 0.8137677907943726, 0.1287320852279663, 0.058330535888671875, 0.2860261797904968, 0.15728387236595154, 0.14965921640396118, 0.006390213966369629, 0.13773205876350403, 0.19389751553535461, 0.1651098132133484, -0.13002437353134155, -0.25852394104003906]], "sfx.logattacktime.mean": [0.3638658821582794], "sfx.inharmonicity.mean": [0.22808590531349182]}