{"lowlevel.spectral_centroid.mean": [0.8887593746185303], "lowlevel.spectral_contrast.mean": [[0.5277142524719238, 0.19899344444274902, 0.23989462852478027, 0.6354119777679443, 0.4216794967651367, 1.0662589073181152]], "lowlevel.dissonance.mean": [0.6963015794754028], "lowlevel.hfc.mean": [0.5540766716003418], "lowlevel.mfcc.mean": [[0.24046671390533447, 0.032290853559970856, 0.6595847606658936, 0.41515886783599854, 0.8833030462265015, 0.9401136636734009, 0.9631509184837341, 0.244324192404747, 0.9730541110038757, 1.0846691131591797, 0.4286825954914093, 1.3944120407104492, -0.021935462951660156]], "sfx.logattacktime.mean": [0.6315603256225586], "sfx.inharmonicity.mean": [0.517424464225769]}