{"lowlevel.spectral_centroid.mean": [0.4095974266529083], "lowlevel.spectral_contrast.mean": [[0.3249092102050781, 0.3670872449874878, 1.2283400297164917, 0.5801365375518799, 0.5847172737121582, 0.380878210067749]], "lowlevel.dissonance.mean": [0.3047429323196411], "lowlevel.hfc.mean": [0.49593764543533325], "lowlevel.mfcc.mean": [[0.29954004287719727, 0.503055989742279, 0.4591001272201538, 0.40853002667427063, 0.5335028767585754, 0.4798698127269745, 0.9075454473495483, 1.146891474723816, 0.772692084312439, 0.17251315712928772, -0.19055742025375366, -0.13573342561721802, 0.3402520716190338]], "sfx.logattacktime.mean": [0.3020816743373871], "sfx.inharmonicity.mean": [0.32554805278778076]}