{"lowlevel.spectral_centroid.mean": [0.35883718729019165], "lowlevel.spectral_contrast.mean": [[0.8445769548416138, 1.4960839748382568, 1.4522289037704468, 1.0371967554092407, 0.8139193058013916, 0.5483369827270508]], "lowlevel.dissonance.mean": [-0.06040394306182861], "lowlevel.hfc.mean": [0.5380244851112366], "lowlevel.mfcc.mean": [[0.8568706512451172, 0.868567705154419, 0.37365278601646423, 0.25040358304977417, 0.20761984586715698, 0.40044403076171875, 0.37258052825927734, 0.45415470004081726, 0.3616679310798645, 0.18995681405067444, 0.09894406795501709, 0.30751144886016846, 0.869688093662262]], "sfx.logattacktime.mean": [0.4242161810398102], "sfx.inharmonicity.mean": [0.325101375579834]}