{"lowlevel.spectral_centroid.mean": [0.4066351652145386], "lowlevel.spectral_contrast.mean": [[0.17277836799621582, 1.1340056657791138, 0.985297679901123, 0.8394644260406494, 0.9383668899536133, 0.5981132984161377]], "lowlevel.dissonance.mean": [0.3869187831878662], "lowlevel.hfc.mean": [0.4862827658653259], "lowlevel.mfcc.mean": [[0.5126676559448242, 0.42289623618125916, 0.19389304518699646, 0.42204800248146057, 0.37572479248046875, 0.12306255102157593, 0.02632179856300354, 0.18418431282043457, 0.115170419216156, -0.11811822652816772, 0.15903639793395996, 0.6384092569351196, 0.6565722227096558]], "sfx.logattacktime.mean": [0.5524826645851135], "sfx.inharmonicity.mean": [0.33628904819488525]}