{"lowlevel.spectral_centroid.mean": [0.4309009313583374], "lowlevel.spectral_contrast.mean": [[0.2726832628250122, 0.18716561794281006, 0.20548486709594727, 0.7522951364517212, 0.4057788848876953, 0.3607289791107178]], "lowlevel.dissonance.mean": [0.5602767467498779], "lowlevel.hfc.mean": [0.4771742820739746], "lowlevel.mfcc.mean": [[0.09963476657867432, 0.1926492154598236, 0.47500312328338623, 0.44142383337020874, 0.5100315809249878, 0.8630286455154419, 0.896232545375824, 0.3767220675945282, 0.4318459928035736, 0.468121737241745, 0.7445361018180847, 1.026170015335083, 0.4892804026603699]], "sfx.logattacktime.mean": [0.17795106768608093], "sfx.inharmonicity.mean": [0.4008822441101074]}