{"lowlevel.spectral_centroid.mean": [0.36721378564834595], "lowlevel.spectral_contrast.mean": [[0.2231673002243042, 0.9365565776824951, 0.9913351535797119, 0.7049624919891357, 0.5004687309265137, 0.2698054313659668]], "lowlevel.dissonance.mean": [-0.10732454061508179], "lowlevel.hfc.mean": [0.4662223160266876], "lowlevel.mfcc.mean": [[0.09342634677886963, 0.5564824342727661, 0.28538402915000916, -0.22639775276184082, -0.24355655908584595, -0.220450758934021, 0.1008012592792511, 0.19998759031295776, 0.05756783485412598, 0.269023597240448, 0.9294065237045288, 1.1361706256866455, 1.1521612405776978]], "sfx.logattacktime.mean": [0.24990421533584595], "sfx.inharmonicity.mean": [0.894050121307373]}