{"lowlevel.spectral_centroid.mean": [0.3693714141845703], "lowlevel.spectral_contrast.mean": [[0.5754261016845703, 0.6503022909164429, 0.45185351371765137, 0.3580331802368164, 0.24982595443725586, 0.2733030319213867]], "lowlevel.dissonance.mean": [0.11249339580535889], "lowlevel.hfc.mean": [0.46537256240844727], "lowlevel.mfcc.mean": [[0.1675781011581421, 0.76537024974823, 0.8170393705368042, 0.47090429067611694, 0.3564911186695099, 0.2571541666984558, 0.040720582008361816, -0.05762380361557007, 0.0030516386032104492, 0.13682252168655396, 0.2828502655029297, 0.3974660038948059, 0.4627203047275543]], "sfx.logattacktime.mean": [0.21846088767051697], "sfx.inharmonicity.mean": [0.4589592218399048]}