{"lowlevel.spectral_centroid.mean": [0.643562912940979], "lowlevel.spectral_contrast.mean": [[0.5301237106323242, 0.20145487785339355, 0.23918414115905762, 0.25881505012512207, 0.701040506362915, 0.5815472602844238]], "lowlevel.dissonance.mean": [0.7101913690567017], "lowlevel.hfc.mean": [0.5111381411552429], "lowlevel.mfcc.mean": [[0.2098773717880249, 0.1224575936794281, 0.5903074741363525, 0.6948826313018799, 0.8066738247871399, 0.5543460845947266, 0.8722042441368103, 1.1899363994598389, 0.37329477071762085, 0.8209522366523743, 0.9398061633110046, 0.7587281465530396, 0.42747601866722107]], "sfx.logattacktime.mean": [0.5774105787277222], "sfx.inharmonicity.mean": [0.6671301126480103]}