{"lowlevel.spectral_centroid.mean": [0.34675514698028564], "lowlevel.spectral_contrast.mean": [[0.9848045110702515, 0.30523979663848877, 0.269960880279541, 0.29910755157470703, 0.33548831939697266, 0.4030599594116211]], "lowlevel.dissonance.mean": [0.6501953601837158], "lowlevel.hfc.mean": [0.4675045609474182], "lowlevel.mfcc.mean": [[0.5487124919891357, 0.25672292709350586, 0.8998891115188599, 1.038106918334961, 1.1354396343231201, 1.1339111328125, 1.0383994579315186, 0.9777504801750183, 0.8065365552902222, 0.7126936316490173, 0.5621271729469299, 0.4907985329627991, 0.3742792308330536]], "sfx.logattacktime.mean": [0.2909151315689087], "sfx.inharmonicity.mean": [0.22762560844421387]}