{"lowlevel.spectral_centroid.mean": [0.3673388659954071], "lowlevel.spectral_contrast.mean": [[0.6011515855789185, 0.4972339868545532, 0.6144866943359375, 0.4946737289428711, 0.5692360401153564, 0.6092615127563477]], "lowlevel.dissonance.mean": [0.6384291648864746], "lowlevel.hfc.mean": [0.4723331034183502], "lowlevel.mfcc.mean": [[0.9093601703643799, 0.5599527359008789, 0.454496294260025, 0.5434947609901428, 0.6104564070701599, 0.5613574385643005, 0.5960342884063721, 0.8782892823219299, 0.7811301350593567, 0.6223878860473633, 0.43190211057662964, 0.5068413019180298, 0.49584466218948364]], "sfx.logattacktime.mean": [0.7449536323547363], "sfx.inharmonicity.mean": [0.7685326337814331]}