{"lowlevel.spectral_centroid.mean": [0.6383846402168274], "lowlevel.spectral_contrast.mean": [[0.5367470979690552, 0.20278191566467285, 0.24558568000793457, 0.7967642545700073, 0.8973593711853027, 0.83426833152771]], "lowlevel.dissonance.mean": [0.6566599607467651], "lowlevel.hfc.mean": [0.5148365497589111], "lowlevel.mfcc.mean": [[0.21375715732574463, 0.0992182195186615, 0.6352454423904419, 0.47861015796661377, 0.8102717399597168, 1.209601879119873, 0.8320027589797974, 0.2680151164531708, 0.7312380075454712, 1.380563497543335, 0.48723843693733215, 1.1120952367782593, -0.17856520414352417]], "sfx.logattacktime.mean": [0.5754210948944092], "sfx.inharmonicity.mean": [0.5697115659713745]}