{"lowlevel.spectral_centroid.mean": [0.6335508227348328], "lowlevel.spectral_contrast.mean": [[0.3462834358215332, 0.21270906925201416, 0.26305437088012695, 0.976945161819458, 0.8850569725036621, 0.9992315769195557]], "lowlevel.dissonance.mean": [0.5526607036590576], "lowlevel.hfc.mean": [0.6290538907051086], "lowlevel.mfcc.mean": [[0.2619900703430176, 0.017972275614738464, 0.5103350281715393, 0.48433107137680054, 0.5429388880729675, 0.9704566597938538, 1.1755398511886597, -0.005953758955001831, 0.4037008285522461, 0.874674916267395, 1.0521879196166992, 0.9921764731407166, -0.22342532873153687]], "sfx.logattacktime.mean": [0.5207188129425049], "sfx.inharmonicity.mean": [0.7024544477462769]}