{"lowlevel.spectral_centroid.mean": [0.37879377603530884], "lowlevel.spectral_contrast.mean": [[0.4389852285385132, 0.4876774549484253, 0.44864344596862793, 0.45026159286499023, 0.4380335807800293, 0.5312035083770752]], "lowlevel.dissonance.mean": [0.6358639001846313], "lowlevel.hfc.mean": [0.46696737408638], "lowlevel.mfcc.mean": [[0.7321909666061401, 0.6273093819618225, 0.4592553377151489, 0.5252957344055176, 0.34189051389694214, 0.47274255752563477, 0.37265509366989136, 0.4157060980796814, 0.3349857032299042, 0.3775196373462677, 0.32236248254776, 0.49104011058807373, 0.4790038764476776]], "sfx.logattacktime.mean": [0.2730066776275635], "sfx.inharmonicity.mean": [0.3379715085029602]}