{"lowlevel.spectral_centroid.mean": [0.35035935044288635], "lowlevel.spectral_contrast.mean": [[0.3745594024658203, 0.30718910694122314, 0.334672212600708, 0.3624379634857178, 0.3756835460662842, 0.40779805183410645]], "lowlevel.dissonance.mean": [0.6876790523529053], "lowlevel.hfc.mean": [0.4651780426502228], "lowlevel.mfcc.mean": [[0.5172890424728394, 0.6136614084243774, 0.4629440903663635, 0.5770867466926575, 0.5340322852134705, 0.6746329069137573, 0.6021115183830261, 0.5872685313224792, 0.6742761731147766, 0.6303895711898804, 0.6304374933242798, 0.61243736743927, 0.6407167911529541]], "sfx.logattacktime.mean": [1.0625057220458984], "sfx.inharmonicity.mean": [0.37310731410980225]}