{"lowlevel.spectral_centroid.mean": [0.4590455889701843], "lowlevel.spectral_contrast.mean": [[0.4284837245941162, 1.1379902362823486, 0.5869170427322388, 1.7955968379974365, 1.5034098625183105, 0.8110721111297607]], "lowlevel.dissonance.mean": [0.44452929496765137], "lowlevel.hfc.mean": [0.5381404161453247], "lowlevel.mfcc.mean": [[0.7313840389251709, 0.35049036145210266, -0.08905592560768127, 0.44521185755729675, 0.30977073311805725, 0.32654857635498047, 0.44857388734817505, 0.7949538230895996, 0.3696720600128174, 0.5007953643798828, 1.4947376251220703, 1.3666962385177612, 0.7184234857559204]], "sfx.logattacktime.mean": [0.506676435470581], "sfx.inharmonicity.mean": [0.4055435061454773]}