{"lowlevel.spectral_centroid.mean": [0.32641398906707764], "lowlevel.spectral_contrast.mean": [[0.6248442530632019, 0.6818915605545044, 0.6243540048599243, 0.5585010051727295, 0.4739506244659424, 0.33440637588500977]], "lowlevel.dissonance.mean": [0.3461573123931885], "lowlevel.hfc.mean": [0.465690016746521], "lowlevel.mfcc.mean": [[0.3828679323196411, 0.8257738351821899, 0.793512225151062, 0.5017163753509521, 0.49927979707717896, 0.23076975345611572, 0.11278343200683594, 0.10992485284805298, 0.1735152304172516, 0.3629043996334076, 0.3572346568107605, 0.20972830057144165, 0.276073694229126]], "sfx.logattacktime.mean": [0.48324817419052124], "sfx.inharmonicity.mean": [0.2380373477935791]}