{"lowlevel.spectral_centroid.mean": [0.3640903830528259], "lowlevel.spectral_contrast.mean": [[0.43324196338653564, 0.6884106397628784, 0.6457469463348389, 0.8730261325836182, 0.8059325218200684, 0.3591024875640869]], "lowlevel.dissonance.mean": [0.3959779739379883], "lowlevel.hfc.mean": [0.4736235439777374], "lowlevel.mfcc.mean": [[0.2967088222503662, 0.7637573480606079, 0.3900173306465149, 0.4580255150794983, 0.6681427359580994, 0.37922903895378113, 0.02408576011657715, 0.045408934354782104, 0.2444303035736084, 0.5435889959335327, 0.6648309230804443, 0.7518763542175293, 0.670141339302063]], "sfx.logattacktime.mean": [0.2655603289604187], "sfx.inharmonicity.mean": [0.5985202193260193]}